[30Sep2026 19:51:01.992] [main/INFO] [cpw.mods.modlauncher.Launcher/MODLAUNCHER]: ModLauncher running: args [--launchTarget, forgeserver, --fml.forgeVersion, 47.4.10, --fml.mcVersion, 1.20.1, --fml.forgeGroup, net.minecraftforge, --fml.mcpVersion, 20230612.114412, nogui]
[30Sep2026 19:51:01.995] [main/INFO] [cpw.mods.modlauncher.Launcher/MODLAUNCHER]: ModLauncher 10.0.9+10.0.9+main.dcd20f30 starting: java version 17.0.20.1 by Ubuntu; OS Linux arch amd64 version 7.0.0-34-generic
[30Sep2026 19:51:02.012] [main/DEBUG] [cpw.mods.modlauncher.LaunchServiceHandler/MODLAUNCHER]: Found launch services [fmlclientdev,forgeclient,minecraft,forgegametestserverdev,fmlserveruserdev,fmlclient,fmldatauserdev,forgeserverdev,forgeserveruserdev,forgeclientdev,forgeclientuserdev,forgeserver,forgedatadev,fmlserver,fmlclientuserdev,fmlserverdev,forgedatauserdev,testharness,forgegametestserveruserdev]
[30Sep2026 19:51:02.021] [main/DEBUG] [cpw.mods.modlauncher.NameMappingServiceHandler/MODLAUNCHER]: Found naming services : [srgtomcp]
[30Sep2026 19:51:02.032] [main/DEBUG] [cpw.mods.modlauncher.LaunchPluginHandler/MODLAUNCHER]: Found launch plugins: [mixin,eventbus,slf4jfixer,object_holder_definalize,runtime_enum_extender,capability_token_subclass,accesstransformer,runtimedistcleaner]
[30Sep2026 19:51:02.039] [main/DEBUG] [cpw.mods.modlauncher.TransformationServicesHandler/MODLAUNCHER]: Discovering transformation services
[30Sep2026 19:51:02.044] [main/DEBUG] [net.minecraftforge.fml.loading.FMLPaths/CORE]: Path GAMEDIR is /opt/minecraft/sa
[30Sep2026 19:51:02.044] [main/DEBUG] [net.minecraftforge.fml.loading.FMLPaths/CORE]: Path MODSDIR is /opt/minecraft/sa/mods
[30Sep2026 19:51:02.044] [main/DEBUG] [net.minecraftforge.fml.loading.FMLPaths/CORE]: Path CONFIGDIR is /opt/minecraft/sa/config
[30Sep2026 19:51:02.044] [main/DEBUG] [net.minecraftforge.fml.loading.FMLPaths/CORE]: Path FMLCONFIG is /opt/minecraft/sa/config/fml.toml
[30Sep2026 19:51:02.280] [main/DEBUG] [cpw.mods.modlauncher.TransformationServicesHandler/MODLAUNCHER]: Found additional transformation services from discovery services: 
[30Sep2026 19:51:02.286] [main/INFO] [net.minecraftforge.fml.loading.ImmediateWindowHandler/]: ImmediateWindowProvider not loading because launch target is forgeserver
[30Sep2026 19:51:02.293] [main/DEBUG] [cpw.mods.modlauncher.TransformationServicesHandler/MODLAUNCHER]: Found transformer services : [mixin,fml]
[30Sep2026 19:51:02.293] [main/DEBUG] [cpw.mods.modlauncher.TransformationServicesHandler/MODLAUNCHER]: Transformation services loading
[30Sep2026 19:51:02.293] [main/DEBUG] [cpw.mods.modlauncher.TransformationServiceDecorator/MODLAUNCHER]: Loading service mixin
[30Sep2026 19:51:02.294] [main/DEBUG] [cpw.mods.modlauncher.TransformationServiceDecorator/MODLAUNCHER]: Loaded service mixin
[30Sep2026 19:51:02.294] [main/DEBUG] [cpw.mods.modlauncher.TransformationServiceDecorator/MODLAUNCHER]: Loading service fml
[30Sep2026 19:51:02.295] [main/DEBUG] [net.minecraftforge.fml.loading.LauncherVersion/CORE]: Found FMLLauncher version 1.0
[30Sep2026 19:51:02.295] [main/DEBUG] [net.minecraftforge.fml.loading.FMLLoader/CORE]: FML 1.0 loading
[30Sep2026 19:51:02.295] [main/DEBUG] [net.minecraftforge.fml.loading.FMLLoader/CORE]: FML found ModLauncher version : 10.0.9+10.0.9+main.dcd20f30
[30Sep2026 19:51:02.295] [main/DEBUG] [net.minecraftforge.fml.loading.FMLLoader/CORE]: Requesting CoreMods to not apply the fix for ASMAPI.findFirstInstructionBefore by default
[30Sep2026 19:51:02.295] [main/DEBUG] [net.minecraftforge.fml.loading.FMLLoader/CORE]: FML found AccessTransformer version : 8.0.4+66+master.c09db6d7
[30Sep2026 19:51:02.296] [main/DEBUG] [net.minecraftforge.fml.loading.FMLLoader/CORE]: FML found EventBus version : 6.0.5+6.0.5+master.eb8e549b
[30Sep2026 19:51:02.296] [main/DEBUG] [net.minecraftforge.fml.loading.FMLLoader/CORE]: Found Runtime Dist Cleaner
[30Sep2026 19:51:02.297] [main/DEBUG] [net.minecraftforge.coremod.CoreModEngine/]: CoreMods will preserve legacy behavior of ASMAPI.findFirstInstructionBefore for backwards-compatibility
[30Sep2026 19:51:02.297] [main/DEBUG] [net.minecraftforge.fml.loading.FMLLoader/CORE]: FML found CoreMod version : 5.2.4
[30Sep2026 19:51:02.298] [main/DEBUG] [net.minecraftforge.fml.loading.FMLLoader/CORE]: Found ForgeSPI package implementation version 7.0.1+7.0.1+master.d2b38bf6
[30Sep2026 19:51:02.298] [main/DEBUG] [net.minecraftforge.fml.loading.FMLLoader/CORE]: Found ForgeSPI package specification 5
[30Sep2026 19:51:02.298] [main/DEBUG] [cpw.mods.modlauncher.TransformationServiceDecorator/MODLAUNCHER]: Loaded service fml
[30Sep2026 19:51:02.299] [main/DEBUG] [cpw.mods.modlauncher.TransformationServicesHandler/MODLAUNCHER]: Configuring option handling for services
[30Sep2026 19:51:02.304] [main/DEBUG] [cpw.mods.modlauncher.TransformationServicesHandler/MODLAUNCHER]: Transformation services initializing
[30Sep2026 19:51:02.304] [main/DEBUG] [cpw.mods.modlauncher.TransformationServiceDecorator/MODLAUNCHER]: Initializing transformation service mixin
[30Sep2026 19:51:02.313] [main/DEBUG] [mixin/]: MixinService [ModLauncher] was successfully booted in cpw.mods.cl.ModuleClassLoader@77ec78b9
[30Sep2026 19:51:02.324] [main/INFO] [mixin/]: SpongePowered MIXIN Subsystem Version=0.8.5 Source=union:/opt/minecraft/sa/libraries/org/spongepowered/mixin/0.8.5/mixin-0.8.5.jar%2365!/ Service=ModLauncher Env=SERVER
[30Sep2026 19:51:02.327] [main/DEBUG] [mixin/]: Initialising Mixin Platform Manager
[30Sep2026 19:51:02.327] [main/DEBUG] [mixin/]: Adding mixin platform agents for container ModLauncher Root Container(ModLauncher:4f56a0a2)
[30Sep2026 19:51:02.328] [main/DEBUG] [mixin/]: Instancing new MixinPlatformAgentMinecraftForge for ModLauncher Root Container(ModLauncher:4f56a0a2)
[30Sep2026 19:51:02.328] [main/DEBUG] [mixin/]: MixinPlatformAgentMinecraftForge rejected container ModLauncher Root Container(ModLauncher:4f56a0a2)
[30Sep2026 19:51:02.329] [main/DEBUG] [mixin/]: Instancing new MixinPlatformAgentDefault for ModLauncher Root Container(ModLauncher:4f56a0a2)
[30Sep2026 19:51:02.329] [main/DEBUG] [mixin/]: MixinPlatformAgentDefault accepted container ModLauncher Root Container(ModLauncher:4f56a0a2)
[30Sep2026 19:51:02.331] [main/DEBUG] [cpw.mods.modlauncher.TransformationServiceDecorator/MODLAUNCHER]: Initialized transformation service mixin
[30Sep2026 19:51:02.331] [main/DEBUG] [cpw.mods.modlauncher.TransformationServiceDecorator/MODLAUNCHER]: Initializing transformation service fml
[30Sep2026 19:51:02.331] [main/DEBUG] [net.minecraftforge.fml.loading.FMLServiceProvider/CORE]: Setting up basic FML game directories
[30Sep2026 19:51:02.331] [main/DEBUG] [net.minecraftforge.fml.loading.FMLPaths/CORE]: Path GAMEDIR is /opt/minecraft/sa
[30Sep2026 19:51:02.331] [main/DEBUG] [net.minecraftforge.fml.loading.FMLPaths/CORE]: Path MODSDIR is /opt/minecraft/sa/mods
[30Sep2026 19:51:02.331] [main/DEBUG] [net.minecraftforge.fml.loading.FMLPaths/CORE]: Path CONFIGDIR is /opt/minecraft/sa/config
[30Sep2026 19:51:02.332] [main/DEBUG] [net.minecraftforge.fml.loading.FMLPaths/CORE]: Path FMLCONFIG is /opt/minecraft/sa/config/fml.toml
[30Sep2026 19:51:02.332] [main/DEBUG] [net.minecraftforge.fml.loading.FMLServiceProvider/CORE]: Loading configuration
[30Sep2026 19:51:02.334] [main/DEBUG] [net.minecraftforge.fml.loading.FMLServiceProvider/CORE]: Preparing ModFile
[30Sep2026 19:51:02.338] [main/DEBUG] [net.minecraftforge.fml.loading.FMLServiceProvider/CORE]: Preparing launch handler
[30Sep2026 19:51:02.339] [main/DEBUG] [net.minecraftforge.fml.loading.FMLLoader/CORE]: Using forgeserver as launch service
[30Sep2026 19:51:02.348] [main/DEBUG] [net.minecraftforge.fml.loading.FMLLoader/CORE]: Received command line version data  : VersionInfo[forgeVersion=47.4.10, mcVersion=1.20.1, mcpVersion=20230612.114412, forgeGroup=net.minecraftforge]
[30Sep2026 19:51:02.349] [main/DEBUG] [cpw.mods.modlauncher.TransformationServiceDecorator/MODLAUNCHER]: Initialized transformation service fml
[30Sep2026 19:51:02.350] [main/DEBUG] [cpw.mods.modlauncher.NameMappingServiceHandler/MODLAUNCHER]: Current naming domain is 'srg'
[30Sep2026 19:51:02.350] [main/DEBUG] [cpw.mods.modlauncher.NameMappingServiceHandler/MODLAUNCHER]: Identified name mapping providers {}
[30Sep2026 19:51:02.350] [main/DEBUG] [cpw.mods.modlauncher.TransformationServicesHandler/MODLAUNCHER]: Transformation services begin scanning
[30Sep2026 19:51:02.351] [main/DEBUG] [cpw.mods.modlauncher.TransformationServiceDecorator/MODLAUNCHER]: Beginning scan trigger - transformation service mixin
[30Sep2026 19:51:02.351] [main/DEBUG] [cpw.mods.modlauncher.TransformationServiceDecorator/MODLAUNCHER]: End scan trigger - transformation service mixin
[30Sep2026 19:51:02.351] [main/DEBUG] [cpw.mods.modlauncher.TransformationServiceDecorator/MODLAUNCHER]: Beginning scan trigger - transformation service fml
[30Sep2026 19:51:02.351] [main/DEBUG] [net.minecraftforge.fml.loading.FMLServiceProvider/CORE]: Initiating mod scan
[30Sep2026 19:51:02.359] [main/DEBUG] [net.minecraftforge.fml.loading.moddiscovery.ModListHandler/CORE]: Found mod coordinates from lists: []
[30Sep2026 19:51:02.361] [main/DEBUG] [net.minecraftforge.fml.loading.moddiscovery.ModDiscoverer/CORE]: Found Mod Locators : (mods folder:null),(maven libs:null),(exploded directory:null),(minecraft:null),(userdev classpath:null)
[30Sep2026 19:51:02.362] [main/DEBUG] [net.minecraftforge.fml.loading.moddiscovery.ModDiscoverer/CORE]: Found Dependency Locators : (JarInJar:null)
[30Sep2026 19:51:02.371] [main/DEBUG] [net.minecraftforge.fml.loading.moddiscovery.ModFileParser/LOADING]: Considering mod file candidate /opt/minecraft/sa/mods/alexscaves-2.0.2.jar
[30Sep2026 19:51:02.403] [main/DEBUG] [net.minecraftforge.fml.loading.moddiscovery.ModFileInfo/LOADING]: Found valid mod file alexscaves-2.0.2.jar with {alexscaves} mods - versions {2.0.2}
[30Sep2026 19:51:02.404] [main/DEBUG] [net.minecraftforge.fml.loading.moddiscovery.ModFileParser/LOADING]: Considering mod file candidate /opt/minecraft/sa/mods/ApothicAttributes-1.20.1-1.3.7.jar
[30Sep2026 19:51:02.406] [main/DEBUG] [net.minecraftforge.fml.loading.moddiscovery.ModFileInfo/LOADING]: Found valid mod file ApothicAttributes-1.20.1-1.3.7.jar with {attributeslib} mods - versions {1.3.7}
[30Sep2026 19:51:02.407] [main/DEBUG] [net.minecraftforge.fml.loading.moddiscovery.ModFileParser/LOADING]: Considering mod file candidate /opt/minecraft/sa/mods/cataclysm_traveloptics_compat_fix-1.4.jar.jar
[30Sep2026 19:51:02.409] [main/DEBUG] [net.minecraftforge.fml.loading.moddiscovery.ModFileInfo/LOADING]: Found valid mod file cataclysm_traveloptics_compat_fix-1.4.jar.jar with {cataclysm_magic_compat} mods - versions {1.0.0-r38}
[30Sep2026 19:51:02.411] [main/DEBUG] [net.minecraftforge.fml.loading.moddiscovery.ModFileParser/LOADING]: Considering mod file candidate /opt/minecraft/sa/mods/citadel-2.6.3-1.20.1.jar
[30Sep2026 19:51:02.412] [main/DEBUG] [net.minecraftforge.fml.loading.moddiscovery.ModFileInfo/LOADING]: Found valid mod file citadel-2.6.3-1.20.1.jar with {citadel} mods - versions {2.6.3}
[30Sep2026 19:51:02.413] [main/DEBUG] [net.minecraftforge.fml.loading.moddiscovery.ModFileParser/LOADING]: Considering mod file candidate /opt/minecraft/sa/mods/curios-forge-5.14.1+1.20.1.jar
[30Sep2026 19:51:02.416] [main/DEBUG] [net.minecraftforge.fml.loading.moddiscovery.ModFileInfo/LOADING]: Found valid mod file curios-forge-5.14.1+1.20.1.jar with {curios} mods - versions {5.14.1+1.20.1}
[30Sep2026 19:51:02.417] [main/DEBUG] [net.minecraftforge.fml.loading.moddiscovery.ModFileParser/LOADING]: Considering mod file candidate /opt/minecraft/sa/mods/DungeonsArise-1.20.x-2.1.58-release.jar
[30Sep2026 19:51:02.418] [main/DEBUG] [net.minecraftforge.fml.loading.moddiscovery.ModFileInfo/LOADING]: Found valid mod file DungeonsArise-1.20.x-2.1.58-release.jar with {dungeons_arise} mods - versions {2.1.58-1.20.x}
[30Sep2026 19:51:02.420] [main/DEBUG] [net.minecraftforge.fml.loading.moddiscovery.ModFileParser/LOADING]: Considering mod file candidate /opt/minecraft/sa/mods/epic-fight-20.14.17-mc1.20.1-forge.jar
[30Sep2026 19:51:02.421] [main/DEBUG] [net.minecraftforge.fml.loading.moddiscovery.ModFileInfo/LOADING]: Found valid mod file epic-fight-20.14.17-mc1.20.1-forge.jar with {epicfight} mods - versions {20.14.17}
[30Sep2026 19:51:02.422] [main/DEBUG] [net.minecraftforge.fml.loading.moddiscovery.ModFileParser/LOADING]: Considering mod file candidate /opt/minecraft/sa/mods/epic-fight-invincible-lib-20.14.8.2-mc1.20.1-forge.jar
[30Sep2026 19:51:02.423] [main/DEBUG] [net.minecraftforge.fml.loading.moddiscovery.ModFileInfo/LOADING]: Found valid mod file epic-fight-invincible-lib-20.14.8.2-mc1.20.1-forge.jar with {invincible} mods - versions {20.14.8.2}
[30Sep2026 19:51:02.425] [main/DEBUG] [net.minecraftforge.fml.loading.moddiscovery.ModFileParser/LOADING]: Considering mod file candidate /opt/minecraft/sa/mods/EpicFight-Resurrection-forge1.20.1-0.20.12.2.jar
[30Sep2026 19:51:02.426] [main/DEBUG] [net.minecraftforge.fml.loading.moddiscovery.ModFileInfo/LOADING]: Found valid mod file EpicFight-Resurrection-forge1.20.1-0.20.12.2.jar with {cdmoveset} mods - versions {2.0}
[30Sep2026 19:51:02.426] [main/DEBUG] [net.minecraftforge.fml.loading.moddiscovery.ModFileParser/LOADING]: Considering mod file candidate /opt/minecraft/sa/mods/geckolib-forge-1.20.1-4.8.4.jar
[30Sep2026 19:51:02.427] [main/DEBUG] [net.minecraftforge.fml.loading.moddiscovery.ModFileInfo/LOADING]: Found valid mod file geckolib-forge-1.20.1-4.8.4.jar with {geckolib} mods - versions {4.8.4}
[30Sep2026 19:51:02.427] [main/DEBUG] [net.minecraftforge.fml.loading.moddiscovery.ModFileParser/LOADING]: Considering mod file candidate /opt/minecraft/sa/mods/irons_lib-1.20.1-2.2.0.jar
[30Sep2026 19:51:02.428] [main/DEBUG] [net.minecraftforge.fml.loading.moddiscovery.ModFileInfo/LOADING]: Found valid mod file irons_lib-1.20.1-2.2.0.jar with {irons_lib} mods - versions {1.20.1-2.2.0}
[30Sep2026 19:51:02.431] [main/DEBUG] [net.minecraftforge.fml.loading.moddiscovery.ModFileParser/LOADING]: Considering mod file candidate /opt/minecraft/sa/mods/irons_spellbooks-1.20.1-3.16.3.jar
[30Sep2026 19:51:02.433] [main/DEBUG] [net.minecraftforge.fml.loading.moddiscovery.ModFileInfo/LOADING]: Found valid mod file irons_spellbooks-1.20.1-3.16.3.jar with {irons_spellbooks} mods - versions {1.20.1-3.16.3}
[30Sep2026 19:51:02.436] [main/DEBUG] [net.minecraftforge.fml.loading.moddiscovery.ModFileParser/LOADING]: Considering mod file candidate /opt/minecraft/sa/mods/L_Enders_Cataclysm-3.31.jar
[30Sep2026 19:51:02.437] [main/DEBUG] [net.minecraftforge.fml.loading.moddiscovery.ModFileInfo/LOADING]: Found valid mod file L_Enders_Cataclysm-3.31.jar with {cataclysm} mods - versions {3.31}
[30Sep2026 19:51:02.438] [main/DEBUG] [net.minecraftforge.fml.loading.moddiscovery.ModFileParser/LOADING]: Considering mod file candidate /opt/minecraft/sa/mods/lionfishapi-3.0.jar
[30Sep2026 19:51:02.439] [main/DEBUG] [net.minecraftforge.fml.loading.moddiscovery.ModFileInfo/LOADING]: Found valid mod file lionfishapi-3.0.jar with {lionfishapi} mods - versions {3.0}
[30Sep2026 19:51:02.440] [main/DEBUG] [net.minecraftforge.fml.loading.moddiscovery.ModFileParser/LOADING]: Considering mod file candidate /opt/minecraft/sa/mods/packetfixer-3.3.2-1.18-1.20.4-merged.jar
[30Sep2026 19:51:02.440] [main/DEBUG] [net.minecraftforge.fml.loading.moddiscovery.ModFileInfo/LOADING]: Found valid mod file packetfixer-3.3.2-1.18-1.20.4-merged.jar with {packetfixer} mods - versions {3.3.2}
[30Sep2026 19:51:02.441] [main/DEBUG] [net.minecraftforge.fml.loading.moddiscovery.ModFileParser/LOADING]: Considering mod file candidate /opt/minecraft/sa/mods/Placebo-1.20.1-8.6.3.jar
[30Sep2026 19:51:02.442] [main/DEBUG] [net.minecraftforge.fml.loading.moddiscovery.ModFileInfo/LOADING]: Found valid mod file Placebo-1.20.1-8.6.3.jar with {placebo} mods - versions {8.6.3}
[30Sep2026 19:51:02.442] [main/DEBUG] [net.minecraftforge.fml.loading.moddiscovery.ModFileParser/LOADING]: Considering mod file candidate /opt/minecraft/sa/mods/player-animation-lib-forge-1.0.2-rc1+1.20.jar
[30Sep2026 19:51:02.443] [main/DEBUG] [net.minecraftforge.fml.loading.moddiscovery.ModFileInfo/LOADING]: Found valid mod file player-animation-lib-forge-1.0.2-rc1+1.20.jar with {playeranimator} mods - versions {1.0.2-rc1+1.20}
[30Sep2026 19:51:02.444] [main/DEBUG] [net.minecraftforge.fml.loading.moddiscovery.ModFileParser/LOADING]: Considering mod file candidate /opt/minecraft/sa/mods/pointblank-forge-1.20.1-2.2.0.jar
[30Sep2026 19:51:02.445] [main/DEBUG] [net.minecraftforge.fml.loading.moddiscovery.ModFileInfo/LOADING]: Found valid mod file pointblank-forge-1.20.1-2.2.0.jar with {pointblank} mods - versions {2.2.0}
[30Sep2026 19:51:02.446] [main/DEBUG] [net.minecraftforge.fml.loading.moddiscovery.ModFileParser/LOADING]: Considering mod file candidate /opt/minecraft/sa/mods/ricks_stuff-0.0.4.3.jar
[30Sep2026 19:51:02.447] [main/DEBUG] [net.minecraftforge.fml.loading.moddiscovery.ModFileInfo/LOADING]: Found valid mod file ricks_stuff-0.0.4.3.jar with {ricks_stuff} mods - versions {0.0.4.3}
[30Sep2026 19:51:02.449] [main/DEBUG] [net.minecraftforge.fml.loading.moddiscovery.ModFileParser/LOADING]: Considering mod file candidate /opt/minecraft/sa/mods/saintsdragons-0.9.85+forge-1.20.1.jar
[30Sep2026 19:51:02.450] [main/DEBUG] [net.minecraftforge.fml.loading.moddiscovery.ModFileInfo/LOADING]: Found valid mod file saintsdragons-0.9.85+forge-1.20.1.jar with {saintsdragons} mods - versions {0.9.85}
[30Sep2026 19:51:02.452] [main/DEBUG] [net.minecraftforge.fml.loading.moddiscovery.ModFileParser/LOADING]: Considering mod file candidate /opt/minecraft/sa/mods/traveloptics-6.3.0-1.20.1.jar
[30Sep2026 19:51:02.453] [main/DEBUG] [net.minecraftforge.fml.loading.moddiscovery.ModFileInfo/LOADING]: Found valid mod file traveloptics-6.3.0-1.20.1.jar with {traveloptics} mods - versions {6.3.0-1.20.1}
[30Sep2026 19:51:02.455] [main/DEBUG] [net.minecraftforge.fml.loading.moddiscovery.ModFileParser/LOADING]: Considering mod file candidate /opt/minecraft/sa/mods/WeaponsOfMiracles-2.0.171-mc1.20.1-forge.jar
[30Sep2026 19:51:02.457] [main/DEBUG] [net.minecraftforge.fml.loading.moddiscovery.ModFileInfo/LOADING]: Found valid mod file WeaponsOfMiracles-2.0.171-mc1.20.1-forge.jar with {wom} mods - versions {2.0.171}
[30Sep2026 19:51:02.457] [main/DEBUG] [net.minecraftforge.fml.loading.moddiscovery.ModFileParser/LOADING]: Considering mod file candidate /opt/minecraft/sa/mods/wo_traveloptics-1.3.1-forge-1.20.1.jar
[30Sep2026 19:51:02.458] [main/DEBUG] [net.minecraftforge.fml.loading.moddiscovery.ModFileInfo/LOADING]: Found valid mod file wo_traveloptics-1.3.1-forge-1.20.1.jar with {wo_traveloptics} mods - versions {1.3.1}
[30Sep2026 19:51:02.555] [main/DEBUG] [net.minecraftforge.fml.loading.moddiscovery.ModFileInfo/LOADING]: Found valid mod file server-1.20.1-20230612.114412-srg.jar with {minecraft} mods - versions {1.20.1}
[30Sep2026 19:51:02.557] [main/DEBUG] [net.minecraftforge.fml.loading.moddiscovery.ModFileParser/LOADING]: Considering mod file candidate /opt/minecraft/sa/libraries/net/minecraftforge/fmlcore/1.20.1-47.4.10/fmlcore-1.20.1-47.4.10.jar
[30Sep2026 19:51:02.557] [main/WARN] [net.minecraftforge.fml.loading.moddiscovery.ModFileParser/LOADING]: Mod file /opt/minecraft/sa/libraries/net/minecraftforge/fmlcore/1.20.1-47.4.10/fmlcore-1.20.1-47.4.10.jar is missing mods.toml file
[30Sep2026 19:51:02.558] [main/DEBUG] [net.minecraftforge.fml.loading.moddiscovery.ModFileParser/LOADING]: Considering mod file candidate /opt/minecraft/sa/libraries/net/minecraftforge/javafmllanguage/1.20.1-47.4.10/javafmllanguage-1.20.1-47.4.10.jar
[30Sep2026 19:51:02.558] [main/WARN] [net.minecraftforge.fml.loading.moddiscovery.ModFileParser/LOADING]: Mod file /opt/minecraft/sa/libraries/net/minecraftforge/javafmllanguage/1.20.1-47.4.10/javafmllanguage-1.20.1-47.4.10.jar is missing mods.toml file
[30Sep2026 19:51:02.559] [main/DEBUG] [net.minecraftforge.fml.loading.moddiscovery.ModFileParser/LOADING]: Considering mod file candidate /opt/minecraft/sa/libraries/net/minecraftforge/lowcodelanguage/1.20.1-47.4.10/lowcodelanguage-1.20.1-47.4.10.jar
[30Sep2026 19:51:02.559] [main/WARN] [net.minecraftforge.fml.loading.moddiscovery.ModFileParser/LOADING]: Mod file /opt/minecraft/sa/libraries/net/minecraftforge/lowcodelanguage/1.20.1-47.4.10/lowcodelanguage-1.20.1-47.4.10.jar is missing mods.toml file
[30Sep2026 19:51:02.560] [main/DEBUG] [net.minecraftforge.fml.loading.moddiscovery.ModFileParser/LOADING]: Considering mod file candidate /opt/minecraft/sa/libraries/net/minecraftforge/mclanguage/1.20.1-47.4.10/mclanguage-1.20.1-47.4.10.jar
[30Sep2026 19:51:02.560] [main/WARN] [net.minecraftforge.fml.loading.moddiscovery.ModFileParser/LOADING]: Mod file /opt/minecraft/sa/libraries/net/minecraftforge/mclanguage/1.20.1-47.4.10/mclanguage-1.20.1-47.4.10.jar is missing mods.toml file
[30Sep2026 19:51:02.588] [main/DEBUG] [net.minecraftforge.fml.loading.moddiscovery.ModFileParser/LOADING]: Considering mod file candidate /opt/minecraft/sa/libraries/net/minecraftforge/forge/1.20.1-47.4.10/forge-1.20.1-47.4.10-universal.jar
[30Sep2026 19:51:02.589] [main/DEBUG] [net.minecraftforge.fml.loading.moddiscovery.ModFileInfo/LOADING]: Found valid mod file forge-1.20.1-47.4.10-universal.jar with {forge} mods - versions {47.4.10}
[30Sep2026 19:51:02.598] [main/DEBUG] [net.minecraftforge.fml.loading.moddiscovery.AbstractJarFileDependencyLocator/]: Failed to load resource META-INF/jarjar/metadata.json from server-1.20.1-20230612.114412-srg.jar, it does not contain dependency information.
[30Sep2026 19:51:02.599] [main/DEBUG] [net.minecraftforge.fml.loading.moddiscovery.AbstractJarFileDependencyLocator/]: Failed to load resource META-INF/jarjar/metadata.json from irons_spellbooks-1.20.1-3.16.3.jar, it does not contain dependency information.
[30Sep2026 19:51:02.599] [main/DEBUG] [net.minecraftforge.fml.loading.moddiscovery.AbstractJarFileDependencyLocator/]: Failed to load resource META-INF/jarjar/metadata.json from ApothicAttributes-1.20.1-1.3.7.jar, it does not contain dependency information.
[30Sep2026 19:51:02.599] [main/DEBUG] [net.minecraftforge.fml.loading.moddiscovery.AbstractJarFileDependencyLocator/]: Failed to load resource META-INF/jarjar/metadata.json from saintsdragons-0.9.85+forge-1.20.1.jar, it does not contain dependency information.
[30Sep2026 19:51:02.599] [main/DEBUG] [net.minecraftforge.fml.loading.moddiscovery.AbstractJarFileDependencyLocator/]: Failed to load resource META-INF/jarjar/metadata.json from alexscaves-2.0.2.jar, it does not contain dependency information.
[30Sep2026 19:51:02.599] [main/DEBUG] [net.minecraftforge.fml.loading.moddiscovery.AbstractJarFileDependencyLocator/]: Failed to load resource META-INF/jarjar/metadata.json from pointblank-forge-1.20.1-2.2.0.jar, it does not contain dependency information.
[30Sep2026 19:51:02.599] [main/DEBUG] [net.minecraftforge.fml.loading.moddiscovery.AbstractJarFileDependencyLocator/]: Failed to load resource META-INF/jarjar/metadata.json from epic-fight-invincible-lib-20.14.8.2-mc1.20.1-forge.jar, it does not contain dependency information.
[30Sep2026 19:51:02.599] [main/DEBUG] [net.minecraftforge.fml.loading.moddiscovery.AbstractJarFileDependencyLocator/]: Failed to load resource META-INF/jarjar/metadata.json from wo_traveloptics-1.3.1-forge-1.20.1.jar, it does not contain dependency information.
[30Sep2026 19:51:02.599] [main/DEBUG] [net.minecraftforge.fml.loading.moddiscovery.AbstractJarFileDependencyLocator/]: Failed to load resource META-INF/jarjar/metadata.json from player-animation-lib-forge-1.0.2-rc1+1.20.jar, it does not contain dependency information.
[30Sep2026 19:51:02.599] [main/DEBUG] [net.minecraftforge.fml.loading.moddiscovery.AbstractJarFileDependencyLocator/]: Failed to load resource META-INF/jarjar/metadata.json from irons_lib-1.20.1-2.2.0.jar, it does not contain dependency information.
[30Sep2026 19:51:02.599] [main/DEBUG] [net.minecraftforge.fml.loading.moddiscovery.AbstractJarFileDependencyLocator/]: Failed to load resource META-INF/jarjar/metadata.json from lionfishapi-3.0.jar, it does not contain dependency information.
[30Sep2026 19:51:02.599] [main/DEBUG] [net.minecraftforge.fml.loading.moddiscovery.AbstractJarFileDependencyLocator/]: Failed to load resource META-INF/jarjar/metadata.json from WeaponsOfMiracles-2.0.171-mc1.20.1-forge.jar, it does not contain dependency information.
[30Sep2026 19:51:02.599] [main/DEBUG] [net.minecraftforge.fml.loading.moddiscovery.AbstractJarFileDependencyLocator/]: Failed to load resource META-INF/jarjar/metadata.json from forge-1.20.1-47.4.10-universal.jar, it does not contain dependency information.
[30Sep2026 19:51:02.599] [main/DEBUG] [net.minecraftforge.fml.loading.moddiscovery.AbstractJarFileDependencyLocator/]: Failed to load resource META-INF/jarjar/metadata.json from ricks_stuff-0.0.4.3.jar, it does not contain dependency information.
[30Sep2026 19:51:02.599] [main/DEBUG] [net.minecraftforge.fml.loading.moddiscovery.AbstractJarFileDependencyLocator/]: Failed to load resource META-INF/jarjar/metadata.json from cataclysm_traveloptics_compat_fix-1.4.jar.jar, it does not contain dependency information.
[30Sep2026 19:51:02.599] [main/DEBUG] [net.minecraftforge.fml.loading.moddiscovery.AbstractJarFileDependencyLocator/]: Failed to load resource META-INF/jarjar/metadata.json from traveloptics-6.3.0-1.20.1.jar, it does not contain dependency information.
[30Sep2026 19:51:02.600] [main/DEBUG] [net.minecraftforge.fml.loading.moddiscovery.AbstractJarFileDependencyLocator/]: Failed to load resource META-INF/jarjar/metadata.json from packetfixer-3.3.2-1.18-1.20.4-merged.jar, it does not contain dependency information.
[30Sep2026 19:51:02.600] [main/DEBUG] [net.minecraftforge.fml.loading.moddiscovery.AbstractJarFileDependencyLocator/]: Failed to load resource META-INF/jarjar/metadata.json from curios-forge-5.14.1+1.20.1.jar, it does not contain dependency information.
[30Sep2026 19:51:02.600] [main/DEBUG] [net.minecraftforge.fml.loading.moddiscovery.AbstractJarFileDependencyLocator/]: Failed to load resource META-INF/jarjar/metadata.json from epic-fight-20.14.17-mc1.20.1-forge.jar, it does not contain dependency information.
[30Sep2026 19:51:02.600] [main/DEBUG] [net.minecraftforge.fml.loading.moddiscovery.AbstractJarFileDependencyLocator/]: Failed to load resource META-INF/jarjar/metadata.json from EpicFight-Resurrection-forge1.20.1-0.20.12.2.jar, it does not contain dependency information.
[30Sep2026 19:51:02.600] [main/DEBUG] [net.minecraftforge.fml.loading.moddiscovery.AbstractJarFileDependencyLocator/]: Failed to load resource META-INF/jarjar/metadata.json from Placebo-1.20.1-8.6.3.jar, it does not contain dependency information.
[30Sep2026 19:51:02.600] [main/DEBUG] [net.minecraftforge.fml.loading.moddiscovery.AbstractJarFileDependencyLocator/]: Failed to load resource META-INF/jarjar/metadata.json from DungeonsArise-1.20.x-2.1.58-release.jar, it does not contain dependency information.
[30Sep2026 19:51:02.600] [main/DEBUG] [net.minecraftforge.fml.loading.moddiscovery.AbstractJarFileDependencyLocator/]: Failed to load resource META-INF/jarjar/metadata.json from citadel-2.6.3-1.20.1.jar, it does not contain dependency information.
[30Sep2026 19:51:02.600] [main/DEBUG] [net.minecraftforge.fml.loading.moddiscovery.AbstractJarFileDependencyLocator/]: Failed to load resource META-INF/jarjar/metadata.json from mclanguage-1.20.1-47.4.10.jar, it does not contain dependency information.
[30Sep2026 19:51:02.600] [main/DEBUG] [net.minecraftforge.fml.loading.moddiscovery.AbstractJarFileDependencyLocator/]: Failed to load resource META-INF/jarjar/metadata.json from javafmllanguage-1.20.1-47.4.10.jar, it does not contain dependency information.
[30Sep2026 19:51:02.600] [main/DEBUG] [net.minecraftforge.fml.loading.moddiscovery.AbstractJarFileDependencyLocator/]: Failed to load resource META-INF/jarjar/metadata.json from fmlcore-1.20.1-47.4.10.jar, it does not contain dependency information.
[30Sep2026 19:51:02.600] [main/DEBUG] [net.minecraftforge.fml.loading.moddiscovery.AbstractJarFileDependencyLocator/]: Failed to load resource META-INF/jarjar/metadata.json from lowcodelanguage-1.20.1-47.4.10.jar, it does not contain dependency information.
[30Sep2026 19:51:02.656] [main/DEBUG] [net.minecraftforge.fml.loading.moddiscovery.AbstractJarFileDependencyLocator/]: Failed to load resource META-INF/jarjar/metadata.json from mclib-20.jar, it does not contain dependency information.
[30Sep2026 19:51:02.656] [main/DEBUG] [net.minecraftforge.fml.loading.moddiscovery.AbstractJarFileDependencyLocator/]: Failed to load resource META-INF/jarjar/metadata.json from MixinExtras-0.5.3.jar, it does not contain dependency information.
[30Sep2026 19:51:02.694] [main/INFO] [net.minecraftforge.fml.loading.moddiscovery.JarInJarDependencyLocator/]: Found 3 dependencies adding them to mods collection
[30Sep2026 19:51:02.697] [main/DEBUG] [net.minecraftforge.fml.loading.moddiscovery.ModFileInfo/LOADING]: Found valid mod file server-1.20.1-20230612.114412-srg.jar with {minecraft} mods - versions {1.20.1}
[30Sep2026 19:51:02.699] [main/DEBUG] [net.minecraftforge.fml.loading.moddiscovery.ModFile/LOADING]: Loading mod file /opt/minecraft/sa/libraries/net/minecraft/server/1.20.1-20230612.114412/server-1.20.1-20230612.114412-srg.jar with languages [LanguageSpec[languageName=minecraft, acceptedVersions=1]]
[30Sep2026 19:51:02.699] [main/DEBUG] [net.minecraftforge.fml.loading.moddiscovery.ModFileParser/LOADING]: Considering mod file candidate /opt/minecraft/sa/mods/alexscaves-2.0.2.jar
[30Sep2026 19:51:02.700] [main/DEBUG] [net.minecraftforge.fml.loading.moddiscovery.ModFileInfo/LOADING]: Found valid mod file alexscaves-2.0.2.jar with {alexscaves} mods - versions {2.0.2}
[30Sep2026 19:51:02.700] [main/DEBUG] [net.minecraftforge.fml.loading.moddiscovery.ModFile/LOADING]: Loading mod file /opt/minecraft/sa/mods/alexscaves-2.0.2.jar with languages [LanguageSpec[languageName=javafml, acceptedVersions=[46,)]]
[30Sep2026 19:51:02.701] [main/DEBUG] [net.minecraftforge.fml.loading.moddiscovery.ModFileParser/LOADING]: Considering mod file candidate /opt/minecraft/sa/mods/epic-fight-invincible-lib-20.14.8.2-mc1.20.1-forge.jar
[30Sep2026 19:51:02.701] [main/DEBUG] [net.minecraftforge.fml.loading.moddiscovery.ModFileInfo/LOADING]: Found valid mod file epic-fight-invincible-lib-20.14.8.2-mc1.20.1-forge.jar with {invincible} mods - versions {20.14.8.2}
[30Sep2026 19:51:02.701] [main/DEBUG] [net.minecraftforge.fml.loading.moddiscovery.ModFile/LOADING]: Loading mod file /opt/minecraft/sa/mods/epic-fight-invincible-lib-20.14.8.2-mc1.20.1-forge.jar with languages [LanguageSpec[languageName=javafml, acceptedVersions=[47,)]]
[30Sep2026 19:51:02.702] [main/DEBUG] [net.minecraftforge.fml.loading.moddiscovery.ModFileParser/LOADING]: Considering mod file candidate /opt/minecraft/sa/mods/geckolib-forge-1.20.1-4.8.4.jar
[30Sep2026 19:51:02.702] [main/DEBUG] [net.minecraftforge.fml.loading.moddiscovery.ModFileInfo/LOADING]: Found valid mod file geckolib-forge-1.20.1-4.8.4.jar with {geckolib} mods - versions {4.8.4}
[30Sep2026 19:51:02.702] [main/DEBUG] [net.minecraftforge.fml.loading.moddiscovery.ModFile/LOADING]: Loading mod file /opt/minecraft/sa/mods/geckolib-forge-1.20.1-4.8.4.jar with languages [LanguageSpec[languageName=javafml, acceptedVersions=[47,)]]
[30Sep2026 19:51:02.702] [main/DEBUG] [net.minecraftforge.fml.loading.moddiscovery.ModFileParser/LOADING]: Considering mod file candidate /opt/minecraft/sa/mods/player-animation-lib-forge-1.0.2-rc1+1.20.jar
[30Sep2026 19:51:02.703] [main/DEBUG] [net.minecraftforge.fml.loading.moddiscovery.ModFileInfo/LOADING]: Found valid mod file player-animation-lib-forge-1.0.2-rc1+1.20.jar with {playeranimator} mods - versions {1.0.2-rc1+1.20}
[30Sep2026 19:51:02.703] [main/DEBUG] [net.minecraftforge.fml.loading.moddiscovery.ModFile/LOADING]: Loading mod file /opt/minecraft/sa/mods/player-animation-lib-forge-1.0.2-rc1+1.20.jar with languages [LanguageSpec[languageName=javafml, acceptedVersions=[46.0.0,)]]
[30Sep2026 19:51:02.703] [main/DEBUG] [net.minecraftforge.fml.loading.moddiscovery.ModFileParser/LOADING]: Considering mod file candidate /opt/minecraft/sa/mods/irons_lib-1.20.1-2.2.0.jar
[30Sep2026 19:51:02.703] [main/DEBUG] [net.minecraftforge.fml.loading.moddiscovery.ModFileInfo/LOADING]: Found valid mod file irons_lib-1.20.1-2.2.0.jar with {irons_lib} mods - versions {1.20.1-2.2.0}
[30Sep2026 19:51:02.703] [main/DEBUG] [net.minecraftforge.fml.loading.moddiscovery.ModFile/LOADING]: Loading mod file /opt/minecraft/sa/mods/irons_lib-1.20.1-2.2.0.jar with languages [LanguageSpec[languageName=javafml, acceptedVersions=[47,)]]
[30Sep2026 19:51:02.703] [main/DEBUG] [net.minecraftforge.fml.loading.moddiscovery.ModFileParser/LOADING]: Considering mod file candidate /opt/minecraft/sa/mods/lionfishapi-3.0.jar
[30Sep2026 19:51:02.704] [main/DEBUG] [net.minecraftforge.fml.loading.moddiscovery.ModFileInfo/LOADING]: Found valid mod file lionfishapi-3.0.jar with {lionfishapi} mods - versions {3.0}
[30Sep2026 19:51:02.704] [main/DEBUG] [net.minecraftforge.fml.loading.moddiscovery.ModFile/LOADING]: Loading mod file /opt/minecraft/sa/mods/lionfishapi-3.0.jar with languages [LanguageSpec[languageName=javafml, acceptedVersions=[47,)]]
[30Sep2026 19:51:02.704] [main/DEBUG] [net.minecraftforge.fml.loading.moddiscovery.ModFileParser/LOADING]: Considering mod file candidate /opt/minecraft/sa/mods/WeaponsOfMiracles-2.0.171-mc1.20.1-forge.jar
[30Sep2026 19:51:02.704] [main/DEBUG] [net.minecraftforge.fml.loading.moddiscovery.ModFileInfo/LOADING]: Found valid mod file WeaponsOfMiracles-2.0.171-mc1.20.1-forge.jar with {wom} mods - versions {2.0.171}
[30Sep2026 19:51:02.704] [main/DEBUG] [net.minecraftforge.fml.loading.moddiscovery.ModFile/LOADING]: Loading mod file /opt/minecraft/sa/mods/WeaponsOfMiracles-2.0.171-mc1.20.1-forge.jar with languages [LanguageSpec[languageName=javafml, acceptedVersions=[47,)]]
[30Sep2026 19:51:02.704] [main/DEBUG] [net.minecraftforge.fml.loading.moddiscovery.ModFileParser/LOADING]: Considering mod file candidate /opt/minecraft/sa/mods/cataclysm_traveloptics_compat_fix-1.4.jar.jar
[30Sep2026 19:51:02.705] [main/DEBUG] [net.minecraftforge.fml.loading.moddiscovery.ModFileInfo/LOADING]: Found valid mod file cataclysm_traveloptics_compat_fix-1.4.jar.jar with {cataclysm_magic_compat} mods - versions {1.0.0-r38}
[30Sep2026 19:51:02.705] [main/DEBUG] [net.minecraftforge.fml.loading.moddiscovery.ModFile/LOADING]: Loading mod file /opt/minecraft/sa/mods/cataclysm_traveloptics_compat_fix-1.4.jar.jar with languages [LanguageSpec[languageName=javafml, acceptedVersions=[47,)]]
[30Sep2026 19:51:02.708] [main/DEBUG] [net.minecraftforge.fml.loading.moddiscovery.ModFileParser/LOADING]: Found coremod traveloptics_cataclysm_compat with Javascript path coremods/traveloptics_cataclysm_compat.js
[30Sep2026 19:51:02.708] [main/DEBUG] [net.minecraftforge.fml.loading.moddiscovery.ModFileParser/LOADING]: Found coremod somakespells_cataclysm_compat with Javascript path coremods/somakespells_cataclysm_compat.js
[30Sep2026 19:51:02.708] [main/DEBUG] [net.minecraftforge.fml.loading.moddiscovery.ModFileParser/LOADING]: Found coremod legendary_spellbooks_null_owner_compat with Javascript path coremods/legendary_spellbooks_null_owner_compat.js
[30Sep2026 19:51:02.708] [main/DEBUG] [net.minecraftforge.fml.loading.moddiscovery.ModFileParser/LOADING]: Found coremod cataclysm_spellbooks_cataclysm_compat with Javascript path coremods/cataclysm_spellbooks_cataclysm_compat.js
[30Sep2026 19:51:02.708] [main/DEBUG] [net.minecraftforge.fml.loading.moddiscovery.ModFileParser/LOADING]: Found coremod cataclysm_spellbooks_azurelib_compat with Javascript path coremods/cataclysm_spellbooks_azurelib_compat.js
[30Sep2026 19:51:02.708] [main/DEBUG] [net.minecraftforge.fml.loading.moddiscovery.ModFile/LOADING]: Found coremod coremods/traveloptics_cataclysm_compat.js
[30Sep2026 19:51:02.708] [main/DEBUG] [net.minecraftforge.fml.loading.moddiscovery.ModFile/LOADING]: Found coremod coremods/somakespells_cataclysm_compat.js
[30Sep2026 19:51:02.708] [main/DEBUG] [net.minecraftforge.fml.loading.moddiscovery.ModFile/LOADING]: Found coremod coremods/legendary_spellbooks_null_owner_compat.js
[30Sep2026 19:51:02.708] [main/DEBUG] [net.minecraftforge.fml.loading.moddiscovery.ModFile/LOADING]: Found coremod coremods/cataclysm_spellbooks_cataclysm_compat.js
[30Sep2026 19:51:02.709] [main/DEBUG] [net.minecraftforge.fml.loading.moddiscovery.ModFile/LOADING]: Found coremod coremods/cataclysm_spellbooks_azurelib_compat.js
[30Sep2026 19:51:02.709] [main/DEBUG] [net.minecraftforge.fml.loading.moddiscovery.ModFileParser/LOADING]: Considering mod file candidate /opt/minecraft/sa/mods/traveloptics-6.3.0-1.20.1.jar
[30Sep2026 19:51:02.709] [main/DEBUG] [net.minecraftforge.fml.loading.moddiscovery.ModFileInfo/LOADING]: Found valid mod file traveloptics-6.3.0-1.20.1.jar with {traveloptics} mods - versions {6.3.0-1.20.1}
[30Sep2026 19:51:02.710] [main/DEBUG] [net.minecraftforge.fml.loading.moddiscovery.ModFile/LOADING]: Loading mod file /opt/minecraft/sa/mods/traveloptics-6.3.0-1.20.1.jar with languages [LanguageSpec[languageName=javafml, acceptedVersions=[47,)]]
[30Sep2026 19:51:02.710] [main/DEBUG] [net.minecraftforge.fml.loading.moddiscovery.ModFileParser/LOADING]: Considering mod file candidate /opt/minecraft/sa/mods/curios-forge-5.14.1+1.20.1.jar
[30Sep2026 19:51:02.710] [main/DEBUG] [net.minecraftforge.fml.loading.moddiscovery.ModFileInfo/LOADING]: Found valid mod file curios-forge-5.14.1+1.20.1.jar with {curios} mods - versions {5.14.1+1.20.1}
[30Sep2026 19:51:02.711] [main/DEBUG] [net.minecraftforge.fml.loading.moddiscovery.ModFile/LOADING]: Loading mod file /opt/minecraft/sa/mods/curios-forge-5.14.1+1.20.1.jar with languages [LanguageSpec[languageName=javafml, acceptedVersions=[41,)]]
[30Sep2026 19:51:02.711] [main/DEBUG] [net.minecraftforge.fml.loading.moddiscovery.ModFileParser/LOADING]: Considering mod file candidate /opt/minecraft/sa/mods/L_Enders_Cataclysm-3.31.jar
[30Sep2026 19:51:02.711] [main/DEBUG] [net.minecraftforge.fml.loading.moddiscovery.ModFileInfo/LOADING]: Found valid mod file L_Enders_Cataclysm-3.31.jar with {cataclysm} mods - versions {3.31}
[30Sep2026 19:51:02.712] [main/DEBUG] [net.minecraftforge.fml.loading.moddiscovery.ModFile/LOADING]: Loading mod file /opt/minecraft/sa/mods/L_Enders_Cataclysm-3.31.jar with languages [LanguageSpec[languageName=javafml, acceptedVersions=[47,)]]
[30Sep2026 19:51:02.712] [main/DEBUG] [net.minecraftforge.fml.loading.moddiscovery.ModFileParser/LOADING]: Considering mod file candidate /opt/minecraft/sa/mods/epic-fight-20.14.17-mc1.20.1-forge.jar
[30Sep2026 19:51:02.712] [main/DEBUG] [net.minecraftforge.fml.loading.moddiscovery.ModFileInfo/LOADING]: Found valid mod file epic-fight-20.14.17-mc1.20.1-forge.jar with {epicfight} mods - versions {20.14.17}
[30Sep2026 19:51:02.712] [main/DEBUG] [net.minecraftforge.fml.loading.moddiscovery.ModFile/LOADING]: Loading mod file /opt/minecraft/sa/mods/epic-fight-20.14.17-mc1.20.1-forge.jar with languages [LanguageSpec[languageName=javafml, acceptedVersions=[47,)]]
[30Sep2026 19:51:02.712] [main/DEBUG] [net.minecraftforge.fml.loading.moddiscovery.ModFileParser/LOADING]: Considering mod file candidate /opt/minecraft/sa/mods/citadel-2.6.3-1.20.1.jar
[30Sep2026 19:51:02.713] [main/DEBUG] [net.minecraftforge.fml.loading.moddiscovery.ModFileInfo/LOADING]: Found valid mod file citadel-2.6.3-1.20.1.jar with {citadel} mods - versions {2.6.3}
[30Sep2026 19:51:02.713] [main/DEBUG] [net.minecraftforge.fml.loading.moddiscovery.ModFile/LOADING]: Loading mod file /opt/minecraft/sa/mods/citadel-2.6.3-1.20.1.jar with languages [LanguageSpec[languageName=javafml, acceptedVersions=[47,)]]
[30Sep2026 19:51:02.713] [main/DEBUG] [net.minecraftforge.fml.loading.moddiscovery.ModFileParser/LOADING]: Considering mod file candidate /opt/minecraft/sa/mods/Placebo-1.20.1-8.6.3.jar
[30Sep2026 19:51:02.713] [main/DEBUG] [net.minecraftforge.fml.loading.moddiscovery.ModFileInfo/LOADING]: Found valid mod file Placebo-1.20.1-8.6.3.jar with {placebo} mods - versions {8.6.3}
[30Sep2026 19:51:02.713] [main/DEBUG] [net.minecraftforge.fml.loading.moddiscovery.ModFile/LOADING]: Loading mod file /opt/minecraft/sa/mods/Placebo-1.20.1-8.6.3.jar with languages [LanguageSpec[languageName=javafml, acceptedVersions=[32,)]]
[30Sep2026 19:51:02.714] [main/DEBUG] [net.minecraftforge.fml.loading.moddiscovery.ModFileParser/LOADING]: Found coremod placebo_get_ench_level_event with Javascript path coremods/get_ench_level_event.js
[30Sep2026 19:51:02.714] [main/DEBUG] [net.minecraftforge.fml.loading.moddiscovery.ModFileParser/LOADING]: Found coremod placebo_get_ench_level_event_specific with Javascript path coremods/get_ench_level_event_specific.js
[30Sep2026 19:51:02.714] [main/DEBUG] [net.minecraftforge.fml.loading.moddiscovery.ModFile/LOADING]: Found coremod coremods/get_ench_level_event.js
[30Sep2026 19:51:02.714] [main/DEBUG] [net.minecraftforge.fml.loading.moddiscovery.ModFile/LOADING]: Found coremod coremods/get_ench_level_event_specific.js
[30Sep2026 19:51:02.714] [main/DEBUG] [net.minecraftforge.fml.loading.moddiscovery.ModFileParser/LOADING]: Considering mod file candidate /opt/minecraft/sa/mods/ApothicAttributes-1.20.1-1.3.7.jar
[30Sep2026 19:51:02.714] [main/DEBUG] [net.minecraftforge.fml.loading.moddiscovery.ModFileInfo/LOADING]: Found valid mod file ApothicAttributes-1.20.1-1.3.7.jar with {attributeslib} mods - versions {1.3.7}
[30Sep2026 19:51:02.715] [main/DEBUG] [net.minecraftforge.fml.loading.moddiscovery.ModFile/LOADING]: Loading mod file /opt/minecraft/sa/mods/ApothicAttributes-1.20.1-1.3.7.jar with languages [LanguageSpec[languageName=javafml, acceptedVersions=[32,)]]
[30Sep2026 19:51:02.715] [main/DEBUG] [net.minecraftforge.fml.loading.moddiscovery.ModFileParser/LOADING]: Found coremod attributeslib_potion_gui_tooltips with Javascript path coremods/potion_gui_tooltips.js
[30Sep2026 19:51:02.715] [main/DEBUG] [net.minecraftforge.fml.loading.moddiscovery.ModFile/LOADING]: Found coremod coremods/potion_gui_tooltips.js
[30Sep2026 19:51:02.715] [main/DEBUG] [net.minecraftforge.fml.loading.moddiscovery.ModFileParser/LOADING]: Considering mod file candidate /opt/minecraft/sa/mods/irons_spellbooks-1.20.1-3.16.3.jar
[30Sep2026 19:51:02.716] [main/DEBUG] [net.minecraftforge.fml.loading.moddiscovery.ModFileInfo/LOADING]: Found valid mod file irons_spellbooks-1.20.1-3.16.3.jar with {irons_spellbooks} mods - versions {1.20.1-3.16.3}
[30Sep2026 19:51:02.716] [main/DEBUG] [net.minecraftforge.fml.loading.moddiscovery.ModFile/LOADING]: Loading mod file /opt/minecraft/sa/mods/irons_spellbooks-1.20.1-3.16.3.jar with languages [LanguageSpec[languageName=javafml, acceptedVersions=[47,)]]
[30Sep2026 19:51:02.716] [main/DEBUG] [net.minecraftforge.fml.loading.moddiscovery.ModFileParser/LOADING]: Considering mod file candidate /opt/minecraft/sa/mods/saintsdragons-0.9.85+forge-1.20.1.jar
[30Sep2026 19:51:02.716] [main/DEBUG] [net.minecraftforge.fml.loading.moddiscovery.ModFileInfo/LOADING]: Found valid mod file saintsdragons-0.9.85+forge-1.20.1.jar with {saintsdragons} mods - versions {0.9.85}
[30Sep2026 19:51:02.716] [main/DEBUG] [net.minecraftforge.fml.loading.moddiscovery.ModFile/LOADING]: Loading mod file /opt/minecraft/sa/mods/saintsdragons-0.9.85+forge-1.20.1.jar with languages [LanguageSpec[languageName=javafml, acceptedVersions=[47,)]]
[30Sep2026 19:51:02.717] [main/DEBUG] [net.minecraftforge.fml.loading.moddiscovery.ModFileParser/LOADING]: Considering mod file candidate /opt/minecraft/sa/mods/pointblank-forge-1.20.1-2.2.0.jar
[30Sep2026 19:51:02.717] [main/DEBUG] [net.minecraftforge.fml.loading.moddiscovery.ModFileInfo/LOADING]: Found valid mod file pointblank-forge-1.20.1-2.2.0.jar with {pointblank} mods - versions {2.2.0}
[30Sep2026 19:51:02.717] [main/DEBUG] [net.minecraftforge.fml.loading.moddiscovery.ModFile/LOADING]: Loading mod file /opt/minecraft/sa/mods/pointblank-forge-1.20.1-2.2.0.jar with languages [LanguageSpec[languageName=javafml, acceptedVersions=[47,)]]
[30Sep2026 19:51:02.717] [main/DEBUG] [net.minecraftforge.fml.loading.moddiscovery.ModFileParser/LOADING]: Considering mod file candidate /opt/minecraft/sa/mods/wo_traveloptics-1.3.1-forge-1.20.1.jar
[30Sep2026 19:51:02.718] [main/DEBUG] [net.minecraftforge.fml.loading.moddiscovery.ModFileInfo/LOADING]: Found valid mod file wo_traveloptics-1.3.1-forge-1.20.1.jar with {wo_traveloptics} mods - versions {1.3.1}
[30Sep2026 19:51:02.718] [main/DEBUG] [net.minecraftforge.fml.loading.moddiscovery.ModFile/LOADING]: Loading mod file /opt/minecraft/sa/mods/wo_traveloptics-1.3.1-forge-1.20.1.jar with languages [LanguageSpec[languageName=javafml, acceptedVersions=[47,)]]
[30Sep2026 19:51:02.718] [main/DEBUG] [net.minecraftforge.fml.loading.moddiscovery.ModFileParser/LOADING]: Considering mod file candidate /opt/minecraft/sa/mods/ricks_stuff-0.0.4.3.jar
[30Sep2026 19:51:02.719] [main/DEBUG] [net.minecraftforge.fml.loading.moddiscovery.ModFileInfo/LOADING]: Found valid mod file ricks_stuff-0.0.4.3.jar with {ricks_stuff} mods - versions {0.0.4.3}
[30Sep2026 19:51:02.719] [main/DEBUG] [net.minecraftforge.fml.loading.moddiscovery.ModFile/LOADING]: Loading mod file /opt/minecraft/sa/mods/ricks_stuff-0.0.4.3.jar with languages [LanguageSpec[languageName=javafml, acceptedVersions=[47,)]]
[30Sep2026 19:51:02.719] [main/DEBUG] [net.minecraftforge.fml.loading.moddiscovery.ModFileParser/LOADING]: Considering mod file candidate /opt/minecraft/sa/libraries/net/minecraftforge/forge/1.20.1-47.4.10/forge-1.20.1-47.4.10-universal.jar
[30Sep2026 19:51:02.719] [main/DEBUG] [net.minecraftforge.fml.loading.moddiscovery.ModFileInfo/LOADING]: Found valid mod file forge-1.20.1-47.4.10-universal.jar with {forge} mods - versions {47.4.10}
[30Sep2026 19:51:02.719] [main/DEBUG] [net.minecraftforge.fml.loading.moddiscovery.ModFile/LOADING]: Loading mod file /opt/minecraft/sa/libraries/net/minecraftforge/forge/1.20.1-47.4.10/forge-1.20.1-47.4.10-universal.jar with languages [LanguageSpec[languageName=javafml, acceptedVersions=[24,]]]
[30Sep2026 19:51:02.719] [main/DEBUG] [net.minecraftforge.fml.loading.moddiscovery.ModFileParser/LOADING]: Found coremod field_to_method with Javascript path coremods/field_to_method.js
[30Sep2026 19:51:02.720] [main/DEBUG] [net.minecraftforge.fml.loading.moddiscovery.ModFileParser/LOADING]: Found coremod field_to_instanceof with Javascript path coremods/field_to_instanceof.js
[30Sep2026 19:51:02.720] [main/DEBUG] [net.minecraftforge.fml.loading.moddiscovery.ModFileParser/LOADING]: Found coremod add_bouncer_method with Javascript path coremods/add_bouncer_method.js
[30Sep2026 19:51:02.720] [main/DEBUG] [net.minecraftforge.fml.loading.moddiscovery.ModFileParser/LOADING]: Found coremod method_redirector with Javascript path coremods/method_redirector.js
[30Sep2026 19:51:02.720] [main/DEBUG] [net.minecraftforge.fml.loading.moddiscovery.ModFile/LOADING]: Found coremod coremods/field_to_method.js
[30Sep2026 19:51:02.720] [main/DEBUG] [net.minecraftforge.fml.loading.moddiscovery.ModFile/LOADING]: Found coremod coremods/field_to_instanceof.js
[30Sep2026 19:51:02.720] [main/DEBUG] [net.minecraftforge.fml.loading.moddiscovery.ModFile/LOADING]: Found coremod coremods/add_bouncer_method.js
[30Sep2026 19:51:02.720] [main/DEBUG] [net.minecraftforge.fml.loading.moddiscovery.ModFile/LOADING]: Found coremod coremods/method_redirector.js
[30Sep2026 19:51:02.720] [main/DEBUG] [net.minecraftforge.fml.loading.moddiscovery.ModFileParser/LOADING]: Considering mod file candidate /opt/minecraft/sa/mods/packetfixer-3.3.2-1.18-1.20.4-merged.jar
[30Sep2026 19:51:02.720] [main/DEBUG] [net.minecraftforge.fml.loading.moddiscovery.ModFileInfo/LOADING]: Found valid mod file packetfixer-3.3.2-1.18-1.20.4-merged.jar with {packetfixer} mods - versions {3.3.2}
[30Sep2026 19:51:02.720] [main/DEBUG] [net.minecraftforge.fml.loading.moddiscovery.ModFile/LOADING]: Loading mod file /opt/minecraft/sa/mods/packetfixer-3.3.2-1.18-1.20.4-merged.jar with languages [LanguageSpec[languageName=javafml, acceptedVersions=[0,)]]
[30Sep2026 19:51:02.720] [main/DEBUG] [net.minecraftforge.fml.loading.moddiscovery.ModFileParser/LOADING]: Considering mod file candidate /opt/minecraft/sa/mods/EpicFight-Resurrection-forge1.20.1-0.20.12.2.jar
[30Sep2026 19:51:02.721] [main/DEBUG] [net.minecraftforge.fml.loading.moddiscovery.ModFileInfo/LOADING]: Found valid mod file EpicFight-Resurrection-forge1.20.1-0.20.12.2.jar with {cdmoveset} mods - versions {2.0}
[30Sep2026 19:51:02.721] [main/DEBUG] [net.minecraftforge.fml.loading.moddiscovery.ModFile/LOADING]: Loading mod file /opt/minecraft/sa/mods/EpicFight-Resurrection-forge1.20.1-0.20.12.2.jar with languages [LanguageSpec[languageName=javafml, acceptedVersions=[47,)]]
[30Sep2026 19:51:02.721] [main/DEBUG] [net.minecraftforge.fml.loading.moddiscovery.ModFileParser/LOADING]: Considering mod file candidate /opt/minecraft/sa/mods/DungeonsArise-1.20.x-2.1.58-release.jar
[30Sep2026 19:51:02.721] [main/DEBUG] [net.minecraftforge.fml.loading.moddiscovery.ModFileInfo/LOADING]: Found valid mod file DungeonsArise-1.20.x-2.1.58-release.jar with {dungeons_arise} mods - versions {2.1.58-1.20.x}
[30Sep2026 19:51:02.721] [main/DEBUG] [net.minecraftforge.fml.loading.moddiscovery.ModFile/LOADING]: Loading mod file /opt/minecraft/sa/mods/DungeonsArise-1.20.x-2.1.58-release.jar with languages [LanguageSpec[languageName=javafml, acceptedVersions=[41,)]]
[30Sep2026 19:51:02.721] [main/DEBUG] [net.minecraftforge.fml.loading.moddiscovery.ModFile/LOADING]: Loading mod file  with languages []
[30Sep2026 19:51:02.722] [main/DEBUG] [net.minecraftforge.fml.loading.moddiscovery.ModFile/LOADING]: Loading mod file  with languages []
[30Sep2026 19:51:02.722] [main/DEBUG] [net.minecraftforge.fml.loading.moddiscovery.ModFile/LOADING]: Loading mod file  with languages []
[30Sep2026 19:51:02.722] [main/DEBUG] [net.minecraftforge.fml.loading.moddiscovery.ModFile/LOADING]: Loading mod file  with languages []
[30Sep2026 19:51:02.722] [main/DEBUG] [net.minecraftforge.fml.loading.moddiscovery.ModFile/LOADING]: Loading mod file  with languages []
[30Sep2026 19:51:02.722] [main/DEBUG] [net.minecraftforge.fml.loading.moddiscovery.ModFile/LOADING]: Loading mod file  with languages []
[30Sep2026 19:51:02.723] [main/DEBUG] [cpw.mods.modlauncher.TransformationServiceDecorator/MODLAUNCHER]: End scan trigger - transformation service fml
[30Sep2026 19:51:02.733] [main/DEBUG] [net.minecraftforge.fml.loading.LanguageLoadingProvider/CORE]: Found 3 language providers
[30Sep2026 19:51:02.734] [main/DEBUG] [net.minecraftforge.fml.loading.LanguageLoadingProvider/CORE]: Found language provider minecraft, version 1.0
[30Sep2026 19:51:02.735] [main/DEBUG] [net.minecraftforge.fml.loading.LanguageLoadingProvider/CORE]: Found language provider lowcodefml, version 47
[30Sep2026 19:51:02.735] [main/DEBUG] [net.minecraftforge.fml.loading.LanguageLoadingProvider/CORE]: Found language provider javafml, version 47
[30Sep2026 19:51:02.738] [main/DEBUG] [net.minecraftforge.fml.loading.UniqueModListBuilder/]: Found 2 mods for first modid mclib, selecting most recent based on version data
[30Sep2026 19:51:02.738] [main/DEBUG] [net.minecraftforge.fml.loading.UniqueModListBuilder/]: Selected file mclib-20.jar for modid mclib with version 0.0NONE
[30Sep2026 19:51:02.738] [main/DEBUG] [net.minecraftforge.fml.loading.UniqueModListBuilder/]: Found 2 mods for first modid mixinextras, selecting most recent based on version data
[30Sep2026 19:51:02.739] [main/DEBUG] [net.minecraftforge.fml.loading.UniqueModListBuilder/]: Selected file mixinextras-forge-0.5.3.jar for modid mixinextras with version 0.5.3
[30Sep2026 19:51:02.739] [main/DEBUG] [net.minecraftforge.fml.loading.UniqueModListBuilder/]: Found 2 mods for first modid MixinExtras, selecting most recent based on version data
[30Sep2026 19:51:02.739] [main/DEBUG] [net.minecraftforge.fml.loading.UniqueModListBuilder/]: Selected file MixinExtras-0.5.3.jar for modid MixinExtras with version 0.5.3
[30Sep2026 19:51:02.740] [main/DEBUG] [net.minecraftforge.fml.loading.ModSorter/]: Configured system mods: [minecraft, forge]
[30Sep2026 19:51:02.740] [main/DEBUG] [net.minecraftforge.fml.loading.ModSorter/]: Found system mod: minecraft
[30Sep2026 19:51:02.740] [main/DEBUG] [net.minecraftforge.fml.loading.ModSorter/]: Found system mod: forge
[30Sep2026 19:51:02.741] [main/DEBUG] [net.minecraftforge.fml.loading.ModSorter/LOADING]: Found 58 mod requirements (54 mandatory, 4 optional)
[30Sep2026 19:51:02.742] [main/DEBUG] [net.minecraftforge.fml.loading.ModSorter/LOADING]: Found 0 mod requirements missing (0 mandatory, 0 optional)
[30Sep2026 19:51:03.101] [main/DEBUG] [cpw.mods.modlauncher.TransformationServicesHandler/MODLAUNCHER]: Transformation services loading transformers
[30Sep2026 19:51:03.102] [main/DEBUG] [cpw.mods.modlauncher.TransformationServiceDecorator/MODLAUNCHER]: Initializing transformers for transformation service mixin
[30Sep2026 19:51:03.102] [main/DEBUG] [cpw.mods.modlauncher.TransformationServiceDecorator/MODLAUNCHER]: Initialized transformers for transformation service mixin
[30Sep2026 19:51:03.103] [main/DEBUG] [cpw.mods.modlauncher.TransformationServiceDecorator/MODLAUNCHER]: Initializing transformers for transformation service fml
[30Sep2026 19:51:03.103] [main/DEBUG] [net.minecraftforge.fml.loading.FMLServiceProvider/CORE]: Loading coremod transformers
[30Sep2026 19:51:03.103] [main/DEBUG] [net.minecraftforge.coremod.CoreModEngine/COREMOD]: Loading CoreMod from coremods/get_ench_level_event.js
[30Sep2026 19:51:03.216] [main/DEBUG] [net.minecraftforge.coremod.CoreModEngine/COREMOD]: CoreMod loaded successfully
[30Sep2026 19:51:03.216] [main/DEBUG] [net.minecraftforge.coremod.CoreModEngine/COREMOD]: Loading CoreMod from coremods/get_ench_level_event_specific.js
[30Sep2026 19:51:03.225] [main/DEBUG] [net.minecraftforge.coremod.CoreModEngine/COREMOD]: CoreMod loaded successfully
[30Sep2026 19:51:03.226] [main/DEBUG] [net.minecraftforge.coremod.CoreModEngine/COREMOD]: Loading CoreMod from coremods/traveloptics_cataclysm_compat.js
[30Sep2026 19:51:03.297] [main/DEBUG] [net.minecraftforge.coremod.CoreModEngine/COREMOD]: CoreMod loaded successfully
[30Sep2026 19:51:03.297] [main/DEBUG] [net.minecraftforge.coremod.CoreModEngine/COREMOD]: Loading CoreMod from coremods/somakespells_cataclysm_compat.js
[30Sep2026 19:51:03.310] [main/DEBUG] [net.minecraftforge.coremod.CoreModEngine/COREMOD]: CoreMod loaded successfully
[30Sep2026 19:51:03.310] [main/DEBUG] [net.minecraftforge.coremod.CoreModEngine/COREMOD]: Loading CoreMod from coremods/legendary_spellbooks_null_owner_compat.js
[30Sep2026 19:51:03.348] [main/DEBUG] [net.minecraftforge.coremod.CoreModEngine/COREMOD]: CoreMod loaded successfully
[30Sep2026 19:51:03.348] [main/DEBUG] [net.minecraftforge.coremod.CoreModEngine/COREMOD]: Loading CoreMod from coremods/cataclysm_spellbooks_cataclysm_compat.js
[30Sep2026 19:51:03.410] [main/DEBUG] [net.minecraftforge.coremod.CoreModEngine/COREMOD]: CoreMod loaded successfully
[30Sep2026 19:51:03.410] [main/DEBUG] [net.minecraftforge.coremod.CoreModEngine/COREMOD]: Loading CoreMod from coremods/cataclysm_spellbooks_azurelib_compat.js
[30Sep2026 19:51:03.439] [main/DEBUG] [net.minecraftforge.coremod.CoreModEngine/COREMOD]: CoreMod loaded successfully
[30Sep2026 19:51:03.439] [main/DEBUG] [net.minecraftforge.coremod.CoreModEngine/COREMOD]: Loading CoreMod from coremods/potion_gui_tooltips.js
[30Sep2026 19:51:03.445] [main/DEBUG] [net.minecraftforge.coremod.CoreModEngine/COREMOD]: CoreMod loaded successfully
[30Sep2026 19:51:03.445] [main/DEBUG] [net.minecraftforge.coremod.CoreModEngine/COREMOD]: Loading CoreMod from coremods/field_to_method.js
[30Sep2026 19:51:03.462] [main/DEBUG] [net.minecraftforge.coremod.CoreModEngine/COREMOD]: CoreMod loaded successfully
[30Sep2026 19:51:03.462] [main/DEBUG] [net.minecraftforge.coremod.CoreModEngine/COREMOD]: Loading CoreMod from coremods/field_to_instanceof.js
[30Sep2026 19:51:03.504] [main/DEBUG] [net.minecraftforge.coremod.CoreModEngine/COREMOD]: CoreMod loaded successfully
[30Sep2026 19:51:03.504] [main/DEBUG] [net.minecraftforge.coremod.CoreModEngine/COREMOD]: Loading CoreMod from coremods/add_bouncer_method.js
[30Sep2026 19:51:03.537] [main/DEBUG] [net.minecraftforge.coremod.CoreModEngine/COREMOD]: CoreMod loaded successfully
[30Sep2026 19:51:03.538] [main/DEBUG] [net.minecraftforge.coremod.CoreModEngine/COREMOD]: Loading CoreMod from coremods/method_redirector.js
[30Sep2026 19:51:03.571] [main/DEBUG] [net.minecraftforge.coremod.CoreModEngine/COREMOD]: CoreMod loaded successfully
[30Sep2026 19:51:03.586] [main/DEBUG] [cpw.mods.modlauncher.TransformStore/MODLAUNCHER]: Adding transformer net.minecraftforge.coremod.transformer.CoreModClassTransformer@5864e8bf to Target : CLASS {Lcom/gametechbc/traveloptics/data_manager/GalenaChargeManager;} {} {V}
[30Sep2026 19:51:03.587] [main/DEBUG] [cpw.mods.modlauncher.TransformStore/MODLAUNCHER]: Adding transformer net.minecraftforge.coremod.transformer.CoreModClassTransformer@154b8cb6 to Target : CLASS {Lcom/gametechbc/traveloptics/data_manager/PlasmaCoreManager;} {} {V}
[30Sep2026 19:51:03.587] [main/DEBUG] [cpw.mods.modlauncher.TransformStore/MODLAUNCHER]: Adding transformer net.minecraftforge.coremod.transformer.CoreModClassTransformer@7b297740 to Target : CLASS {Lcom/gametechbc/traveloptics/data_manager/PlasmaFuelManager;} {} {V}
[30Sep2026 19:51:03.588] [main/DEBUG] [cpw.mods.modlauncher.TransformStore/MODLAUNCHER]: Adding transformer net.minecraftforge.coremod.transformer.CoreModClassTransformer@1b7554d4 to Target : CLASS {Lcom/gametechbc/traveloptics/effects/PsychicControlEffect;} {} {V}
[30Sep2026 19:51:03.588] [main/DEBUG] [cpw.mods.modlauncher.TransformStore/MODLAUNCHER]: Adding transformer net.minecraftforge.coremod.transformer.CoreModClassTransformer@57ce2898 to Target : CLASS {Lcom/gametechbc/traveloptics/entity/extended_projectiles/ExtendedAbyssBlastEntity;} {} {V}
[30Sep2026 19:51:03.588] [main/DEBUG] [cpw.mods.modlauncher.TransformStore/MODLAUNCHER]: Adding transformer net.minecraftforge.coremod.transformer.CoreModClassTransformer@1ea930eb to Target : CLASS {Lcom/gametechbc/traveloptics/entity/extended_projectiles/ExtendedDeathLaserBeamEntity;} {} {V}
[30Sep2026 19:51:03.588] [main/DEBUG] [cpw.mods.modlauncher.TransformStore/MODLAUNCHER]: Adding transformer net.minecraftforge.coremod.transformer.CoreModClassTransformer@2e0ad709 to Target : CLASS {Lcom/gametechbc/traveloptics/entity/extended_projectiles/ExtendedWitherHowitzerEntity;} {} {V}
[30Sep2026 19:51:03.588] [main/DEBUG] [cpw.mods.modlauncher.TransformStore/MODLAUNCHER]: Adding transformer net.minecraftforge.coremod.transformer.CoreModClassTransformer@1fe8f5e8 to Target : CLASS {Lcom/gametechbc/traveloptics/entity/mobs/EnragedDeadKingBoss;} {} {V}
[30Sep2026 19:51:03.588] [main/DEBUG] [cpw.mods.modlauncher.TransformStore/MODLAUNCHER]: Adding transformer net.minecraftforge.coremod.transformer.CoreModClassTransformer@39449465 to Target : CLASS {Lcom/gametechbc/traveloptics/entity/mobs/nightwarden_boss/NightwardenBossEntity;} {} {V}
[30Sep2026 19:51:03.588] [main/DEBUG] [cpw.mods.modlauncher.TransformStore/MODLAUNCHER]: Adding transformer net.minecraftforge.coremod.transformer.CoreModClassTransformer@6e3dd5ce to Target : CLASS {Lcom/gametechbc/traveloptics/entity/mobs/nightwarden_boss/NightwardenReturnHomeHandler;} {} {V}
[30Sep2026 19:51:03.588] [main/DEBUG] [cpw.mods.modlauncher.TransformStore/MODLAUNCHER]: Adding transformer net.minecraftforge.coremod.transformer.CoreModClassTransformer@16f7f59f to Target : CLASS {Lcom/gametechbc/traveloptics/entity/projectiles/aqua_trident/EternalMaelstromTridentEntity;} {} {V}
[30Sep2026 19:51:03.588] [main/DEBUG] [cpw.mods.modlauncher.TransformStore/MODLAUNCHER]: Adding transformer net.minecraftforge.coremod.transformer.CoreModClassTransformer@4ee8051c to Target : CLASS {Lcom/gametechbc/traveloptics/entity/projectiles/aqua_vortex/AquaVortexEntity;} {} {V}
[30Sep2026 19:51:03.588] [main/DEBUG] [cpw.mods.modlauncher.TransformStore/MODLAUNCHER]: Adding transformer net.minecraftforge.coremod.transformer.CoreModClassTransformer@53125718 to Target : CLASS {Lcom/gametechbc/traveloptics/entity/projectiles/gyro_slash/GyroSlashProjectile;} {} {V}
[30Sep2026 19:51:03.588] [main/DEBUG] [cpw.mods.modlauncher.TransformStore/MODLAUNCHER]: Adding transformer net.minecraftforge.coremod.transformer.CoreModClassTransformer@53016b11 to Target : CLASS {Lcom/gametechbc/traveloptics/entity/projectiles/lightning_sandstorm_projectile/LightningSandstormAoeProjectileEntity;} {} {V}
[30Sep2026 19:51:03.588] [main/DEBUG] [cpw.mods.modlauncher.TransformStore/MODLAUNCHER]: Adding transformer net.minecraftforge.coremod.transformer.CoreModClassTransformer@7af327e3 to Target : CLASS {Lcom/gametechbc/traveloptics/entity/projectiles/lightning_sandstorm_projectile/LightningSandstormPierceProjectileEntity;} {} {V}
[30Sep2026 19:51:03.588] [main/DEBUG] [cpw.mods.modlauncher.TransformStore/MODLAUNCHER]: Adding transformer net.minecraftforge.coremod.transformer.CoreModClassTransformer@743d0d44 to Target : CLASS {Lcom/gametechbc/traveloptics/entity/projectiles/maelstrom_trident_phantom/MaelstromTridentPhantomEntity;} {} {V}
[30Sep2026 19:51:03.588] [main/DEBUG] [cpw.mods.modlauncher.TransformStore/MODLAUNCHER]: Adding transformer net.minecraftforge.coremod.transformer.CoreModClassTransformer@35563e4c to Target : CLASS {Lcom/gametechbc/traveloptics/entity/projectiles/overflow/BrinePoolEntity;} {} {V}
[30Sep2026 19:51:03.589] [main/DEBUG] [cpw.mods.modlauncher.TransformStore/MODLAUNCHER]: Adding transformer net.minecraftforge.coremod.transformer.CoreModClassTransformer@6dd79214 to Target : CLASS {Lcom/gametechbc/traveloptics/entity/projectiles/overflow/FloodPoolEntity;} {} {V}
[30Sep2026 19:51:03.589] [main/DEBUG] [cpw.mods.modlauncher.TransformStore/MODLAUNCHER]: Adding transformer net.minecraftforge.coremod.transformer.CoreModClassTransformer@ef86c72 to Target : CLASS {Lcom/gametechbc/traveloptics/entity/projectiles/void_slash/VoidSlashProjectile;} {} {V}
[30Sep2026 19:51:03.589] [main/DEBUG] [cpw.mods.modlauncher.TransformStore/MODLAUNCHER]: Adding transformer net.minecraftforge.coremod.transformer.CoreModClassTransformer@123307c4 to Target : CLASS {Lcom/gametechbc/traveloptics/init/TravelopticsItems;} {} {V}
[30Sep2026 19:51:03.589] [main/DEBUG] [cpw.mods.modlauncher.TransformStore/MODLAUNCHER]: Adding transformer net.minecraftforge.coremod.transformer.CoreModClassTransformer@1693ff90 to Target : CLASS {Lcom/gametechbc/traveloptics/item/bossweapon/cursedwraithblade/CursedWraithbladeItem;} {} {V}
[30Sep2026 19:51:03.589] [main/DEBUG] [cpw.mods.modlauncher.TransformStore/MODLAUNCHER]: Adding transformer net.minecraftforge.coremod.transformer.CoreModClassTransformer@47058864 to Target : CLASS {Lcom/gametechbc/traveloptics/item/bossweapon/cursedwraithblade/CursedWraithbladeLevelTwoItem;} {} {V}
[30Sep2026 19:51:03.589] [main/DEBUG] [cpw.mods.modlauncher.TransformStore/MODLAUNCHER]: Adding transformer net.minecraftforge.coremod.transformer.CoreModClassTransformer@ad3f70a to Target : CLASS {Lcom/gametechbc/traveloptics/item/bossweapon/galenic_polarizer/GalenicPolarizerItem;} {} {V}
[30Sep2026 19:51:03.589] [main/DEBUG] [cpw.mods.modlauncher.TransformStore/MODLAUNCHER]: Adding transformer net.minecraftforge.coremod.transformer.CoreModClassTransformer@54ccb3 to Target : CLASS {Lcom/gametechbc/traveloptics/item/bossweapon/infernal_devastator/InfernalDevastatorItem;} {} {V}
[30Sep2026 19:51:03.589] [main/DEBUG] [cpw.mods.modlauncher.TransformStore/MODLAUNCHER]: Adding transformer net.minecraftforge.coremod.transformer.CoreModClassTransformer@9b2dc56 to Target : CLASS {Lcom/gametechbc/traveloptics/item/bossweapon/mechanized_wraithblade/MechanizedWraithbladeItem;} {} {V}
[30Sep2026 19:51:03.589] [main/DEBUG] [cpw.mods.modlauncher.TransformStore/MODLAUNCHER]: Adding transformer net.minecraftforge.coremod.transformer.CoreModClassTransformer@621f23ac to Target : CLASS {Lcom/gametechbc/traveloptics/spells/aqua/SerpentideSpell;} {} {V}
[30Sep2026 19:51:03.589] [main/DEBUG] [cpw.mods.modlauncher.TransformStore/MODLAUNCHER]: Adding transformer net.minecraftforge.coremod.transformer.CoreModClassTransformer@7761e342 to Target : CLASS {Lcom/gametechbc/traveloptics/spells/aqua/TheHowlingTempestSpell;} {} {V}
[30Sep2026 19:51:03.589] [main/DEBUG] [cpw.mods.modlauncher.TransformStore/MODLAUNCHER]: Adding transformer net.minecraftforge.coremod.transformer.CoreModClassTransformer@51f68849 to Target : CLASS {Lcom/gametechbc/traveloptics/spells/lightning/GalenaShatterSpell;} {} {V}
[30Sep2026 19:51:03.589] [main/DEBUG] [cpw.mods.modlauncher.TransformStore/MODLAUNCHER]: Adding transformer net.minecraftforge.coremod.transformer.CoreModClassTransformer@4eb9ae4d to Target : CLASS {Lcom/gametechbc/traveloptics/spells/lightning/RapidLaserSpell;} {} {V}
[30Sep2026 19:51:03.589] [main/DEBUG] [cpw.mods.modlauncher.TransformStore/MODLAUNCHER]: Adding transformer net.minecraftforge.coremod.transformer.CoreModClassTransformer@5520f675 to Target : CLASS {Lcom/gametechbc/traveloptics/spells/lightning/ArcaneArtillerySpell;} {} {V}
[30Sep2026 19:51:03.589] [main/DEBUG] [cpw.mods.modlauncher.TransformStore/MODLAUNCHER]: Adding transformer net.minecraftforge.coremod.transformer.CoreModClassTransformer@2d237460 to Target : CLASS {Lcom/gametechbc/traveloptics/spells/holy/SummonDesertDwellers;} {} {V}
[30Sep2026 19:51:03.589] [main/DEBUG] [cpw.mods.modlauncher.TransformStore/MODLAUNCHER]: Adding transformer net.minecraftforge.coremod.transformer.CoreModClassTransformer@48f2054d to Target : CLASS {Lcom/gametechbc/traveloptics/item/armor/MechanizedExoskeletonArmorItem;} {} {V}
[30Sep2026 19:51:03.590] [main/DEBUG] [cpw.mods.modlauncher.TransformStore/MODLAUNCHER]: Adding transformer net.minecraftforge.coremod.transformer.CoreModClassTransformer@4b3a01d8 to Target : CLASS {Lcom/github/L_Ender/cataclysm/client/render/blockentity/RendererAltar_of_Fire;} {} {V}
[30Sep2026 19:51:03.590] [main/DEBUG] [cpw.mods.modlauncher.TransformStore/MODLAUNCHER]: Adding transformer net.minecraftforge.coremod.transformer.CoreModClassTransformer@19fbc594 to Target : CLASS {Ldev/higurashi/legendary_spellbooks/common/entities/spell/projectile/SpellSoulTridentEntity;} {} {V}
[30Sep2026 19:51:03.590] [main/DEBUG] [cpw.mods.modlauncher.TransformStore/MODLAUNCHER]: Adding transformer net.minecraftforge.coremod.transformer.CoreModClassTransformer@2f4d32bf to Target : CLASS {Ldev/higurashi/legendary_spellbooks/common/entities/spell/projectile/SpellAnnihilationBeamEntity;} {} {V}
[30Sep2026 19:51:03.590] [main/DEBUG] [cpw.mods.modlauncher.TransformStore/MODLAUNCHER]: Adding transformer net.minecraftforge.coremod.transformer.CoreModClassTransformer@774d8276 to Target : CLASS {Ldev/higurashi/legendary_spellbooks/common/entities/spell/projectile/SpellPoisonousShockwaveEntity;} {} {V}
[30Sep2026 19:51:03.590] [main/DEBUG] [cpw.mods.modlauncher.TransformStore/MODLAUNCHER]: Adding transformer net.minecraftforge.coremod.transformer.CoreModClassTransformer@6ce26986 to Target : CLASS {Ldev/higurashi/legendary_spellbooks/common/entities/spell/projectile/AnnihilationArrowEntity;} {} {V}
[30Sep2026 19:51:03.590] [main/DEBUG] [cpw.mods.modlauncher.TransformStore/MODLAUNCHER]: Adding transformer net.minecraftforge.coremod.transformer.CoreModClassTransformer@2bf2d6eb to Target : CLASS {Ldev/higurashi/legendary_spellbooks/common/entities/spell/projectile/SpellBombEntity;} {} {V}
[30Sep2026 19:51:03.590] [main/DEBUG] [cpw.mods.modlauncher.TransformStore/MODLAUNCHER]: Adding transformer net.minecraftforge.coremod.transformer.CoreModClassTransformer@6d6cd1e0 to Target : CLASS {Ldev/higurashi/legendary_spellbooks/common/entities/spell/projectile/SpellCloudEntity;} {} {V}
[30Sep2026 19:51:03.590] [main/DEBUG] [cpw.mods.modlauncher.TransformStore/MODLAUNCHER]: Adding transformer net.minecraftforge.coremod.transformer.CoreModClassTransformer@76a9a009 to Target : CLASS {Ldev/higurashi/legendary_spellbooks/common/entities/spell/projectile/SpellAnnihilationBombEntity;} {} {V}
[30Sep2026 19:51:03.590] [main/DEBUG] [cpw.mods.modlauncher.TransformStore/MODLAUNCHER]: Adding transformer net.minecraftforge.coremod.transformer.CoreModClassTransformer@9785903 to Target : CLASS {Ldev/higurashi/legendary_spellbooks/common/entities/spell/projectile/SpellFireColumnEntity;} {} {V}
[30Sep2026 19:51:03.590] [main/DEBUG] [cpw.mods.modlauncher.TransformStore/MODLAUNCHER]: Adding transformer net.minecraftforge.coremod.transformer.CoreModClassTransformer@34009349 to Target : CLASS {Lnet/acetheeldritchking/cataclysm_spellbooks/effects/potion/CursedFrenzyEffect;} {} {V}
[30Sep2026 19:51:03.590] [main/DEBUG] [cpw.mods.modlauncher.TransformStore/MODLAUNCHER]: Adding transformer net.minecraftforge.coremod.transformer.CoreModClassTransformer@3f68a7f8 to Target : CLASS {Lnet/acetheeldritchking/cataclysm_spellbooks/effects/potion/KingsWrathPotionEffect;} {} {V}
[30Sep2026 19:51:03.590] [main/DEBUG] [cpw.mods.modlauncher.TransformStore/MODLAUNCHER]: Adding transformer net.minecraftforge.coremod.transformer.CoreModClassTransformer@4faf1f4 to Target : CLASS {Lnet/acetheeldritchking/cataclysm_spellbooks/entity/render/mobs/AncientRemnantTransLayer;} {} {V}
[30Sep2026 19:51:03.590] [main/DEBUG] [cpw.mods.modlauncher.TransformStore/MODLAUNCHER]: Adding transformer net.minecraftforge.coremod.transformer.CoreModClassTransformer@4f811029 to Target : CLASS {Lnet/acetheeldritchking/cataclysm_spellbooks/entity/render/mobs/PhantomAncientRemnantRenderer;} {} {V}
[30Sep2026 19:51:03.590] [main/DEBUG] [cpw.mods.modlauncher.TransformStore/MODLAUNCHER]: Adding transformer net.minecraftforge.coremod.transformer.CoreModClassTransformer@7f2b584b to Target : CLASS {Lnet/acetheeldritchking/cataclysm_spellbooks/entity/spells/bullets/FrozenBulletProjectile;} {} {V}
[30Sep2026 19:51:03.590] [main/DEBUG] [cpw.mods.modlauncher.TransformStore/MODLAUNCHER]: Adding transformer net.minecraftforge.coremod.transformer.CoreModClassTransformer@5866731 to Target : CLASS {Lnet/acetheeldritchking/cataclysm_spellbooks/entity/spells/bullets/MoltenBulletProjectile;} {} {V}
[30Sep2026 19:51:03.590] [main/DEBUG] [cpw.mods.modlauncher.TransformStore/MODLAUNCHER]: Adding transformer net.minecraftforge.coremod.transformer.CoreModClassTransformer@56a05324 to Target : CLASS {Lnet/acetheeldritchking/cataclysm_spellbooks/entity/spells/parting_shot/PartingShotProjectile;} {} {V}
[30Sep2026 19:51:03.591] [main/DEBUG] [cpw.mods.modlauncher.TransformStore/MODLAUNCHER]: Adding transformer net.minecraftforge.coremod.transformer.CoreModClassTransformer@11e71181 to Target : CLASS {Lnet/acetheeldritchking/cataclysm_spellbooks/items/armor/AbyssalWarlockArmorItem;} {} {V}
[30Sep2026 19:51:03.591] [main/DEBUG] [cpw.mods.modlauncher.TransformStore/MODLAUNCHER]: Adding transformer net.minecraftforge.coremod.transformer.CoreModClassTransformer@342beaf6 to Target : CLASS {Lnet/acetheeldritchking/cataclysm_spellbooks/items/armor/AbyssalWarlockMaskItem;} {} {V}
[30Sep2026 19:51:03.591] [main/DEBUG] [cpw.mods.modlauncher.TransformStore/MODLAUNCHER]: Adding transformer net.minecraftforge.coremod.transformer.CoreModClassTransformer@222acad to Target : CLASS {Lnet/acetheeldritchking/cataclysm_spellbooks/items/armor/BloomStoneMageArmorItem;} {} {V}
[30Sep2026 19:51:03.591] [main/DEBUG] [cpw.mods.modlauncher.TransformStore/MODLAUNCHER]: Adding transformer net.minecraftforge.coremod.transformer.CoreModClassTransformer@56cfe6be to Target : CLASS {Lnet/acetheeldritchking/cataclysm_spellbooks/items/armor/CursiumMageArmorItem;} {} {V}
[30Sep2026 19:51:03.591] [main/DEBUG] [cpw.mods.modlauncher.TransformStore/MODLAUNCHER]: Adding transformer net.minecraftforge.coremod.transformer.CoreModClassTransformer@7f0d8eff to Target : CLASS {Lnet/acetheeldritchking/cataclysm_spellbooks/items/armor/CursiumMageElytraArmorItem;} {} {V}
[30Sep2026 19:51:03.591] [main/DEBUG] [cpw.mods.modlauncher.TransformStore/MODLAUNCHER]: Adding transformer net.minecraftforge.coremod.transformer.CoreModClassTransformer@149aa7b2 to Target : CLASS {Lnet/acetheeldritchking/cataclysm_spellbooks/items/armor/IgnisWizardArmorItem;} {} {V}
[30Sep2026 19:51:03.591] [main/DEBUG] [cpw.mods.modlauncher.TransformStore/MODLAUNCHER]: Adding transformer net.minecraftforge.coremod.transformer.CoreModClassTransformer@3ca3648 to Target : CLASS {Lnet/acetheeldritchking/cataclysm_spellbooks/items/armor/IgnisWizardElytraArmorItem;} {} {V}
[30Sep2026 19:51:03.591] [main/DEBUG] [cpw.mods.modlauncher.TransformStore/MODLAUNCHER]: Adding transformer net.minecraftforge.coremod.transformer.CoreModClassTransformer@2a99ca99 to Target : CLASS {Lnet/acetheeldritchking/cataclysm_spellbooks/items/armor/MechanicalFlightArmorItem;} {} {V}
[30Sep2026 19:51:03.591] [main/DEBUG] [cpw.mods.modlauncher.TransformStore/MODLAUNCHER]: Adding transformer net.minecraftforge.coremod.transformer.CoreModClassTransformer@39f0c343 to Target : CLASS {Lnet/acetheeldritchking/cataclysm_spellbooks/items/armor/MonstrousWizardHatArmorItem;} {} {V}
[30Sep2026 19:51:03.591] [main/DEBUG] [cpw.mods.modlauncher.TransformStore/MODLAUNCHER]: Adding transformer net.minecraftforge.coremod.transformer.CoreModClassTransformer@781654f8 to Target : CLASS {Lnet/acetheeldritchking/cataclysm_spellbooks/items/armor/PharaohMageArmorItem;} {} {V}
[30Sep2026 19:51:03.591] [main/DEBUG] [cpw.mods.modlauncher.TransformStore/MODLAUNCHER]: Adding transformer net.minecraftforge.coremod.transformer.CoreModClassTransformer@2abc55c4 to Target : CLASS {Lnet/acetheeldritchking/cataclysm_spellbooks/items/weapons/MurasamaBladeItem;} {} {V}
[30Sep2026 19:51:03.591] [main/DEBUG] [cpw.mods.modlauncher.TransformStore/MODLAUNCHER]: Adding transformer net.minecraftforge.coremod.transformer.CoreModClassTransformer@4e958f08 to Target : CLASS {Lnet/acetheeldritchking/cataclysm_spellbooks/spells/ender/GravitationPullSpell;} {} {V}
[30Sep2026 19:51:03.591] [main/DEBUG] [cpw.mods.modlauncher.TransformStore/MODLAUNCHER]: Adding transformer net.minecraftforge.coremod.transformer.CoreModClassTransformer@71c0b742 to Target : CLASS {Lnet/acetheeldritchking/cataclysm_spellbooks/spells/holy/ThothsWitnessSpell;} {} {V}
[30Sep2026 19:51:03.591] [main/DEBUG] [cpw.mods.modlauncher.TransformStore/MODLAUNCHER]: Adding transformer net.minecraftforge.coremod.transformer.CoreModClassTransformer@3bbb8c16 to Target : CLASS {Lnet/acetheeldritchking/cataclysm_spellbooks/spells/technomancy/AerialAssaultSpell;} {} {V}
[30Sep2026 19:51:03.591] [main/DEBUG] [cpw.mods.modlauncher.TransformStore/MODLAUNCHER]: Adding transformer net.minecraftforge.coremod.transformer.CoreModClassTransformer@73e1ecd0 to Target : CLASS {Lnet/acetheeldritchking/cataclysm_spellbooks/CataclysmSpellbooks$ClientModEvents;} {} {V}
[30Sep2026 19:51:03.591] [main/DEBUG] [cpw.mods.modlauncher.TransformStore/MODLAUNCHER]: Adding transformer net.minecraftforge.coremod.transformer.CoreModClassTransformer@11eec06b to Target : CLASS {Lnet/acetheeldritchking/cataclysm_spellbooks/entity/render/armor/AbyssalWarlockArmorRenderer;} {} {V}
[30Sep2026 19:51:03.592] [main/DEBUG] [cpw.mods.modlauncher.TransformStore/MODLAUNCHER]: Adding transformer net.minecraftforge.coremod.transformer.CoreModClassTransformer@65600fb3 to Target : CLASS {Lnet/acetheeldritchking/cataclysm_spellbooks/entity/render/armor/AbyssalWarlockMaskRenderer;} {} {V}
[30Sep2026 19:51:03.592] [main/DEBUG] [cpw.mods.modlauncher.TransformStore/MODLAUNCHER]: Adding transformer net.minecraftforge.coremod.transformer.CoreModClassTransformer@25ce435 to Target : CLASS {Lnet/acetheeldritchking/cataclysm_spellbooks/entity/render/armor/AzArmorLeggingTorsoLayerPipeline;} {} {V}
[30Sep2026 19:51:03.592] [main/DEBUG] [cpw.mods.modlauncher.TransformStore/MODLAUNCHER]: Adding transformer net.minecraftforge.coremod.transformer.CoreModClassTransformer@7ea71fc2 to Target : CLASS {Lnet/acetheeldritchking/cataclysm_spellbooks/entity/render/armor/AzArmorLeggingTorsoLayerPipeline$1;} {} {V}
[30Sep2026 19:51:03.592] [main/DEBUG] [cpw.mods.modlauncher.TransformStore/MODLAUNCHER]: Adding transformer net.minecraftforge.coremod.transformer.CoreModClassTransformer@19ad75e5 to Target : CLASS {Lnet/acetheeldritchking/cataclysm_spellbooks/entity/render/armor/BloomStoneMageArmorRenderer;} {} {V}
[30Sep2026 19:51:03.592] [main/DEBUG] [cpw.mods.modlauncher.TransformStore/MODLAUNCHER]: Adding transformer net.minecraftforge.coremod.transformer.CoreModClassTransformer@7cd5fcf4 to Target : CLASS {Lnet/acetheeldritchking/cataclysm_spellbooks/entity/render/armor/CursiumMageArmorRenderer;} {} {V}
[30Sep2026 19:51:03.592] [main/DEBUG] [cpw.mods.modlauncher.TransformStore/MODLAUNCHER]: Adding transformer net.minecraftforge.coremod.transformer.CoreModClassTransformer@19cdc217 to Target : CLASS {Lnet/acetheeldritchking/cataclysm_spellbooks/entity/render/armor/CursiumMageElytraArmorRenderer;} {} {V}
[30Sep2026 19:51:03.592] [main/DEBUG] [cpw.mods.modlauncher.TransformStore/MODLAUNCHER]: Adding transformer net.minecraftforge.coremod.transformer.CoreModClassTransformer@5f5297e3 to Target : CLASS {Lnet/acetheeldritchking/cataclysm_spellbooks/entity/render/armor/EngineerMageArmorRenderer;} {} {V}
[30Sep2026 19:51:03.592] [main/DEBUG] [cpw.mods.modlauncher.TransformStore/MODLAUNCHER]: Adding transformer net.minecraftforge.coremod.transformer.CoreModClassTransformer@2d22d3b1 to Target : CLASS {Lnet/acetheeldritchking/cataclysm_spellbooks/entity/render/armor/ExcelsiusCooldownArmorRenderer;} {} {V}
[30Sep2026 19:51:03.592] [main/DEBUG] [cpw.mods.modlauncher.TransformStore/MODLAUNCHER]: Adding transformer net.minecraftforge.coremod.transformer.CoreModClassTransformer@7ec3a8bd to Target : CLASS {Lnet/acetheeldritchking/cataclysm_spellbooks/entity/render/armor/ExcelsiusLegArmorRenderer;} {} {V}
[30Sep2026 19:51:03.592] [main/DEBUG] [cpw.mods.modlauncher.TransformStore/MODLAUNCHER]: Adding transformer net.minecraftforge.coremod.transformer.CoreModClassTransformer@9690008 to Target : CLASS {Lnet/acetheeldritchking/cataclysm_spellbooks/entity/render/armor/ExcelsiusPowerArmorRenderer;} {} {V}
[30Sep2026 19:51:03.592] [main/DEBUG] [cpw.mods.modlauncher.TransformStore/MODLAUNCHER]: Adding transformer net.minecraftforge.coremod.transformer.CoreModClassTransformer@42cf6349 to Target : CLASS {Lnet/acetheeldritchking/cataclysm_spellbooks/entity/render/armor/ExcelsiusResistArmorRenderer;} {} {V}
[30Sep2026 19:51:03.592] [main/DEBUG] [cpw.mods.modlauncher.TransformStore/MODLAUNCHER]: Adding transformer net.minecraftforge.coremod.transformer.CoreModClassTransformer@79cb8ffa to Target : CLASS {Lnet/acetheeldritchking/cataclysm_spellbooks/entity/render/armor/IgnisWizardArmorRenderer;} {} {V}
[30Sep2026 19:51:03.592] [main/DEBUG] [cpw.mods.modlauncher.TransformStore/MODLAUNCHER]: Adding transformer net.minecraftforge.coremod.transformer.CoreModClassTransformer@1a2e563e to Target : CLASS {Lnet/acetheeldritchking/cataclysm_spellbooks/entity/render/armor/IgnisWizardElytraArmorRenderer;} {} {V}
[30Sep2026 19:51:03.592] [main/DEBUG] [cpw.mods.modlauncher.TransformStore/MODLAUNCHER]: Adding transformer net.minecraftforge.coremod.transformer.CoreModClassTransformer@5b066c33 to Target : CLASS {Lnet/acetheeldritchking/cataclysm_spellbooks/entity/render/armor/MonstrousWizardHatArmorRenderer;} {} {V}
[30Sep2026 19:51:03.592] [main/DEBUG] [cpw.mods.modlauncher.TransformStore/MODLAUNCHER]: Adding transformer net.minecraftforge.coremod.transformer.CoreModClassTransformer@62ea8931 to Target : CLASS {Lnet/acetheeldritchking/cataclysm_spellbooks/entity/render/armor/PharaohMageArmorRenderer;} {} {V}
[30Sep2026 19:51:03.593] [main/DEBUG] [cpw.mods.modlauncher.TransformStore/MODLAUNCHER]: Adding transformer net.minecraftforge.coremod.transformer.CoreModClassTransformer@47fb7ec9 to Target : CLASS {Lnet/acetheeldritchking/cataclysm_spellbooks/entity/render/items/BurstSheathRenderer;} {} {V}
[30Sep2026 19:51:03.593] [main/DEBUG] [cpw.mods.modlauncher.TransformStore/MODLAUNCHER]: Adding transformer net.minecraftforge.coremod.transformer.CoreModClassTransformer@2f8c4fae to Target : CLASS {Lnet/acetheeldritchking/cataclysm_spellbooks/entity/render/items/CodexOfMaliceSpellBookRenderer;} {} {V}
[30Sep2026 19:51:03.593] [main/DEBUG] [cpw.mods.modlauncher.TransformStore/MODLAUNCHER]: Adding transformer net.minecraftforge.coremod.transformer.CoreModClassTransformer@4703c998 to Target : CLASS {Lnet/acetheeldritchking/cataclysm_spellbooks/entity/render/items/DiscDriverSpellbookRenderer;} {} {V}
[30Sep2026 19:51:03.593] [main/DEBUG] [cpw.mods.modlauncher.TransformStore/MODLAUNCHER]: Adding transformer net.minecraftforge.coremod.transformer.CoreModClassTransformer@71166348 to Target : CLASS {Lnet/acetheeldritchking/cataclysm_spellbooks/entity/render/items/GauntletOfGattlingRenderer;} {} {V}
[30Sep2026 19:51:03.593] [main/DEBUG] [cpw.mods.modlauncher.TransformStore/MODLAUNCHER]: Adding transformer net.minecraftforge.coremod.transformer.CoreModClassTransformer@6d874695 to Target : CLASS {Lnet/acetheeldritchking/cataclysm_spellbooks/entity/render/items/GauntletOfPowerRenderer;} {} {V}
[30Sep2026 19:51:03.593] [main/DEBUG] [cpw.mods.modlauncher.TransformStore/MODLAUNCHER]: Adding transformer net.minecraftforge.coremod.transformer.CoreModClassTransformer@20bb85b4 to Target : CLASS {Lnet/acetheeldritchking/cataclysm_spellbooks/entity/render/items/MurasamaBladeRenderer;} {} {V}
[30Sep2026 19:51:03.593] [main/DEBUG] [cpw.mods.modlauncher.TransformStore/MODLAUNCHER]: Adding transformer net.minecraftforge.coremod.transformer.CoreModClassTransformer@79add732 to Target : CLASS {Lnet/acetheeldritchking/cataclysm_spellbooks/entity/render/items/SpiritSundererStaffRenderer;} {} {V}
[30Sep2026 19:51:03.593] [main/DEBUG] [cpw.mods.modlauncher.TransformStore/MODLAUNCHER]: Adding transformer net.minecraftforge.coremod.transformer.CoreModClassTransformer@3be3e76c to Target : CLASS {Lnet/acetheeldritchking/cataclysm_spellbooks/entity/render/items/TheBerserkerRenderer;} {} {V}
[30Sep2026 19:51:03.593] [main/DEBUG] [cpw.mods.modlauncher.TransformStore/MODLAUNCHER]: Adding transformer net.minecraftforge.coremod.transformer.CoreModClassTransformer@6c07ad6b to Target : CLASS {Lnet/acetheeldritchking/cataclysm_spellbooks/entity/render/items/TheCombusterRenderer;} {} {V}
[30Sep2026 19:51:03.593] [main/DEBUG] [cpw.mods.modlauncher.TransformStore/MODLAUNCHER]: Adding transformer net.minecraftforge.coremod.transformer.CoreModClassTransformer@10ed037a to Target : CLASS {Lnet/acetheeldritchking/cataclysm_spellbooks/entity/render/items/TheNightStalkerRenderer;} {} {V}
[30Sep2026 19:51:03.593] [main/DEBUG] [cpw.mods.modlauncher.TransformStore/MODLAUNCHER]: Adding transformer net.minecraftforge.coremod.transformer.CoreModClassTransformer@76e4212 to Target : CLASS {Lnet/acetheeldritchking/cataclysm_spellbooks/items/armor/animators/CursiumMageElytraAnimator;} {} {V}
[30Sep2026 19:51:03.593] [main/DEBUG] [cpw.mods.modlauncher.TransformStore/MODLAUNCHER]: Adding transformer net.minecraftforge.coremod.transformer.CoreModClassTransformer@23121d14 to Target : CLASS {Lnet/acetheeldritchking/cataclysm_spellbooks/items/armor/animators/ExcelsiusCooldownAnimator;} {} {V}
[30Sep2026 19:51:03.593] [main/DEBUG] [cpw.mods.modlauncher.TransformStore/MODLAUNCHER]: Adding transformer net.minecraftforge.coremod.transformer.CoreModClassTransformer@72af90e8 to Target : CLASS {Lnet/acetheeldritchking/cataclysm_spellbooks/items/armor/animators/ExcelsiusPowerAnimator;} {} {V}
[30Sep2026 19:51:03.593] [main/DEBUG] [cpw.mods.modlauncher.TransformStore/MODLAUNCHER]: Adding transformer net.minecraftforge.coremod.transformer.CoreModClassTransformer@aa1bb14 to Target : CLASS {Lnet/acetheeldritchking/cataclysm_spellbooks/items/armor/animators/ExcelsiusResistAnimator;} {} {V}
[30Sep2026 19:51:03.593] [main/DEBUG] [cpw.mods.modlauncher.TransformStore/MODLAUNCHER]: Adding transformer net.minecraftforge.coremod.transformer.CoreModClassTransformer@7faa0680 to Target : CLASS {Lnet/acetheeldritchking/cataclysm_spellbooks/items/armor/animators/IgnisWizardElytraAnimator;} {} {V}
[30Sep2026 19:51:03.594] [main/DEBUG] [cpw.mods.modlauncher.TransformStore/MODLAUNCHER]: Adding transformer net.minecraftforge.coremod.transformer.CoreModClassTransformer@4c635edc to Target : CLASS {Lnet/acetheeldritchking/cataclysm_spellbooks/items/custom/CSItemDispatcher;} {} {V}
[30Sep2026 19:51:03.594] [main/DEBUG] [cpw.mods.modlauncher.TransformStore/MODLAUNCHER]: Adding transformer net.minecraftforge.coremod.transformer.CoreModClassTransformer@4245bf68 to Target : CLASS {Lnet/acetheeldritchking/cataclysm_spellbooks/items/spellbooks/animators/DiscDriverSpellbookAnimator;} {} {V}
[30Sep2026 19:51:03.594] [main/DEBUG] [cpw.mods.modlauncher.TransformStore/MODLAUNCHER]: Adding transformer net.minecraftforge.coremod.transformer.CoreModClassTransformer@45bbc52f to Target : CLASS {Lnet/acetheeldritchking/cataclysm_spellbooks/items/staffs/animators/GauntletOfGattlingAnimator;} {} {V}
[30Sep2026 19:51:03.594] [main/DEBUG] [cpw.mods.modlauncher.TransformStore/MODLAUNCHER]: Adding transformer net.minecraftforge.coremod.transformer.CoreModClassTransformer@6a8a551e to Target : CLASS {Lnet/acetheeldritchking/cataclysm_spellbooks/items/staffs/animators/TheBerserkerAnimator;} {} {V}
[30Sep2026 19:51:03.594] [main/DEBUG] [cpw.mods.modlauncher.TransformStore/MODLAUNCHER]: Adding transformer net.minecraftforge.coremod.transformer.CoreModClassTransformer@3cc9632d to Target : CLASS {Lnet/acetheeldritchking/cataclysm_spellbooks/items/staffs/animators/TheCombusterAnimator;} {} {V}
[30Sep2026 19:51:03.594] [main/DEBUG] [cpw.mods.modlauncher.TransformStore/MODLAUNCHER]: Adding transformer net.minecraftforge.coremod.transformer.CoreModClassTransformer@53982523 to Target : CLASS {Lnet/acetheeldritchking/cataclysm_spellbooks/items/staffs/animators/TheNightStalkerAnimator;} {} {V}
[30Sep2026 19:51:03.594] [main/DEBUG] [cpw.mods.modlauncher.TransformStore/MODLAUNCHER]: Adding transformer net.minecraftforge.coremod.transformer.CoreModClassTransformer@489110c2 to Target : CLASS {Lnet/minecraft/world/level/biome/Biome;} {} {V}
[30Sep2026 19:51:03.594] [main/DEBUG] [cpw.mods.modlauncher.TransformStore/MODLAUNCHER]: Adding transformer net.minecraftforge.coremod.transformer.CoreModClassTransformer@700b9e6b to Target : CLASS {Lnet/minecraft/world/level/levelgen/structure/Structure;} {} {V}
[30Sep2026 19:51:03.594] [main/DEBUG] [cpw.mods.modlauncher.TransformStore/MODLAUNCHER]: Adding transformer net.minecraftforge.coremod.transformer.CoreModClassTransformer@7ac5b4c to Target : CLASS {Lnet/minecraft/world/effect/MobEffectInstance;} {} {V}
[30Sep2026 19:51:03.594] [main/DEBUG] [cpw.mods.modlauncher.TransformStore/MODLAUNCHER]: Adding transformer net.minecraftforge.coremod.transformer.CoreModClassTransformer@150fc7a7 to Target : CLASS {Lnet/minecraft/world/level/block/LiquidBlock;} {} {V}
[30Sep2026 19:51:03.594] [main/DEBUG] [cpw.mods.modlauncher.TransformStore/MODLAUNCHER]: Adding transformer net.minecraftforge.coremod.transformer.CoreModClassTransformer@55d8c2c4 to Target : CLASS {Lnet/minecraft/world/item/BucketItem;} {} {V}
[30Sep2026 19:51:03.594] [main/DEBUG] [cpw.mods.modlauncher.TransformStore/MODLAUNCHER]: Adding transformer net.minecraftforge.coremod.transformer.CoreModClassTransformer@798cf6d2 to Target : CLASS {Lnet/minecraft/world/level/block/StairBlock;} {} {V}
[30Sep2026 19:51:03.594] [main/DEBUG] [cpw.mods.modlauncher.TransformStore/MODLAUNCHER]: Adding transformer net.minecraftforge.coremod.transformer.CoreModClassTransformer@1c1fa494 to Target : CLASS {Lnet/minecraft/world/level/block/FlowerPotBlock;} {} {V}
[30Sep2026 19:51:03.594] [main/DEBUG] [cpw.mods.modlauncher.TransformStore/MODLAUNCHER]: Adding transformer net.minecraftforge.coremod.transformer.CoreModClassTransformer@77c66a4f to Target : CLASS {Lnet/minecraft/world/item/ItemStack;} {} {V}
[30Sep2026 19:51:03.594] [main/DEBUG] [cpw.mods.modlauncher.TransformStore/MODLAUNCHER]: Adding transformer net.minecraftforge.coremod.transformer.CoreModClassTransformer@649b5891 to Target : CLASS {Lnet/minecraft/network/play/client/CClientSettingsPacket;} {} {V}
[30Sep2026 19:51:03.594] [main/DEBUG] [cpw.mods.modlauncher.TransformStore/MODLAUNCHER]: Adding transformer net.minecraftforge.coremod.transformer.CoreModClassTransformer@7a3f08b6 to Target : CLASS {Lnet/minecraft/world/level/levelgen/structure/structures/WoodlandMansionPieces$WoodlandMansionPiece;} {} {V}
[30Sep2026 19:51:03.594] [main/DEBUG] [cpw.mods.modlauncher.TransformStore/MODLAUNCHER]: Adding transformer net.minecraftforge.coremod.transformer.CoreModClassTransformer@7a3f08b6 to Target : CLASS {Lnet/minecraft/world/entity/monster/Zombie;} {} {V}
[30Sep2026 19:51:03.595] [main/DEBUG] [cpw.mods.modlauncher.TransformStore/MODLAUNCHER]: Adding transformer net.minecraftforge.coremod.transformer.CoreModClassTransformer@7a3f08b6 to Target : CLASS {Lnet/minecraft/world/level/levelgen/structure/structures/OceanRuinPieces$OceanRuinPiece;} {} {V}
[30Sep2026 19:51:03.595] [main/DEBUG] [cpw.mods.modlauncher.TransformStore/MODLAUNCHER]: Adding transformer net.minecraftforge.coremod.transformer.CoreModClassTransformer@7a3f08b6 to Target : CLASS {Lnet/minecraft/world/entity/monster/Strider;} {} {V}
[30Sep2026 19:51:03.595] [main/DEBUG] [cpw.mods.modlauncher.TransformStore/MODLAUNCHER]: Adding transformer net.minecraftforge.coremod.transformer.CoreModClassTransformer@7a3f08b6 to Target : CLASS {Lnet/minecraft/server/commands/SummonCommand;} {} {V}
[30Sep2026 19:51:03.595] [main/DEBUG] [cpw.mods.modlauncher.TransformStore/MODLAUNCHER]: Adding transformer net.minecraftforge.coremod.transformer.CoreModClassTransformer@7a3f08b6 to Target : CLASS {Lnet/minecraft/world/entity/raid/Raid;} {} {V}
[30Sep2026 19:51:03.595] [main/DEBUG] [cpw.mods.modlauncher.TransformStore/MODLAUNCHER]: Adding transformer net.minecraftforge.coremod.transformer.CoreModClassTransformer@7a3f08b6 to Target : CLASS {Lnet/minecraft/world/level/levelgen/structure/templatesystem/StructureTemplate;} {} {V}
[30Sep2026 19:51:03.595] [main/DEBUG] [cpw.mods.modlauncher.TransformStore/MODLAUNCHER]: Adding transformer net.minecraftforge.coremod.transformer.CoreModClassTransformer@7a3f08b6 to Target : CLASS {Lnet/minecraft/world/entity/monster/Evoker$EvokerSummonSpellGoal;} {} {V}
[30Sep2026 19:51:03.595] [main/DEBUG] [cpw.mods.modlauncher.TransformStore/MODLAUNCHER]: Adding transformer net.minecraftforge.coremod.transformer.CoreModClassTransformer@7a3f08b6 to Target : CLASS {Lnet/minecraft/world/level/levelgen/PatrolSpawner;} {} {V}
[30Sep2026 19:51:03.595] [main/DEBUG] [cpw.mods.modlauncher.TransformStore/MODLAUNCHER]: Adding transformer net.minecraftforge.coremod.transformer.CoreModClassTransformer@7a3f08b6 to Target : CLASS {Lnet/minecraft/server/commands/RaidCommand;} {} {V}
[30Sep2026 19:51:03.595] [main/DEBUG] [cpw.mods.modlauncher.TransformStore/MODLAUNCHER]: Adding transformer net.minecraftforge.coremod.transformer.CoreModClassTransformer@7a3f08b6 to Target : CLASS {Lnet/minecraft/world/level/levelgen/structure/structures/SwampHutPiece;} {} {V}
[30Sep2026 19:51:03.595] [main/DEBUG] [cpw.mods.modlauncher.TransformStore/MODLAUNCHER]: Adding transformer net.minecraftforge.coremod.transformer.CoreModClassTransformer@7a3f08b6 to Target : CLASS {Lnet/minecraft/world/level/levelgen/PhantomSpawner;} {} {V}
[30Sep2026 19:51:03.595] [main/DEBUG] [cpw.mods.modlauncher.TransformStore/MODLAUNCHER]: Adding transformer net.minecraftforge.coremod.transformer.CoreModClassTransformer@7a3f08b6 to Target : CLASS {Lnet/minecraft/world/level/levelgen/structure/structures/OceanMonumentPieces$OceanMonumentPiece;} {} {V}
[30Sep2026 19:51:03.595] [main/DEBUG] [cpw.mods.modlauncher.TransformStore/MODLAUNCHER]: Adding transformer net.minecraftforge.coremod.transformer.CoreModClassTransformer@7a3f08b6 to Target : CLASS {Lnet/minecraft/world/entity/EntityType;} {} {V}
[30Sep2026 19:51:03.595] [main/DEBUG] [cpw.mods.modlauncher.TransformStore/MODLAUNCHER]: Adding transformer net.minecraftforge.coremod.transformer.CoreModClassTransformer@7a3f08b6 to Target : CLASS {Lnet/minecraft/world/entity/ai/village/VillageSiege;} {} {V}
[30Sep2026 19:51:03.595] [main/DEBUG] [cpw.mods.modlauncher.TransformStore/MODLAUNCHER]: Adding transformer net.minecraftforge.coremod.transformer.CoreModClassTransformer@7a3f08b6 to Target : CLASS {Lnet/minecraft/world/entity/animal/frog/Tadpole;} {} {V}
[30Sep2026 19:51:03.595] [main/DEBUG] [cpw.mods.modlauncher.TransformStore/MODLAUNCHER]: Adding transformer net.minecraftforge.coremod.transformer.CoreModClassTransformer@7a3f08b6 to Target : CLASS {Lnet/minecraft/world/entity/npc/Villager;} {} {V}
[30Sep2026 19:51:03.595] [main/DEBUG] [cpw.mods.modlauncher.TransformStore/MODLAUNCHER]: Adding transformer net.minecraftforge.coremod.transformer.CoreModClassTransformer@7a3f08b6 to Target : CLASS {Lnet/minecraft/world/level/NaturalSpawner;} {} {V}
[30Sep2026 19:51:03.595] [main/DEBUG] [cpw.mods.modlauncher.TransformStore/MODLAUNCHER]: Adding transformer net.minecraftforge.coremod.transformer.CoreModClassTransformer@7a3f08b6 to Target : CLASS {Lnet/minecraft/world/entity/monster/ZombieVillager;} {} {V}
[30Sep2026 19:51:03.595] [main/DEBUG] [cpw.mods.modlauncher.TransformStore/MODLAUNCHER]: Adding transformer net.minecraftforge.coremod.transformer.CoreModClassTransformer@7a3f08b6 to Target : CLASS {Lnet/minecraft/world/entity/animal/horse/SkeletonTrapGoal;} {} {V}
[30Sep2026 19:51:03.595] [main/DEBUG] [cpw.mods.modlauncher.TransformStore/MODLAUNCHER]: Adding transformer net.minecraftforge.coremod.transformer.CoreModClassTransformer@7a3f08b6 to Target : CLASS {Lnet/minecraft/world/entity/npc/CatSpawner;} {} {V}
[30Sep2026 19:51:03.595] [main/DEBUG] [cpw.mods.modlauncher.TransformStore/MODLAUNCHER]: Adding transformer net.minecraftforge.coremod.transformer.CoreModClassTransformer@7a3f08b6 to Target : CLASS {Lnet/minecraft/world/entity/monster/Spider;} {} {V}
[30Sep2026 19:51:03.595] [main/DEBUG] [cpw.mods.modlauncher.TransformStore/MODLAUNCHER]: Adding transformer net.minecraftforge.coremod.transformer.CoreModMethodTransformer@5fb5ad40 to Target : METHOD {Lnet/minecraftforge/common/extensions/IForgeItemStack;} {getAllEnchantments} {()Ljava/util/Map;}
[30Sep2026 19:51:03.595] [main/DEBUG] [cpw.mods.modlauncher.TransformStore/MODLAUNCHER]: Adding transformer net.minecraftforge.coremod.transformer.CoreModMethodTransformer@615439f7 to Target : METHOD {Lnet/minecraftforge/common/extensions/IForgeItemStack;} {getEnchantmentLevel} {(Lnet/minecraft/world/item/enchantment/Enchantment;)I}
[30Sep2026 19:51:03.595] [main/DEBUG] [cpw.mods.modlauncher.TransformStore/MODLAUNCHER]: Adding transformer net.minecraftforge.coremod.transformer.CoreModMethodTransformer@632cf7d3 to Target : METHOD {Lnet/minecraft/client/gui/screens/inventory/EffectRenderingInventoryScreen;} {m_280113_} {(Lnet/minecraft/client/gui/GuiGraphics;II)V}
[30Sep2026 19:51:03.596] [main/DEBUG] [cpw.mods.modlauncher.TransformationServiceDecorator/MODLAUNCHER]: Initialized transformers for transformation service fml
[30Sep2026 19:51:04.019] [main/DEBUG] [mixin/]: Processing prepare() for PlatformAgent[MixinPlatformAgentDefault:ModLauncher Root Container(ModLauncher:4f56a0a2)]
[30Sep2026 19:51:04.019] [main/DEBUG] [mixin/]: Processing launch tasks for PlatformAgent[MixinPlatformAgentDefault:ModLauncher Root Container(ModLauncher:4f56a0a2)]
[30Sep2026 19:51:04.019] [main/DEBUG] [mixin/]: Adding mixin platform agents for container SecureJarResource(minecraft)
[30Sep2026 19:51:04.019] [main/DEBUG] [mixin/]: Instancing new MixinPlatformAgentMinecraftForge for SecureJarResource(minecraft)
[30Sep2026 19:51:04.019] [main/DEBUG] [mixin/]: MixinPlatformAgentMinecraftForge rejected container SecureJarResource(minecraft)
[30Sep2026 19:51:04.019] [main/DEBUG] [mixin/]: Instancing new MixinPlatformAgentDefault for SecureJarResource(minecraft)
[30Sep2026 19:51:04.019] [main/DEBUG] [mixin/]: MixinPlatformAgentDefault accepted container SecureJarResource(minecraft)
[30Sep2026 19:51:04.019] [main/DEBUG] [mixin/]: Processing prepare() for PlatformAgent[MixinPlatformAgentDefault:SecureJarResource(minecraft)]
[30Sep2026 19:51:04.019] [main/DEBUG] [mixin/]: Adding mixin platform agents for container SecureJarResource(invincible)
[30Sep2026 19:51:04.019] [main/DEBUG] [mixin/]: Instancing new MixinPlatformAgentMinecraftForge for SecureJarResource(invincible)
[30Sep2026 19:51:04.019] [main/DEBUG] [mixin/]: MixinPlatformAgentMinecraftForge rejected container SecureJarResource(invincible)
[30Sep2026 19:51:04.019] [main/DEBUG] [mixin/]: Instancing new MixinPlatformAgentDefault for SecureJarResource(invincible)
[30Sep2026 19:51:04.020] [main/DEBUG] [mixin/]: MixinPlatformAgentDefault accepted container SecureJarResource(invincible)
[30Sep2026 19:51:04.020] [main/DEBUG] [mixin/]: Processing prepare() for PlatformAgent[MixinPlatformAgentDefault:SecureJarResource(invincible)]
[30Sep2026 19:51:04.020] [main/DEBUG] [mixin/]: Registering mixin config: invincible.mixins.json
[30Sep2026 19:51:04.027] [main/DEBUG] [mixin/]: Compatibility level JAVA_17 specified by invincible.mixins.json is higher than the maximum level supported by this version of mixin (JAVA_13).
[30Sep2026 19:51:04.029] [main/INFO] [mixin/]: Compatibility level set to JAVA_17
[30Sep2026 19:51:04.029] [main/DEBUG] [mixin/]: Adding mixin platform agents for container SecureJarResource(playeranimator)
[30Sep2026 19:51:04.029] [main/DEBUG] [mixin/]: Instancing new MixinPlatformAgentMinecraftForge for SecureJarResource(playeranimator)
[30Sep2026 19:51:04.029] [main/DEBUG] [mixin/]: MixinPlatformAgentMinecraftForge rejected container SecureJarResource(playeranimator)
[30Sep2026 19:51:04.029] [main/DEBUG] [mixin/]: Instancing new MixinPlatformAgentDefault for SecureJarResource(playeranimator)
[30Sep2026 19:51:04.030] [main/DEBUG] [mixin/]: MixinPlatformAgentDefault accepted container SecureJarResource(playeranimator)
[30Sep2026 19:51:04.030] [main/DEBUG] [mixin/]: Processing prepare() for PlatformAgent[MixinPlatformAgentDefault:SecureJarResource(playeranimator)]
[30Sep2026 19:51:04.030] [main/DEBUG] [mixin/]: Registering mixin config: playerAnimator-common.mixins.json
[30Sep2026 19:51:04.031] [main/DEBUG] [mixin/]: Compatibility level JAVA_16 specified by playerAnimator-common.mixins.json is higher than the maximum level supported by this version of mixin (JAVA_13).
[30Sep2026 19:51:04.031] [main/DEBUG] [mixin/]: Adding mixin platform agents for container SecureJarResource(irons_lib)
[30Sep2026 19:51:04.031] [main/DEBUG] [mixin/]: Instancing new MixinPlatformAgentMinecraftForge for SecureJarResource(irons_lib)
[30Sep2026 19:51:04.031] [main/DEBUG] [mixin/]: MixinPlatformAgentMinecraftForge rejected container SecureJarResource(irons_lib)
[30Sep2026 19:51:04.031] [main/DEBUG] [mixin/]: Instancing new MixinPlatformAgentDefault for SecureJarResource(irons_lib)
[30Sep2026 19:51:04.031] [main/DEBUG] [mixin/]: MixinPlatformAgentDefault accepted container SecureJarResource(irons_lib)
[30Sep2026 19:51:04.031] [main/DEBUG] [mixin/]: Processing prepare() for PlatformAgent[MixinPlatformAgentDefault:SecureJarResource(irons_lib)]
[30Sep2026 19:51:04.031] [main/DEBUG] [mixin/]: Registering mixin config: irons_lib.mixins.json
[30Sep2026 19:51:04.032] [main/DEBUG] [mixin/]: Adding mixin platform agents for container SecureJarResource(lionfishapi)
[30Sep2026 19:51:04.032] [main/DEBUG] [mixin/]: Instancing new MixinPlatformAgentMinecraftForge for SecureJarResource(lionfishapi)
[30Sep2026 19:51:04.032] [main/DEBUG] [mixin/]: MixinPlatformAgentMinecraftForge rejected container SecureJarResource(lionfishapi)
[30Sep2026 19:51:04.032] [main/DEBUG] [mixin/]: Instancing new MixinPlatformAgentDefault for SecureJarResource(lionfishapi)
[30Sep2026 19:51:04.032] [main/DEBUG] [mixin/]: MixinPlatformAgentDefault accepted container SecureJarResource(lionfishapi)
[30Sep2026 19:51:04.032] [main/DEBUG] [mixin/]: Processing prepare() for PlatformAgent[MixinPlatformAgentDefault:SecureJarResource(lionfishapi)]
[30Sep2026 19:51:04.032] [main/DEBUG] [mixin/]: Registering mixin config: lionfishapi.mixins.json
[30Sep2026 19:51:04.033] [main/DEBUG] [mixin/]: Adding mixin platform agents for container SecureJarResource(traveloptics)
[30Sep2026 19:51:04.033] [main/DEBUG] [mixin/]: Instancing new MixinPlatformAgentMinecraftForge for SecureJarResource(traveloptics)
[30Sep2026 19:51:04.033] [main/DEBUG] [mixin/]: MixinPlatformAgentMinecraftForge rejected container SecureJarResource(traveloptics)
[30Sep2026 19:51:04.033] [main/DEBUG] [mixin/]: Instancing new MixinPlatformAgentDefault for SecureJarResource(traveloptics)
[30Sep2026 19:51:04.033] [main/DEBUG] [mixin/]: MixinPlatformAgentDefault accepted container SecureJarResource(traveloptics)
[30Sep2026 19:51:04.033] [main/DEBUG] [mixin/]: Processing prepare() for PlatformAgent[MixinPlatformAgentDefault:SecureJarResource(traveloptics)]
[30Sep2026 19:51:04.033] [main/DEBUG] [mixin/]: Adding mixin platform agents for container SecureJarResource(cataclysm)
[30Sep2026 19:51:04.033] [main/DEBUG] [mixin/]: Instancing new MixinPlatformAgentMinecraftForge for SecureJarResource(cataclysm)
[30Sep2026 19:51:04.033] [main/DEBUG] [mixin/]: MixinPlatformAgentMinecraftForge rejected container SecureJarResource(cataclysm)
[30Sep2026 19:51:04.033] [main/DEBUG] [mixin/]: Instancing new MixinPlatformAgentDefault for SecureJarResource(cataclysm)
[30Sep2026 19:51:04.033] [main/DEBUG] [mixin/]: MixinPlatformAgentDefault accepted container SecureJarResource(cataclysm)
[30Sep2026 19:51:04.033] [main/DEBUG] [mixin/]: Processing prepare() for PlatformAgent[MixinPlatformAgentDefault:SecureJarResource(cataclysm)]
[30Sep2026 19:51:04.034] [main/DEBUG] [mixin/]: Registering mixin config: lionfishapi.mixins.json
[30Sep2026 19:51:04.034] [main/DEBUG] [mixin/]: Registering mixin config: cataclysm.mixins.json
[30Sep2026 19:51:04.034] [main/DEBUG] [mixin/]: Adding mixin platform agents for container SecureJarResource(curios)
[30Sep2026 19:51:04.034] [main/DEBUG] [mixin/]: Instancing new MixinPlatformAgentMinecraftForge for SecureJarResource(curios)
[30Sep2026 19:51:04.034] [main/DEBUG] [mixin/]: MixinPlatformAgentMinecraftForge rejected container SecureJarResource(curios)
[30Sep2026 19:51:04.034] [main/DEBUG] [mixin/]: Instancing new MixinPlatformAgentDefault for SecureJarResource(curios)
[30Sep2026 19:51:04.034] [main/DEBUG] [mixin/]: MixinPlatformAgentDefault accepted container SecureJarResource(curios)
[30Sep2026 19:51:04.034] [main/DEBUG] [mixin/]: Processing prepare() for PlatformAgent[MixinPlatformAgentDefault:SecureJarResource(curios)]
[30Sep2026 19:51:04.034] [main/DEBUG] [mixin/]: Registering mixin config: curios.mixins.json
[30Sep2026 19:51:04.035] [main/DEBUG] [mixin/]: Adding mixin platform agents for container SecureJarResource(placebo)
[30Sep2026 19:51:04.035] [main/DEBUG] [mixin/]: Instancing new MixinPlatformAgentMinecraftForge for SecureJarResource(placebo)
[30Sep2026 19:51:04.035] [main/DEBUG] [mixin/]: MixinPlatformAgentMinecraftForge rejected container SecureJarResource(placebo)
[30Sep2026 19:51:04.035] [main/DEBUG] [mixin/]: Instancing new MixinPlatformAgentDefault for SecureJarResource(placebo)
[30Sep2026 19:51:04.035] [main/DEBUG] [mixin/]: MixinPlatformAgentDefault accepted container SecureJarResource(placebo)
[30Sep2026 19:51:04.035] [main/DEBUG] [mixin/]: Processing prepare() for PlatformAgent[MixinPlatformAgentDefault:SecureJarResource(placebo)]
[30Sep2026 19:51:04.035] [main/DEBUG] [mixin/]: Registering mixin config: placebo.mixins.json
[30Sep2026 19:51:04.036] [main/DEBUG] [mixin/]: Adding mixin platform agents for container SecureJarResource(citadel)
[30Sep2026 19:51:04.036] [main/DEBUG] [mixin/]: Instancing new MixinPlatformAgentMinecraftForge for SecureJarResource(citadel)
[30Sep2026 19:51:04.036] [main/DEBUG] [mixin/]: MixinPlatformAgentMinecraftForge rejected container SecureJarResource(citadel)
[30Sep2026 19:51:04.036] [main/DEBUG] [mixin/]: Instancing new MixinPlatformAgentDefault for SecureJarResource(citadel)
[30Sep2026 19:51:04.036] [main/DEBUG] [mixin/]: MixinPlatformAgentDefault accepted container SecureJarResource(citadel)
[30Sep2026 19:51:04.036] [main/DEBUG] [mixin/]: Processing prepare() for PlatformAgent[MixinPlatformAgentDefault:SecureJarResource(citadel)]
[30Sep2026 19:51:04.036] [main/DEBUG] [mixin/]: Registering mixin config: citadel.mixins.json
[30Sep2026 19:51:04.036] [main/DEBUG] [mixin/]: Adding mixin platform agents for container SecureJarResource(alexscaves)
[30Sep2026 19:51:04.036] [main/DEBUG] [mixin/]: Instancing new MixinPlatformAgentMinecraftForge for SecureJarResource(alexscaves)
[30Sep2026 19:51:04.037] [main/DEBUG] [mixin/]: MixinPlatformAgentMinecraftForge rejected container SecureJarResource(alexscaves)
[30Sep2026 19:51:04.037] [main/DEBUG] [mixin/]: Instancing new MixinPlatformAgentDefault for SecureJarResource(alexscaves)
[30Sep2026 19:51:04.037] [main/DEBUG] [mixin/]: MixinPlatformAgentDefault accepted container SecureJarResource(alexscaves)
[30Sep2026 19:51:04.037] [main/DEBUG] [mixin/]: Processing prepare() for PlatformAgent[MixinPlatformAgentDefault:SecureJarResource(alexscaves)]
[30Sep2026 19:51:04.037] [main/DEBUG] [mixin/]: Registering mixin config: citadel.mixins.json
[30Sep2026 19:51:04.037] [main/DEBUG] [mixin/]: Registering mixin config: alexscaves.mixins.json
[30Sep2026 19:51:04.037] [main/DEBUG] [mixin/]: Adding mixin platform agents for container SecureJarResource(irons_spellbooks)
[30Sep2026 19:51:04.037] [main/DEBUG] [mixin/]: Instancing new MixinPlatformAgentMinecraftForge for SecureJarResource(irons_spellbooks)
[30Sep2026 19:51:04.037] [main/DEBUG] [mixin/]: MixinPlatformAgentMinecraftForge rejected container SecureJarResource(irons_spellbooks)
[30Sep2026 19:51:04.037] [main/DEBUG] [mixin/]: Instancing new MixinPlatformAgentDefault for SecureJarResource(irons_spellbooks)
[30Sep2026 19:51:04.037] [main/DEBUG] [mixin/]: MixinPlatformAgentDefault accepted container SecureJarResource(irons_spellbooks)
[30Sep2026 19:51:04.037] [main/DEBUG] [mixin/]: Processing prepare() for PlatformAgent[MixinPlatformAgentDefault:SecureJarResource(irons_spellbooks)]
[30Sep2026 19:51:04.037] [main/DEBUG] [mixin/]: Registering mixin config: mixins.irons_spellbooks.json
[30Sep2026 19:51:04.038] [main/DEBUG] [mixin/]: Adding mixin platform agents for container SecureJarResource(cataclysm_magic_compat)
[30Sep2026 19:51:04.038] [main/DEBUG] [mixin/]: Instancing new MixinPlatformAgentMinecraftForge for SecureJarResource(cataclysm_magic_compat)
[30Sep2026 19:51:04.038] [main/DEBUG] [mixin/]: MixinPlatformAgentMinecraftForge rejected container SecureJarResource(cataclysm_magic_compat)
[30Sep2026 19:51:04.038] [main/DEBUG] [mixin/]: Instancing new MixinPlatformAgentDefault for SecureJarResource(cataclysm_magic_compat)
[30Sep2026 19:51:04.038] [main/DEBUG] [mixin/]: MixinPlatformAgentDefault accepted container SecureJarResource(cataclysm_magic_compat)
[30Sep2026 19:51:04.038] [main/DEBUG] [mixin/]: Processing prepare() for PlatformAgent[MixinPlatformAgentDefault:SecureJarResource(cataclysm_magic_compat)]
[30Sep2026 19:51:04.038] [main/DEBUG] [mixin/]: Adding mixin platform agents for container SecureJarResource(attributeslib)
[30Sep2026 19:51:04.038] [main/DEBUG] [mixin/]: Instancing new MixinPlatformAgentMinecraftForge for SecureJarResource(attributeslib)
[30Sep2026 19:51:04.039] [main/DEBUG] [mixin/]: MixinPlatformAgentMinecraftForge rejected container SecureJarResource(attributeslib)
[30Sep2026 19:51:04.039] [main/DEBUG] [mixin/]: Instancing new MixinPlatformAgentDefault for SecureJarResource(attributeslib)
[30Sep2026 19:51:04.039] [main/DEBUG] [mixin/]: MixinPlatformAgentDefault accepted container SecureJarResource(attributeslib)
[30Sep2026 19:51:04.039] [main/DEBUG] [mixin/]: Processing prepare() for PlatformAgent[MixinPlatformAgentDefault:SecureJarResource(attributeslib)]
[30Sep2026 19:51:04.039] [main/DEBUG] [mixin/]: Registering mixin config: attributeslib.mixins.json
[30Sep2026 19:51:04.039] [main/DEBUG] [mixin/]: Adding mixin platform agents for container SecureJarResource(saintsdragons)
[30Sep2026 19:51:04.039] [main/DEBUG] [mixin/]: Instancing new MixinPlatformAgentMinecraftForge for SecureJarResource(saintsdragons)
[30Sep2026 19:51:04.039] [main/DEBUG] [mixin/]: MixinPlatformAgentMinecraftForge rejected container SecureJarResource(saintsdragons)
[30Sep2026 19:51:04.039] [main/DEBUG] [mixin/]: Instancing new MixinPlatformAgentDefault for SecureJarResource(saintsdragons)
[30Sep2026 19:51:04.039] [main/DEBUG] [mixin/]: MixinPlatformAgentDefault accepted container SecureJarResource(saintsdragons)
[30Sep2026 19:51:04.040] [main/DEBUG] [mixin/]: Processing prepare() for PlatformAgent[MixinPlatformAgentDefault:SecureJarResource(saintsdragons)]
[30Sep2026 19:51:04.040] [main/DEBUG] [mixin/]: Registering mixin config: saintsdragons.mixins.json
[30Sep2026 19:51:04.040] [main/DEBUG] [mixin/]: Adding mixin platform agents for container SecureJarResource(geckolib)
[30Sep2026 19:51:04.040] [main/DEBUG] [mixin/]: Instancing new MixinPlatformAgentMinecraftForge for SecureJarResource(geckolib)
[30Sep2026 19:51:04.040] [main/DEBUG] [mixin/]: MixinPlatformAgentMinecraftForge rejected container SecureJarResource(geckolib)
[30Sep2026 19:51:04.040] [main/DEBUG] [mixin/]: Instancing new MixinPlatformAgentDefault for SecureJarResource(geckolib)
[30Sep2026 19:51:04.040] [main/DEBUG] [mixin/]: MixinPlatformAgentDefault accepted container SecureJarResource(geckolib)
[30Sep2026 19:51:04.040] [main/DEBUG] [mixin/]: Processing prepare() for PlatformAgent[MixinPlatformAgentDefault:SecureJarResource(geckolib)]
[30Sep2026 19:51:04.040] [main/DEBUG] [mixin/]: Registering mixin config: geckolib.mixins.json
[30Sep2026 19:51:04.041] [main/DEBUG] [mixin/]: Adding mixin platform agents for container SecureJarResource(pointblank)
[30Sep2026 19:51:04.041] [main/DEBUG] [mixin/]: Instancing new MixinPlatformAgentMinecraftForge for SecureJarResource(pointblank)
[30Sep2026 19:51:04.041] [main/DEBUG] [mixin/]: MixinPlatformAgentMinecraftForge rejected container SecureJarResource(pointblank)
[30Sep2026 19:51:04.041] [main/DEBUG] [mixin/]: Instancing new MixinPlatformAgentDefault for SecureJarResource(pointblank)
[30Sep2026 19:51:04.041] [main/DEBUG] [mixin/]: MixinPlatformAgentDefault accepted container SecureJarResource(pointblank)
[30Sep2026 19:51:04.041] [main/DEBUG] [mixin/]: Processing prepare() for PlatformAgent[MixinPlatformAgentDefault:SecureJarResource(pointblank)]
[30Sep2026 19:51:04.041] [main/DEBUG] [mixin/]: Registering mixin config: pointblank.mixins.json
[30Sep2026 19:51:04.042] [main/DEBUG] [mixin/]: Registering mixin config: pointblank.mixins.compat.iris.json
[30Sep2026 19:51:04.042] [main/DEBUG] [mixin/]: Registering mixin config: pointblank.mixins.compat.iris16.json
[30Sep2026 19:51:04.043] [main/DEBUG] [mixin/]: Adding mixin platform agents for container SecureJarResource(wo_traveloptics)
[30Sep2026 19:51:04.043] [main/DEBUG] [mixin/]: Instancing new MixinPlatformAgentMinecraftForge for SecureJarResource(wo_traveloptics)
[30Sep2026 19:51:04.043] [main/DEBUG] [mixin/]: MixinPlatformAgentMinecraftForge rejected container SecureJarResource(wo_traveloptics)
[30Sep2026 19:51:04.043] [main/DEBUG] [mixin/]: Instancing new MixinPlatformAgentDefault for SecureJarResource(wo_traveloptics)
[30Sep2026 19:51:04.043] [main/DEBUG] [mixin/]: MixinPlatformAgentDefault accepted container SecureJarResource(wo_traveloptics)
[30Sep2026 19:51:04.043] [main/DEBUG] [mixin/]: Processing prepare() for PlatformAgent[MixinPlatformAgentDefault:SecureJarResource(wo_traveloptics)]
[30Sep2026 19:51:04.043] [main/DEBUG] [mixin/]: Adding mixin platform agents for container SecureJarResource(forge)
[30Sep2026 19:51:04.043] [main/DEBUG] [mixin/]: Instancing new MixinPlatformAgentMinecraftForge for SecureJarResource(forge)
[30Sep2026 19:51:04.043] [main/DEBUG] [mixin/]: MixinPlatformAgentMinecraftForge rejected container SecureJarResource(forge)
[30Sep2026 19:51:04.043] [main/DEBUG] [mixin/]: Instancing new MixinPlatformAgentDefault for SecureJarResource(forge)
[30Sep2026 19:51:04.043] [main/DEBUG] [mixin/]: MixinPlatformAgentDefault accepted container SecureJarResource(forge)
[30Sep2026 19:51:04.043] [main/DEBUG] [mixin/]: Processing prepare() for PlatformAgent[MixinPlatformAgentDefault:SecureJarResource(forge)]
[30Sep2026 19:51:04.043] [main/DEBUG] [mixin/]: Adding mixin platform agents for container SecureJarResource(ricks_stuff)
[30Sep2026 19:51:04.043] [main/DEBUG] [mixin/]: Instancing new MixinPlatformAgentMinecraftForge for SecureJarResource(ricks_stuff)
[30Sep2026 19:51:04.043] [main/DEBUG] [mixin/]: MixinPlatformAgentMinecraftForge rejected container SecureJarResource(ricks_stuff)
[30Sep2026 19:51:04.043] [main/DEBUG] [mixin/]: Instancing new MixinPlatformAgentDefault for SecureJarResource(ricks_stuff)
[30Sep2026 19:51:04.043] [main/DEBUG] [mixin/]: MixinPlatformAgentDefault accepted container SecureJarResource(ricks_stuff)
[30Sep2026 19:51:04.043] [main/DEBUG] [mixin/]: Processing prepare() for PlatformAgent[MixinPlatformAgentDefault:SecureJarResource(ricks_stuff)]
[30Sep2026 19:51:04.043] [main/DEBUG] [mixin/]: Registering mixin config: ricks_stuff.mixins.json
[30Sep2026 19:51:04.044] [main/DEBUG] [mixin/]: Compatibility level JAVA_8 specified by ricks_stuff.mixins.json is lower than the default level supported by the current mixin service (JAVA_16).
[30Sep2026 19:51:04.044] [main/DEBUG] [mixin/]: Adding mixin platform agents for container SecureJarResource(packetfixer)
[30Sep2026 19:51:04.044] [main/DEBUG] [mixin/]: Instancing new MixinPlatformAgentMinecraftForge for SecureJarResource(packetfixer)
[30Sep2026 19:51:04.044] [main/DEBUG] [mixin/]: MixinPlatformAgentMinecraftForge rejected container SecureJarResource(packetfixer)
[30Sep2026 19:51:04.044] [main/DEBUG] [mixin/]: Instancing new MixinPlatformAgentDefault for SecureJarResource(packetfixer)
[30Sep2026 19:51:04.044] [main/DEBUG] [mixin/]: MixinPlatformAgentDefault accepted container SecureJarResource(packetfixer)
[30Sep2026 19:51:04.044] [main/DEBUG] [mixin/]: Processing prepare() for PlatformAgent[MixinPlatformAgentDefault:SecureJarResource(packetfixer)]
[30Sep2026 19:51:04.044] [main/DEBUG] [mixin/]: Registering mixin config: packetfixer.v1_18.forge.mixins.json
[30Sep2026 19:51:04.044] [main/DEBUG] [mixin/]: Registering mixin config: packetfixer.v1_19.forge.mixins.json
[30Sep2026 19:51:04.045] [main/DEBUG] [mixin/]: Registering mixin config: packetfixer.v1_19_3.forge.mixins.json
[30Sep2026 19:51:04.046] [main/DEBUG] [mixin/]: Registering mixin config: packetfixer.v1_19_4.forge.mixins.json
[30Sep2026 19:51:04.046] [main/DEBUG] [mixin/]: Registering mixin config: packetfixer.v1_20_2.forge.mixins.json
[30Sep2026 19:51:04.047] [main/DEBUG] [mixin/]: Adding mixin platform agents for container SecureJarResource(cdmoveset)
[30Sep2026 19:51:04.047] [main/DEBUG] [mixin/]: Instancing new MixinPlatformAgentMinecraftForge for SecureJarResource(cdmoveset)
[30Sep2026 19:51:04.047] [main/DEBUG] [mixin/]: MixinPlatformAgentMinecraftForge rejected container SecureJarResource(cdmoveset)
[30Sep2026 19:51:04.047] [main/DEBUG] [mixin/]: Instancing new MixinPlatformAgentDefault for SecureJarResource(cdmoveset)
[30Sep2026 19:51:04.047] [main/DEBUG] [mixin/]: MixinPlatformAgentDefault accepted container SecureJarResource(cdmoveset)
[30Sep2026 19:51:04.047] [main/DEBUG] [mixin/]: Processing prepare() for PlatformAgent[MixinPlatformAgentDefault:SecureJarResource(cdmoveset)]
[30Sep2026 19:51:04.047] [main/DEBUG] [mixin/]: Registering mixin config: cdmoveset.mixins.json
[30Sep2026 19:51:04.048] [main/DEBUG] [mixin/]: Adding mixin platform agents for container SecureJarResource(epicfight)
[30Sep2026 19:51:04.048] [main/DEBUG] [mixin/]: Instancing new MixinPlatformAgentMinecraftForge for SecureJarResource(epicfight)
[30Sep2026 19:51:04.048] [main/DEBUG] [mixin/]: MixinPlatformAgentMinecraftForge rejected container SecureJarResource(epicfight)
[30Sep2026 19:51:04.048] [main/DEBUG] [mixin/]: Instancing new MixinPlatformAgentDefault for SecureJarResource(epicfight)
[30Sep2026 19:51:04.048] [main/DEBUG] [mixin/]: MixinPlatformAgentDefault accepted container SecureJarResource(epicfight)
[30Sep2026 19:51:04.048] [main/DEBUG] [mixin/]: Processing prepare() for PlatformAgent[MixinPlatformAgentDefault:SecureJarResource(epicfight)]
[30Sep2026 19:51:04.048] [main/DEBUG] [mixin/]: Registering mixin config: mixins.epicfight.json
[30Sep2026 19:51:04.048] [main/DEBUG] [mixin/]: Adding mixin platform agents for container SecureJarResource(wom)
[30Sep2026 19:51:04.048] [main/DEBUG] [mixin/]: Instancing new MixinPlatformAgentMinecraftForge for SecureJarResource(wom)
[30Sep2026 19:51:04.049] [main/DEBUG] [mixin/]: MixinPlatformAgentMinecraftForge rejected container SecureJarResource(wom)
[30Sep2026 19:51:04.049] [main/DEBUG] [mixin/]: Instancing new MixinPlatformAgentDefault for SecureJarResource(wom)
[30Sep2026 19:51:04.049] [main/DEBUG] [mixin/]: MixinPlatformAgentDefault accepted container SecureJarResource(wom)
[30Sep2026 19:51:04.049] [main/DEBUG] [mixin/]: Processing prepare() for PlatformAgent[MixinPlatformAgentDefault:SecureJarResource(wom)]
[30Sep2026 19:51:04.049] [main/DEBUG] [mixin/]: Registering mixin config: mixins.wom.json
[30Sep2026 19:51:04.049] [main/DEBUG] [mixin/]: Adding mixin platform agents for container SecureJarResource(dungeons_arise)
[30Sep2026 19:51:04.049] [main/DEBUG] [mixin/]: Instancing new MixinPlatformAgentMinecraftForge for SecureJarResource(dungeons_arise)
[30Sep2026 19:51:04.049] [main/DEBUG] [mixin/]: MixinPlatformAgentMinecraftForge rejected container SecureJarResource(dungeons_arise)
[30Sep2026 19:51:04.049] [main/DEBUG] [mixin/]: Instancing new MixinPlatformAgentDefault for SecureJarResource(dungeons_arise)
[30Sep2026 19:51:04.049] [main/DEBUG] [mixin/]: MixinPlatformAgentDefault accepted container SecureJarResource(dungeons_arise)
[30Sep2026 19:51:04.049] [main/DEBUG] [mixin/]: Processing prepare() for PlatformAgent[MixinPlatformAgentDefault:SecureJarResource(dungeons_arise)]
[30Sep2026 19:51:04.049] [main/DEBUG] [mixin/]: Adding mixin platform agents for container SecureJarResource(mclib)
[30Sep2026 19:51:04.049] [main/DEBUG] [mixin/]: Instancing new MixinPlatformAgentMinecraftForge for SecureJarResource(mclib)
[30Sep2026 19:51:04.049] [main/DEBUG] [mixin/]: MixinPlatformAgentMinecraftForge rejected container SecureJarResource(mclib)
[30Sep2026 19:51:04.049] [main/DEBUG] [mixin/]: Instancing new MixinPlatformAgentDefault for SecureJarResource(mclib)
[30Sep2026 19:51:04.049] [main/DEBUG] [mixin/]: MixinPlatformAgentDefault accepted container SecureJarResource(mclib)
[30Sep2026 19:51:04.049] [main/DEBUG] [mixin/]: Processing prepare() for PlatformAgent[MixinPlatformAgentDefault:SecureJarResource(mclib)]
[30Sep2026 19:51:04.049] [main/DEBUG] [mixin/]: Adding mixin platform agents for container SecureJarResource(mixinextras)
[30Sep2026 19:51:04.049] [main/DEBUG] [mixin/]: Instancing new MixinPlatformAgentMinecraftForge for SecureJarResource(mixinextras)
[30Sep2026 19:51:04.049] [main/DEBUG] [mixin/]: MixinPlatformAgentMinecraftForge rejected container SecureJarResource(mixinextras)
[30Sep2026 19:51:04.049] [main/DEBUG] [mixin/]: Instancing new MixinPlatformAgentDefault for SecureJarResource(mixinextras)
[30Sep2026 19:51:04.049] [main/DEBUG] [mixin/]: MixinPlatformAgentDefault accepted container SecureJarResource(mixinextras)
[30Sep2026 19:51:04.049] [main/DEBUG] [mixin/]: Processing prepare() for PlatformAgent[MixinPlatformAgentDefault:SecureJarResource(mixinextras)]
[30Sep2026 19:51:04.049] [main/DEBUG] [mixin/]: Registering mixin config: mixinextras.init.mixins.json
[30Sep2026 19:51:04.050] [main/DEBUG] [mixin/]: Adding mixin platform agents for container SecureJarResource(MixinExtras)
[30Sep2026 19:51:04.050] [main/DEBUG] [mixin/]: Instancing new MixinPlatformAgentMinecraftForge for SecureJarResource(MixinExtras)
[30Sep2026 19:51:04.050] [main/DEBUG] [mixin/]: MixinPlatformAgentMinecraftForge rejected container SecureJarResource(MixinExtras)
[30Sep2026 19:51:04.050] [main/DEBUG] [mixin/]: Instancing new MixinPlatformAgentDefault for SecureJarResource(MixinExtras)
[30Sep2026 19:51:04.050] [main/DEBUG] [mixin/]: MixinPlatformAgentDefault accepted container SecureJarResource(MixinExtras)
[30Sep2026 19:51:04.050] [main/DEBUG] [mixin/]: Processing prepare() for PlatformAgent[MixinPlatformAgentDefault:SecureJarResource(MixinExtras)]
[30Sep2026 19:51:04.050] [main/DEBUG] [mixin/]: inject() running with 29 agents
[30Sep2026 19:51:04.050] [main/DEBUG] [mixin/]: Processing inject() for PlatformAgent[MixinPlatformAgentDefault:ModLauncher Root Container(ModLauncher:4f56a0a2)]
[30Sep2026 19:51:04.050] [main/DEBUG] [mixin/]: Processing inject() for PlatformAgent[MixinPlatformAgentDefault:SecureJarResource(minecraft)]
[30Sep2026 19:51:04.050] [main/DEBUG] [mixin/]: Processing inject() for PlatformAgent[MixinPlatformAgentDefault:SecureJarResource(invincible)]
[30Sep2026 19:51:04.050] [main/DEBUG] [mixin/]: Processing inject() for PlatformAgent[MixinPlatformAgentDefault:SecureJarResource(playeranimator)]
[30Sep2026 19:51:04.050] [main/DEBUG] [mixin/]: Processing inject() for PlatformAgent[MixinPlatformAgentDefault:SecureJarResource(irons_lib)]
[30Sep2026 19:51:04.050] [main/DEBUG] [mixin/]: Processing inject() for PlatformAgent[MixinPlatformAgentDefault:SecureJarResource(lionfishapi)]
[30Sep2026 19:51:04.050] [main/DEBUG] [mixin/]: Processing inject() for PlatformAgent[MixinPlatformAgentDefault:SecureJarResource(traveloptics)]
[30Sep2026 19:51:04.050] [main/DEBUG] [mixin/]: Processing inject() for PlatformAgent[MixinPlatformAgentDefault:SecureJarResource(cataclysm)]
[30Sep2026 19:51:04.050] [main/DEBUG] [mixin/]: Processing inject() for PlatformAgent[MixinPlatformAgentDefault:SecureJarResource(curios)]
[30Sep2026 19:51:04.050] [main/DEBUG] [mixin/]: Processing inject() for PlatformAgent[MixinPlatformAgentDefault:SecureJarResource(placebo)]
[30Sep2026 19:51:04.050] [main/DEBUG] [mixin/]: Processing inject() for PlatformAgent[MixinPlatformAgentDefault:SecureJarResource(citadel)]
[30Sep2026 19:51:04.050] [main/DEBUG] [mixin/]: Processing inject() for PlatformAgent[MixinPlatformAgentDefault:SecureJarResource(alexscaves)]
[30Sep2026 19:51:04.050] [main/DEBUG] [mixin/]: Processing inject() for PlatformAgent[MixinPlatformAgentDefault:SecureJarResource(irons_spellbooks)]
[30Sep2026 19:51:04.050] [main/DEBUG] [mixin/]: Processing inject() for PlatformAgent[MixinPlatformAgentDefault:SecureJarResource(cataclysm_magic_compat)]
[30Sep2026 19:51:04.051] [main/DEBUG] [mixin/]: Processing inject() for PlatformAgent[MixinPlatformAgentDefault:SecureJarResource(attributeslib)]
[30Sep2026 19:51:04.051] [main/DEBUG] [mixin/]: Processing inject() for PlatformAgent[MixinPlatformAgentDefault:SecureJarResource(saintsdragons)]
[30Sep2026 19:51:04.051] [main/DEBUG] [mixin/]: Processing inject() for PlatformAgent[MixinPlatformAgentDefault:SecureJarResource(geckolib)]
[30Sep2026 19:51:04.051] [main/DEBUG] [mixin/]: Processing inject() for PlatformAgent[MixinPlatformAgentDefault:SecureJarResource(pointblank)]
[30Sep2026 19:51:04.051] [main/DEBUG] [mixin/]: Processing inject() for PlatformAgent[MixinPlatformAgentDefault:SecureJarResource(wo_traveloptics)]
[30Sep2026 19:51:04.051] [main/DEBUG] [mixin/]: Processing inject() for PlatformAgent[MixinPlatformAgentDefault:SecureJarResource(forge)]
[30Sep2026 19:51:04.051] [main/DEBUG] [mixin/]: Processing inject() for PlatformAgent[MixinPlatformAgentDefault:SecureJarResource(ricks_stuff)]
[30Sep2026 19:51:04.051] [main/DEBUG] [mixin/]: Processing inject() for PlatformAgent[MixinPlatformAgentDefault:SecureJarResource(packetfixer)]
[30Sep2026 19:51:04.051] [main/DEBUG] [mixin/]: Processing inject() for PlatformAgent[MixinPlatformAgentDefault:SecureJarResource(cdmoveset)]
[30Sep2026 19:51:04.051] [main/DEBUG] [mixin/]: Processing inject() for PlatformAgent[MixinPlatformAgentDefault:SecureJarResource(epicfight)]
[30Sep2026 19:51:04.051] [main/DEBUG] [mixin/]: Processing inject() for PlatformAgent[MixinPlatformAgentDefault:SecureJarResource(wom)]
[30Sep2026 19:51:04.051] [main/DEBUG] [mixin/]: Processing inject() for PlatformAgent[MixinPlatformAgentDefault:SecureJarResource(dungeons_arise)]
[30Sep2026 19:51:04.051] [main/DEBUG] [mixin/]: Processing inject() for PlatformAgent[MixinPlatformAgentDefault:SecureJarResource(mclib)]
[30Sep2026 19:51:04.051] [main/DEBUG] [mixin/]: Processing inject() for PlatformAgent[MixinPlatformAgentDefault:SecureJarResource(mixinextras)]
[30Sep2026 19:51:04.051] [main/DEBUG] [mixin/]: Processing inject() for PlatformAgent[MixinPlatformAgentDefault:SecureJarResource(MixinExtras)]
[30Sep2026 19:51:04.051] [main/INFO] [cpw.mods.modlauncher.LaunchServiceHandler/MODLAUNCHER]: Launching target 'forgeserver' with arguments [nogui]
[30Sep2026 19:51:04.066] [main/DEBUG] [mixin/]: Error cleaning class output directory: .mixin.out
[30Sep2026 19:51:04.067] [main/DEBUG] [mixin/]: Preparing mixins for MixinEnvironment[DEFAULT]
[30Sep2026 19:51:04.067] [main/DEBUG] [mixin/]: Selecting config invincible.mixins.json
[30Sep2026 19:51:04.069] [main/DEBUG] [mixin/]: Selecting config playerAnimator-common.mixins.json
[30Sep2026 19:51:04.074] [main/DEBUG] [mixin/]: Selecting config irons_lib.mixins.json
[30Sep2026 19:51:04.074] [main/DEBUG] [mixin/]: Selecting config lionfishapi.mixins.json
[30Sep2026 19:51:04.075] [main/DEBUG] [mixin/]: Selecting config cataclysm.mixins.json
[30Sep2026 19:51:04.075] [main/DEBUG] [mixin/]: Selecting config curios.mixins.json
[30Sep2026 19:51:04.076] [main/DEBUG] [mixin/]: Selecting config placebo.mixins.json
[30Sep2026 19:51:04.076] [main/DEBUG] [mixin/]: Selecting config citadel.mixins.json
[30Sep2026 19:51:04.077] [main/DEBUG] [mixin/]: Selecting config alexscaves.mixins.json
[30Sep2026 19:51:04.077] [main/DEBUG] [mixin/]: Selecting config mixins.irons_spellbooks.json
[30Sep2026 19:51:04.078] [main/DEBUG] [mixin/]: Selecting config attributeslib.mixins.json
[30Sep2026 19:51:04.079] [main/DEBUG] [mixin/]: Selecting config saintsdragons.mixins.json
[30Sep2026 19:51:04.079] [main/DEBUG] [mixin/]: Selecting config geckolib.mixins.json
[30Sep2026 19:51:04.080] [main/DEBUG] [mixin/]: Selecting config pointblank.mixins.json
[30Sep2026 19:51:04.080] [main/DEBUG] [mixin/]: Selecting config pointblank.mixins.compat.iris.json
[30Sep2026 19:51:04.082] [main/DEBUG] [mixin/]: Selecting config pointblank.mixins.compat.iris16.json
[30Sep2026 19:51:04.083] [main/DEBUG] [mixin/]: Selecting config ricks_stuff.mixins.json
[30Sep2026 19:51:04.083] [main/DEBUG] [mixin/]: Selecting config packetfixer.v1_18.forge.mixins.json
[30Sep2026 19:51:04.085] [main/DEBUG] [mixin/]: Selecting config packetfixer.v1_19.forge.mixins.json
[30Sep2026 19:51:04.086] [main/DEBUG] [mixin/]: Selecting config packetfixer.v1_19_3.forge.mixins.json
[30Sep2026 19:51:04.087] [main/DEBUG] [mixin/]: Selecting config packetfixer.v1_19_4.forge.mixins.json
[30Sep2026 19:51:04.093] [main/INFO] [dev.tonimatas.packetfixer.mixins.v1_19_4_forge.MixinPlugin/]: Packet Fixer forge 1.19.4-1.20.1 has been applied successfully.
[30Sep2026 19:51:04.094] [main/DEBUG] [mixin/]: Selecting config packetfixer.v1_20_2.forge.mixins.json
[30Sep2026 19:51:04.096] [main/DEBUG] [mixin/]: Selecting config cdmoveset.mixins.json
[30Sep2026 19:51:04.096] [main/DEBUG] [mixin/]: Selecting config mixins.epicfight.json
[30Sep2026 19:51:04.097] [main/DEBUG] [mixin/]: Selecting config mixins.wom.json
[30Sep2026 19:51:04.097] [main/DEBUG] [mixin/]: Selecting config mixinextras.init.mixins.json
[30Sep2026 19:51:04.134] [main/DEBUG] [MixinExtras|Service/]: com.llamalad7.mixinextras.service.MixinExtrasServiceImpl(version=0.5.3) is taking over from null
[30Sep2026 19:51:04.157] [main/DEBUG] [mixin/]: Registering new injector for @Inject with org.spongepowered.asm.mixin.injection.struct.CallbackInjectionInfo
[30Sep2026 19:51:04.158] [main/DEBUG] [mixin/]: Registering new injector for @ModifyArg with org.spongepowered.asm.mixin.injection.struct.ModifyArgInjectionInfo
[30Sep2026 19:51:04.159] [main/DEBUG] [mixin/]: Registering new injector for @ModifyArgs with org.spongepowered.asm.mixin.injection.struct.ModifyArgsInjectionInfo
[30Sep2026 19:51:04.160] [main/DEBUG] [mixin/]: Registering new injector for @Redirect with org.spongepowered.asm.mixin.injection.struct.RedirectInjectionInfo
[30Sep2026 19:51:04.161] [main/DEBUG] [mixin/]: Registering new injector for @ModifyVariable with org.spongepowered.asm.mixin.injection.struct.ModifyVariableInjectionInfo
[30Sep2026 19:51:04.162] [main/DEBUG] [mixin/]: Registering new injector for @ModifyConstant with org.spongepowered.asm.mixin.injection.struct.ModifyConstantInjectionInfo
[30Sep2026 19:51:04.171] [main/DEBUG] [mixin/]: Preparing invincible.mixins.json (8)
[30Sep2026 19:51:04.221] [main/DEBUG] [mixin/]: Preparing playerAnimator-common.mixins.json (14)
[30Sep2026 19:51:04.223] [main/DEBUG] [mixin/]: Preparing irons_lib.mixins.json (22)
[30Sep2026 19:51:04.347] [main/DEBUG] [mixin/]: Preparing lionfishapi.mixins.json (2)
[30Sep2026 19:51:04.348] [main/DEBUG] [mixin/]: Preparing cataclysm.mixins.json (25)
[30Sep2026 19:51:04.370] [main/DEBUG] [net.minecraftforge.coremod.transformer.CoreModBaseTransformer/COREMOD]: Transforming net/minecraft/world/level/levelgen/structure/templatesystem/StructureTemplate
[30Sep2026 19:51:04.588] [main/DEBUG] [mixin/]: Preparing curios.mixins.json (13)
[30Sep2026 19:51:04.597] [main/DEBUG] [mixin/]: Preparing placebo.mixins.json (6)
[30Sep2026 19:51:04.603] [main/DEBUG] [net.minecraftforge.coremod.transformer.CoreModBaseTransformer/COREMOD]: Transforming net/minecraft/world/item/ItemStack
[30Sep2026 19:51:04.616] [main/DEBUG] [net.minecraftforge.coremod.transformer.CoreModBaseTransformer/COREMOD]: Transforming getEnchantmentLevel with desc (Lnet/minecraft/world/item/enchantment/Enchantment;)I
[30Sep2026 19:51:04.620] [main/INFO] [net.minecraftforge.coremod.CoreMod.placebo/COREMODLOG]: Patching IForgeItemStack#getEnchantmentLevel
[30Sep2026 19:51:04.628] [main/DEBUG] [net.minecraftforge.coremod.transformer.CoreModBaseTransformer/COREMOD]: Transforming getAllEnchantments with desc ()Ljava/util/Map;
[30Sep2026 19:51:04.636] [main/INFO] [net.minecraftforge.coremod.CoreMod.placebo/COREMODLOG]: Patching IForgeItemStack#getEnchantmentLevel
[30Sep2026 19:51:04.647] [main/DEBUG] [mixin/]: Preparing citadel.mixins.json (16)
[30Sep2026 19:51:04.673] [main/DEBUG] [mixin/]: Preparing alexscaves.mixins.json (52)
[30Sep2026 19:51:04.704] [main/DEBUG] [net.minecraftforge.coremod.transformer.CoreModBaseTransformer/COREMOD]: Transforming net/minecraft/world/level/NaturalSpawner
[30Sep2026 19:51:04.745] [main/DEBUG] [net.minecraftforge.coremod.transformer.CoreModBaseTransformer/COREMOD]: Transforming net/minecraft/world/level/levelgen/structure/structures/SwampHutPiece
[30Sep2026 19:51:04.752] [main/DEBUG] [mixin/]: Preparing mixins.irons_spellbooks.json (33)
[30Sep2026 19:51:04.759] [main/DEBUG] [net.minecraftforge.coremod.transformer.CoreModBaseTransformer/COREMOD]: Transforming getEnchantmentLevel with desc (Lnet/minecraft/world/item/enchantment/Enchantment;)I
[30Sep2026 19:51:04.759] [main/INFO] [net.minecraftforge.coremod.CoreMod.placebo/COREMODLOG]: Patching IForgeItemStack#getEnchantmentLevel
[30Sep2026 19:51:04.760] [main/DEBUG] [net.minecraftforge.coremod.transformer.CoreModBaseTransformer/COREMOD]: Transforming getAllEnchantments with desc ()Ljava/util/Map;
[30Sep2026 19:51:04.760] [main/INFO] [net.minecraftforge.coremod.CoreMod.placebo/COREMODLOG]: Patching IForgeItemStack#getEnchantmentLevel
[30Sep2026 19:51:04.765] [main/DEBUG] [mixin/]: Preparing attributeslib.mixins.json (17)
[30Sep2026 19:51:04.771] [main/DEBUG] [mixin/]: Preparing saintsdragons.mixins.json (24)
[30Sep2026 19:51:04.779] [main/DEBUG] [mixin/]: Preparing geckolib.mixins.json (1)
[30Sep2026 19:51:04.779] [main/DEBUG] [mixin/]: Preparing pointblank.mixins.json (21)
[30Sep2026 19:51:04.780] [main/DEBUG] [mixin/]: Preparing pointblank.mixins.compat.iris.json (6)
[30Sep2026 19:51:04.780] [main/DEBUG] [mixin/]: Preparing pointblank.mixins.compat.iris16.json (1)
[30Sep2026 19:51:04.780] [main/DEBUG] [mixin/]: Preparing ricks_stuff.mixins.json (11)
[30Sep2026 19:51:04.786] [main/DEBUG] [mixin/]: Preparing packetfixer.v1_18.forge.mixins.json (16)
[30Sep2026 19:51:04.788] [main/DEBUG] [mixin/]: Preparing packetfixer.v1_19.forge.mixins.json (16)
[30Sep2026 19:51:04.790] [main/DEBUG] [mixin/]: Preparing packetfixer.v1_19_3.forge.mixins.json (16)
[30Sep2026 19:51:04.792] [main/DEBUG] [mixin/]: Preparing packetfixer.v1_19_4.forge.mixins.json (15)
[30Sep2026 19:51:04.798] [main/DEBUG] [mixin/]: Preparing packetfixer.v1_20_2.forge.mixins.json (18)
[30Sep2026 19:51:04.802] [main/DEBUG] [mixin/]: Preparing cdmoveset.mixins.json (4)
[30Sep2026 19:51:04.804] [main/DEBUG] [mixin/]: Preparing mixins.epicfight.json (39)
[30Sep2026 19:51:04.811] [main/DEBUG] [mixin/]: Preparing mixins.wom.json (1)
[30Sep2026 19:51:04.812] [main/DEBUG] [mixin/]: Preparing mixinextras.init.mixins.json (0)
[30Sep2026 19:51:04.853] [main/DEBUG] [mixin/]: Inner class io/redspace/ironsspellbooks/mixin/DispenserBlockMixin$1 in io/redspace/ironsspellbooks/mixin/DispenserBlockMixin on net/minecraft/world/level/block/DispenserBlock gets unique name net/minecraft/world/level/block/DispenserBlock$Anonymous$2e732ab35f324903a039b9c452faed1c
[30Sep2026 19:51:04.864] [main/DEBUG] [mixin/]: Prepared 183 mixins in 0.797 sec (4.4ms avg) (0ms load, 0ms transform, 0ms plugin)
[30Sep2026 19:51:04.871] [main/INFO] [MixinExtras|Service/]: Initializing MixinExtras via com.llamalad7.mixinextras.service.MixinExtrasServiceImpl(version=0.5.3).
[30Sep2026 19:51:04.872] [main/DEBUG] [mixin/]: Registering new injector for @SugarWrapper with com.llamalad7.mixinextras.sugar.impl.SugarWrapperInjectionInfo
[30Sep2026 19:51:04.873] [main/DEBUG] [mixin/]: Registering new injector for @FactoryRedirectWrapper with com.llamalad7.mixinextras.wrapper.factory.FactoryRedirectWrapperInjectionInfo
[30Sep2026 19:51:04.873] [main/DEBUG] [mixin/]: Registering new injector for @ExpressionInjectorWrapper with com.llamalad7.mixinextras.expression.impl.wrapper.ExpressionInjectorWrapperInjectionInfo
[30Sep2026 19:51:04.880] [main/DEBUG] [mixin/]: Mixing MinecraftServerMixin from citadel.mixins.json into net.minecraft.server.MinecraftServer
[30Sep2026 19:51:04.929] [main/DEBUG] [io.netty.util.internal.logging.InternalLoggerFactory/]: Using SLF4J as the default logging framework
[30Sep2026 19:51:04.930] [main/DEBUG] [io.netty.util.ResourceLeakDetector/]: -Dio.netty.leakDetection.level: simple
[30Sep2026 19:51:04.930] [main/DEBUG] [io.netty.util.ResourceLeakDetector/]: -Dio.netty.leakDetection.targetRecords: 4
[30Sep2026 19:51:05.011] [main/DEBUG] [oshi.util.FileUtil/]: No oshi.properties file found from ClassLoader cpw.mods.modlauncher.TransformingClassLoader@4ea1aa52
[30Sep2026 19:51:05.011] [main/DEBUG] [oshi.util.FileUtil/]: No oshi.properties file found from ClassLoader jdk.internal.loader.ClassLoaders$AppClassLoader@76ed5528
[30Sep2026 19:51:05.032] [main/DEBUG] [oshi.util.FileUtil/]: Reading file /proc/self/auxv
[30Sep2026 19:51:05.033] [main/DEBUG] [oshi.util.FileUtil/]: Reading file /proc/self/auxv
[30Sep2026 19:51:05.039] [main/DEBUG] [oshi.util.FileUtil/]: Reading file /proc/stat
[30Sep2026 19:51:05.044] [main/DEBUG] [oshi.util.FileUtil/]: Reading file /sys/devices/system/cpu/cpu0/topology/core_id
[30Sep2026 19:51:05.044] [main/DEBUG] [oshi.util.FileUtil/]: Reading file /sys/devices/system/cpu/cpu0/topology/core_id
[30Sep2026 19:51:05.044] [main/DEBUG] [oshi.util.FileUtil/]: Reading file /sys/devices/system/cpu/cpu0/topology/physical_package_id
[30Sep2026 19:51:05.044] [main/DEBUG] [oshi.util.FileUtil/]: Reading file /sys/devices/system/cpu/cpu0/topology/physical_package_id
[30Sep2026 19:51:05.044] [main/DEBUG] [oshi.util.FileUtil/]: Reading file /sys/devices/system/cpu/cpu0/cpu_capacity
[30Sep2026 19:51:05.044] [main/DEBUG] [oshi.util.FileUtil/]: Reading file /sys/devices/system/cpu/cpu0/cpu_capacity
[30Sep2026 19:51:05.045] [main/DEBUG] [oshi.util.FileUtil/]: Reading file /sys/devices/system/cpu/cpu1/topology/core_id
[30Sep2026 19:51:05.045] [main/DEBUG] [oshi.util.FileUtil/]: Reading file /sys/devices/system/cpu/cpu1/topology/core_id
[30Sep2026 19:51:05.045] [main/DEBUG] [oshi.util.FileUtil/]: Reading file /sys/devices/system/cpu/cpu1/topology/physical_package_id
[30Sep2026 19:51:05.046] [main/DEBUG] [oshi.util.FileUtil/]: Reading file /sys/devices/system/cpu/cpu1/topology/physical_package_id
[30Sep2026 19:51:05.046] [main/DEBUG] [oshi.util.FileUtil/]: Reading file /sys/devices/system/cpu/cpu1/cpu_capacity
[30Sep2026 19:51:05.046] [main/DEBUG] [oshi.util.FileUtil/]: Reading file /sys/devices/system/cpu/cpu1/cpu_capacity
[30Sep2026 19:51:05.046] [main/DEBUG] [oshi.util.FileUtil/]: Reading file /sys/devices/system/cpu/cpu2/topology/core_id
[30Sep2026 19:51:05.046] [main/DEBUG] [oshi.util.FileUtil/]: Reading file /sys/devices/system/cpu/cpu2/topology/core_id
[30Sep2026 19:51:05.046] [main/DEBUG] [oshi.util.FileUtil/]: Reading file /sys/devices/system/cpu/cpu2/topology/physical_package_id
[30Sep2026 19:51:05.046] [main/DEBUG] [oshi.util.FileUtil/]: Reading file /sys/devices/system/cpu/cpu2/topology/physical_package_id
[30Sep2026 19:51:05.046] [main/DEBUG] [oshi.util.FileUtil/]: Reading file /sys/devices/system/cpu/cpu2/cpu_capacity
[30Sep2026 19:51:05.046] [main/DEBUG] [oshi.util.FileUtil/]: Reading file /sys/devices/system/cpu/cpu2/cpu_capacity
[30Sep2026 19:51:05.046] [main/DEBUG] [oshi.util.FileUtil/]: Reading file /sys/devices/system/cpu/cpu3/topology/core_id
[30Sep2026 19:51:05.046] [main/DEBUG] [oshi.util.FileUtil/]: Reading file /sys/devices/system/cpu/cpu3/topology/core_id
[30Sep2026 19:51:05.046] [main/DEBUG] [oshi.util.FileUtil/]: Reading file /sys/devices/system/cpu/cpu3/topology/physical_package_id
[30Sep2026 19:51:05.046] [main/DEBUG] [oshi.util.FileUtil/]: Reading file /sys/devices/system/cpu/cpu3/topology/physical_package_id
[30Sep2026 19:51:05.046] [main/DEBUG] [oshi.util.FileUtil/]: Reading file /sys/devices/system/cpu/cpu3/cpu_capacity
[30Sep2026 19:51:05.046] [main/DEBUG] [oshi.util.FileUtil/]: Reading file /sys/devices/system/cpu/cpu3/cpu_capacity
[30Sep2026 19:51:05.048] [main/DEBUG] [oshi.util.FileUtil/]: Reading file /proc/cpuinfo
[30Sep2026 19:51:05.153] [main/DEBUG] [oshi.util.FileUtil/]: Reading file /proc/self/auxv
[30Sep2026 19:51:05.155] [main/DEBUG] [oshi.util.FileUtil/]: No oshi.architecture.properties file found from ClassLoader cpw.mods.modlauncher.TransformingClassLoader@4ea1aa52
[30Sep2026 19:51:05.155] [main/DEBUG] [oshi.util.FileUtil/]: No oshi.architecture.properties file found from ClassLoader jdk.internal.loader.ClassLoaders$AppClassLoader@76ed5528
[30Sep2026 19:51:05.188] [main/DEBUG] [oshi.util.FileUtil/]: Reading file /proc/meminfo
[30Sep2026 19:51:05.188] [main/DEBUG] [oshi.util.FileUtil/]: Reading file /proc/meminfo
[30Sep2026 19:51:05.190] [main/DEBUG] [mixin/]: Mixing UtilMixin from cdmoveset.mixins.json into net.minecraft.Util
[30Sep2026 19:51:05.270] [main/DEBUG] [mixin/]: Mixing SoulFireEntityMixin from irons_lib.mixins.json into net.minecraft.world.entity.Entity
[30Sep2026 19:51:05.272] [main/DEBUG] [mixin/]: Mixing EntityMixin from lionfishapi.mixins.json into net.minecraft.world.entity.Entity
[30Sep2026 19:51:05.284] [main/DEBUG] [mixin/]: Mixing AccessorEntity from curios.mixins.json into net.minecraft.world.entity.Entity
[30Sep2026 19:51:05.287] [main/DEBUG] [mixin/]: Mixing EntityMixin from alexscaves.mixins.json into net.minecraft.world.entity.Entity
[30Sep2026 19:51:05.306] [main/DEBUG] [net.minecraftforge.coremod.transformer.CoreModBaseTransformer/COREMOD]: Transforming net/minecraft/world/entity/EntityType
[30Sep2026 19:51:05.333] [main/DEBUG] [mixin/]: Mixing EntityAccessor from mixins.irons_spellbooks.json into net.minecraft.world.entity.Entity
[30Sep2026 19:51:05.334] [main/DEBUG] [mixin/]: Mixing EntityMixin from mixins.irons_spellbooks.json into net.minecraft.world.entity.Entity
[30Sep2026 19:51:05.338] [main/DEBUG] [mixin/]: Mixing EntityMixin from attributeslib.mixins.json into net.minecraft.world.entity.Entity
[30Sep2026 19:51:05.339] [main/DEBUG] [mixin/]: Mixing EntityMixin from pointblank.mixins.json into net.minecraft.world.entity.Entity
[30Sep2026 19:51:05.340] [main/DEBUG] [mixin/]: Mixing common.MixinEntity from mixins.epicfight.json into net.minecraft.world.entity.Entity
[30Sep2026 19:51:05.340] [main/DEBUG] [mixin/]: Renaming synthetic method lambda$epicfight$setOnGroundWithKnownMovement$1(Lyesman/epicfight/world/capabilities/entitypatch/LivingEntityPatch;)V to mdcf8e3f$lambda$epicfight$setOnGroundWithKnownMovement$1$0 in mixins.epicfight.json:common.MixinEntity
[30Sep2026 19:51:05.340] [main/DEBUG] [mixin/]: Renaming synthetic method lambda$lerpMotion$0(Lorg/spongepowered/asm/mixin/injection/callback/CallbackInfo;Lyesman/epicfight/world/capabilities/entitypatch/LivingEntityPatch;)V to mdcf8e3f$lambda$lerpMotion$0$1 in mixins.epicfight.json:common.MixinEntity
[30Sep2026 19:51:05.403] [main/DEBUG] [mixin/]: Mixing IForgeEntityMixin from attributeslib.mixins.json into net.minecraftforge.common.extensions.IForgeEntity
[30Sep2026 19:51:05.415] [main/DEBUG] [mixin/]: Mixing CommonLivingEntityMixin from irons_lib.mixins.json into net.minecraft.world.entity.LivingEntity
[30Sep2026 19:51:05.417] [main/DEBUG] [mixin/]: Mixing LivingEntityMixin from cataclysm.mixins.json into net.minecraft.world.entity.LivingEntity
[30Sep2026 19:51:05.418] [main/DEBUG] [net.minecraftforge.coremod.transformer.CoreModBaseTransformer/COREMOD]: Transforming net/minecraft/world/effect/MobEffectInstance
[30Sep2026 19:51:05.426] [main/DEBUG] [mixin/]: Mixing MixinLivingEntity from curios.mixins.json into net.minecraft.world.entity.LivingEntity
[30Sep2026 19:51:05.427] [main/DEBUG] [mixin/]: Mixing LivingEntityMixin from citadel.mixins.json into net.minecraft.world.entity.LivingEntity
[30Sep2026 19:51:05.430] [main/DEBUG] [mixin/]: Mixing LivingEntityMixin from alexscaves.mixins.json into net.minecraft.world.entity.LivingEntity
[30Sep2026 19:51:05.440] [main/DEBUG] [mixin/]: Mixing LivingEntityAccessor from mixins.irons_spellbooks.json into net.minecraft.world.entity.LivingEntity
[30Sep2026 19:51:05.440] [main/DEBUG] [mixin/]: Mixing LivingEntityMixin from mixins.irons_spellbooks.json into net.minecraft.world.entity.LivingEntity
[30Sep2026 19:51:05.441] [main/DEBUG] [mixin/]: Renaming synthetic method lambda$static$1(Lnet/minecraft/world/entity/ai/attributes/Attribute;)Z to mdcf8e3f$lambda$static$1$0 in mixins.irons_spellbooks.json:LivingEntityMixin
[30Sep2026 19:51:05.441] [main/DEBUG] [mixin/]: Renaming synthetic method lambda$static$0(Lnet/minecraft/world/entity/ai/attributes/Attribute;)Z to mdcf8e3f$lambda$static$0$1 in mixins.irons_spellbooks.json:LivingEntityMixin
[30Sep2026 19:51:05.457] [main/DEBUG] [mixin/]: Mixing LivingEntityMixin from attributeslib.mixins.json into net.minecraft.world.entity.LivingEntity
[30Sep2026 19:51:05.459] [main/DEBUG] [mixin/]: Mixing LivingEntityMixin from saintsdragons.mixins.json into net.minecraft.world.entity.LivingEntity
[30Sep2026 19:51:05.461] [main/DEBUG] [mixin/]: Mixing LivingEntityMixin from pointblank.mixins.json into net.minecraft.world.entity.LivingEntity
[30Sep2026 19:51:05.463] [main/DEBUG] [mixin/]: Mixing common.MixinLivingEntity from mixins.epicfight.json into net.minecraft.world.entity.LivingEntity
[30Sep2026 19:51:05.463] [main/DEBUG] [mixin/]: Renaming synthetic method lambda$epicfight$constructor$0(Lnet/minecraft/world/entity/LivingEntity;Lyesman/epicfight/world/capabilities/entitypatch/HurtableEntityPatch;)V to mdcf8e3f$lambda$epicfight$constructor$0$2 in mixins.epicfight.json:common.MixinLivingEntity
[30Sep2026 19:51:05.532] [main/DEBUG] [mixin/]: Mixing LevelMixin from citadel.mixins.json into net.minecraft.world.level.Level
[30Sep2026 19:51:05.533] [main/DEBUG] [mixin/]: Mixing LevelMixin from mixins.irons_spellbooks.json into net.minecraft.world.level.Level
[30Sep2026 19:51:05.546] [main/DEBUG] [mixin/]: Mixing ServerLevelMixin from citadel.mixins.json into net.minecraft.server.level.ServerLevel
[30Sep2026 19:51:05.558] [main/DEBUG] [mixin/]: Mixing ItemMixin from cataclysm.mixins.json into net.minecraft.world.entity.item.ItemEntity
[30Sep2026 19:51:05.564] [main/DEBUG] [mixin/]: Mixing PlayerAccessor from irons_lib.mixins.json into net.minecraft.world.entity.player.Player
[30Sep2026 19:51:05.564] [main/DEBUG] [mixin/]: Renaming @Accessor method getDataPlayerModeCustomisation()Lnet/minecraft/network/syncher/EntityDataAccessor; to getDataPlayerModeCustomisation_$md$cf8e3f$0 in irons_lib.mixins.json:PlayerAccessor
[30Sep2026 19:51:05.564] [main/DEBUG] [mixin/]: Mixing PlayerMixin from alexscaves.mixins.json into net.minecraft.world.entity.player.Player
[30Sep2026 19:51:05.567] [main/DEBUG] [mixin/]: Mixing PlayerMixin from mixins.irons_spellbooks.json into net.minecraft.world.entity.player.Player
[30Sep2026 19:51:05.569] [main/DEBUG] [mixin/]: Mixing PlayerMixin from attributeslib.mixins.json into net.minecraft.world.entity.player.Player
[30Sep2026 19:51:05.570] [main/DEBUG] [mixin/]: Mixing PlayerMixin from saintsdragons.mixins.json into net.minecraft.world.entity.player.Player
[30Sep2026 19:51:05.571] [main/DEBUG] [mixin/]: Mixing common.MixinPlayer from mixins.epicfight.json into net.minecraft.world.entity.player.Player
[30Sep2026 19:51:05.599] [main/DEBUG] [mixin/]: Mixing ItemMixin from irons_lib.mixins.json into net.minecraft.world.item.Item
[30Sep2026 19:51:05.599] [main/DEBUG] [mixin/]: Renaming synthetic method lambda$irons_lib$kineticUse$0(Lnet/minecraft/world/level/Level;Lnet/minecraft/world/entity/player/Player;Lnet/minecraft/core/Holder;)V to mdcf8e3f$lambda$irons_lib$kineticUse$0$0 in irons_lib.mixins.json:ItemMixin
[30Sep2026 19:51:05.601] [main/DEBUG] [mixin/]: Mixing ItemMixin from mixins.irons_spellbooks.json into net.minecraft.world.item.Item
[30Sep2026 19:51:05.605] [main/DEBUG] [mixin/]: Mixing IForgeItemMixin from attributeslib.mixins.json into net.minecraftforge.common.extensions.IForgeItem
[30Sep2026 19:51:05.609] [main/DEBUG] [net.minecraftforge.coremod.transformer.CoreModBaseTransformer/COREMOD]: Transforming net/minecraft/world/entity/EntityType
[30Sep2026 19:51:05.626] [main/DEBUG] [mixin/]: Mixing MobEffectMixin from mixins.irons_spellbooks.json into net.minecraft.world.effect.MobEffect
[30Sep2026 19:51:05.632] [main/DEBUG] [mixin/]: Mixing ChunkStatusMixin from alexscaves.mixins.json into net.minecraft.world.level.chunk.ChunkStatus
[30Sep2026 19:51:05.639] [main/DEBUG] [mixin/]: Mixing AttributeMixin from attributeslib.mixins.json into net.minecraft.world.entity.ai.attributes.Attribute
[30Sep2026 19:51:05.666] [main/DEBUG] [mixin/]: Mixing SoulFireBlockMixin from irons_lib.mixins.json into net.minecraft.world.level.block.BaseFireBlock
[30Sep2026 19:51:05.695] [main/DEBUG] [mixin/]: Mixing NoteBlockInstrumentMixin from cataclysm.mixins.json into net.minecraft.world.level.block.state.properties.NoteBlockInstrument
[30Sep2026 19:51:05.696] [main/DEBUG] [mixin/]: Renaming @Invoker method newInstrument(Ljava/lang/String;ILjava/lang/String;Lnet/minecraft/core/Holder;Lnet/minecraft/world/level/block/state/properties/NoteBlockInstrument$Type;)Lnet/minecraft/world/level/block/state/properties/NoteBlockInstrument; to newInstrument_$md$cf8e3f$0 in cataclysm.mixins.json:NoteBlockInstrumentMixin
[30Sep2026 19:51:05.774] [main/DEBUG] [net.minecraftforge.coremod.transformer.CoreModBaseTransformer/COREMOD]: Transforming net/minecraft/world/level/block/LiquidBlock
[30Sep2026 19:51:05.783] [main/DEBUG] [mixin/]: Mixing DispenserBlockMixin from mixins.irons_spellbooks.json into net.minecraft.world.level.block.DispenserBlock
[30Sep2026 19:51:05.788] [main/DEBUG] [mixin/]: Mixing NoteBlockMixin from cataclysm.mixins.json into net.minecraft.world.level.block.NoteBlock
[30Sep2026 19:51:05.798] [main/DEBUG] [net.minecraftforge.coremod.transformer.CoreModBaseTransformer/COREMOD]: Transforming net/minecraft/world/level/block/StairBlock
[30Sep2026 19:51:05.802] [main/DEBUG] [mixin/]: Mixing RedStoneWireBlockMixin from saintsdragons.mixins.json into net.minecraft.world.level.block.RedStoneWireBlock
[30Sep2026 19:51:05.830] [main/DEBUG] [net.minecraftforge.coremod.transformer.CoreModBaseTransformer/COREMOD]: Transforming net/minecraft/world/level/block/FlowerPotBlock
[30Sep2026 19:51:05.836] [main/DEBUG] [mixin/]: Mixing AnvilBlockMixin from placebo.mixins.json into net.minecraft.world.level.block.AnvilBlock
[30Sep2026 19:51:05.869] [main/DEBUG] [mixin/]: Mixing MixinPowderSnowBlock from curios.mixins.json into net.minecraft.world.level.block.PowderSnowBlock
[30Sep2026 19:51:05.906] [main/DEBUG] [mixin/]: Mixing FlowingFluidMixin from alexscaves.mixins.json into net.minecraft.world.level.material.FlowingFluid
[30Sep2026 19:51:05.934] [main/DEBUG] [mixin/]: Mixing FallingBlockEntityMixin from alexscaves.mixins.json into net.minecraft.world.entity.item.FallingBlockEntity
[30Sep2026 19:51:06.040] [main/DEBUG] [mixin/]: Mixing ServerPlayerMixin from irons_lib.mixins.json into net.minecraft.server.level.ServerPlayer
[30Sep2026 19:51:06.046] [main/DEBUG] [mixin/]: Mixing RangedAttributeAccessor from saintsdragons.mixins.json into net.minecraft.world.entity.ai.attributes.RangedAttribute
[30Sep2026 19:51:06.197] [main/DEBUG] [mixin/]: Mixing AbstractContainerMenuInvoker from placebo.mixins.json into net.minecraft.world.inventory.AbstractContainerMenu
[30Sep2026 19:51:06.237] [main/DEBUG] [mixin/]: Mixing AbstractArrowMixin from alexscaves.mixins.json into net.minecraft.world.entity.projectile.AbstractArrow
[30Sep2026 19:51:06.237] [main/DEBUG] [mixin/]: Mixing AbstractArrowAccessor from mixins.irons_spellbooks.json into net.minecraft.world.entity.projectile.AbstractArrow
[30Sep2026 19:51:06.237] [main/DEBUG] [mixin/]: Mixing AbstractArrowAccessor from ricks_stuff.mixins.json into net.minecraft.world.entity.projectile.AbstractArrow
[30Sep2026 19:51:06.237] [main/DEBUG] [mixin/]: ricks_stuff.mixins.json:AbstractArrowAccessor: Class version 61 required is higher than the class version supported by the current version of Mixin (JAVA_8 supports class version 52)
[30Sep2026 19:51:06.243] [main/DEBUG] [mixin/]: Mixing common.MixinProjectile from mixins.epicfight.json into net.minecraft.world.entity.projectile.Projectile
[30Sep2026 19:51:06.253] [main/DEBUG] [mixin/]: Mixing PathfinderMobMixin from saintsdragons.mixins.json into net.minecraft.world.entity.PathfinderMob
[30Sep2026 19:51:06.257] [main/DEBUG] [mixin/]: Mixing MobMixin from alexscaves.mixins.json into net.minecraft.world.entity.Mob
[30Sep2026 19:51:06.258] [main/DEBUG] [mixin/]: Mixing MobMixin from ricks_stuff.mixins.json into net.minecraft.world.entity.Mob
[30Sep2026 19:51:06.258] [main/DEBUG] [mixin/]: ricks_stuff.mixins.json:MobMixin: Class version 61 required is higher than the class version supported by the current version of Mixin (JAVA_8 supports class version 52)
[30Sep2026 19:51:06.259] [main/DEBUG] [mixin/]: Mixing common.MixinMob from mixins.epicfight.json into net.minecraft.world.entity.Mob
[30Sep2026 19:51:06.273] [main/DEBUG] [mixin/]: Mixing MonsterMixin from alexscaves.mixins.json into net.minecraft.world.entity.monster.Monster
[30Sep2026 19:51:06.302] [main/DEBUG] [net.minecraftforge.coremod.transformer.CoreModBaseTransformer/COREMOD]: Transforming net/minecraft/world/item/ItemStack
[30Sep2026 19:51:06.302] [main/DEBUG] [mixin/]: Mixing ItemStackMixin from placebo.mixins.json into net.minecraft.world.item.ItemStack
[30Sep2026 19:51:06.303] [main/DEBUG] [mixin/]: Renaming synthetic method lambda$getOrCreate$0(Ljava/util/function/Function;Ljava/util/function/ToIntFunction;Lnet/minecraft/resources/ResourceLocation;)Ldev/shadowsoffire/placebo/util/CachedObject; to mdcf8e3f$lambda$getOrCreate$0$0 in placebo.mixins.json:ItemStackMixin
[30Sep2026 19:51:06.305] [main/DEBUG] [mixin/]: Mixing ItemStackMixin from mixins.irons_spellbooks.json into net.minecraft.world.item.ItemStack
[30Sep2026 19:51:06.305] [main/DEBUG] [mixin/]: Mixing ItemStackMixin from attributeslib.mixins.json into net.minecraft.world.item.ItemStack
[30Sep2026 19:51:06.319] [main/DEBUG] [net.minecraftforge.coremod.transformer.CoreModBaseTransformer/COREMOD]: Transforming getEnchantmentLevel with desc (Lnet/minecraft/world/item/enchantment/Enchantment;)I
[30Sep2026 19:51:06.320] [main/INFO] [net.minecraftforge.coremod.CoreMod.placebo/COREMODLOG]: Patching IForgeItemStack#getEnchantmentLevel
[30Sep2026 19:51:06.320] [main/DEBUG] [net.minecraftforge.coremod.transformer.CoreModBaseTransformer/COREMOD]: Transforming getAllEnchantments with desc ()Ljava/util/Map;
[30Sep2026 19:51:06.320] [main/INFO] [net.minecraftforge.coremod.CoreMod.placebo/COREMODLOG]: Patching IForgeItemStack#getEnchantmentLevel
[30Sep2026 19:51:06.321] [main/DEBUG] [mixin/]: Mixing IItemExtensionMixin from mixins.irons_spellbooks.json into net.minecraftforge.common.extensions.IForgeItemStack
[30Sep2026 19:51:06.359] [main/DEBUG] [mixin/]: Mixing common.MixinWitherBoss from mixins.epicfight.json into net.minecraft.world.entity.boss.wither.WitherBoss
[30Sep2026 19:51:06.360] [main/DEBUG] [mixin/]: Renaming @Unique method m_7515_()Lnet/minecraft/sounds/SoundEvent; to mdcf8e3f$m_7515_$0 in mixins.epicfight.json:common.MixinWitherBoss
[30Sep2026 19:51:06.370] [main/WARN] [mixin/]: @Final field f_31427_:[I in mixins.epicfight.json:common.MixinWitherBoss should be final
[30Sep2026 19:51:06.371] [main/WARN] [mixin/]: @Final field f_31428_:[I in mixins.epicfight.json:common.MixinWitherBoss should be final
[30Sep2026 19:51:06.514] [main/DEBUG] [mixin/]: Mixing LecternBlockEntityMixin from mixins.irons_spellbooks.json into net.minecraft.world.level.block.entity.LecternBlockEntity
[30Sep2026 19:51:06.520] [main/DEBUG] [mixin/]: Mixing SmithingMenuMixin from citadel.mixins.json into net.minecraft.world.inventory.SmithingMenu
[30Sep2026 19:51:06.594] [main/DEBUG] [net.minecraftforge.coremod.transformer.CoreModBaseTransformer/COREMOD]: Transforming net/minecraft/world/entity/animal/frog/Tadpole
[30Sep2026 19:51:06.611] [main/DEBUG] [mixin/]: Mixing FlintAnSteelItemMixin from mixins.irons_spellbooks.json into net.minecraft.world.item.FlintAndSteelItem
[30Sep2026 19:51:06.612] [main/DEBUG] [mixin/]: Renaming synthetic method lambda$useOn$0(Lnet/minecraft/world/item/context/UseOnContext;Lnet/minecraft/world/entity/player/Player;)V to mdcf8e3f$lambda$useOn$0$0 in mixins.irons_spellbooks.json:FlintAnSteelItemMixin
[30Sep2026 19:51:06.619] [main/DEBUG] [net.minecraftforge.coremod.transformer.CoreModBaseTransformer/COREMOD]: Transforming net/minecraft/world/item/BucketItem
[30Sep2026 19:51:06.628] [main/DEBUG] [mixin/]: Mixing MixinShearsItem from curios.mixins.json into net.minecraft.world.item.ShearsItem
[30Sep2026 19:51:06.634] [main/DEBUG] [mixin/]: Mixing NameTagItemMixin from saintsdragons.mixins.json into net.minecraft.world.item.NameTagItem
[30Sep2026 19:51:06.641] [main/DEBUG] [mixin/]: Mixing TridentItemMixin from mixins.irons_spellbooks.json into net.minecraft.world.item.TridentItem
[30Sep2026 19:51:06.659] [main/DEBUG] [mixin/]: Mixing AbstractMinecartMixin from alexscaves.mixins.json into net.minecraft.world.entity.vehicle.AbstractMinecart
[30Sep2026 19:51:07.056] [main/DEBUG] [mixin/]: Mixing ArmorStandAccessor from irons_lib.mixins.json into net.minecraft.world.entity.decoration.ArmorStand
[30Sep2026 19:51:07.071] [main/DEBUG] [mixin/]: Mixing NearestAttackableTargetGoalMixin from attributeslib.mixins.json into net.minecraft.world.entity.ai.goal.target.NearestAttackableTargetGoal
[30Sep2026 19:51:07.091] [main/DEBUG] [net.minecraftforge.coremod.transformer.CoreModBaseTransformer/COREMOD]: Transforming net/minecraft/world/entity/monster/Spider
[30Sep2026 19:51:07.107] [main/DEBUG] [mixin/]: Mixing CreeperMixin from mixins.irons_spellbooks.json into net.minecraft.world.entity.monster.Creeper
[30Sep2026 19:51:07.115] [main/DEBUG] [net.minecraftforge.coremod.transformer.CoreModBaseTransformer/COREMOD]: Transforming net/minecraft/world/entity/monster/Zombie
[30Sep2026 19:51:07.134] [main/DEBUG] [net.minecraftforge.coremod.transformer.CoreModBaseTransformer/COREMOD]: Transforming net/minecraft/world/entity/monster/ZombieVillager
[30Sep2026 19:51:07.148] [main/DEBUG] [mixin/]: Mixing ThrownTridentMixin from attributeslib.mixins.json into net.minecraft.world.entity.projectile.ThrownTrident
[30Sep2026 19:51:07.149] [main/DEBUG] [mixin/]: Mixing common.MixinThrownTrident from mixins.epicfight.json into net.minecraft.world.entity.projectile.ThrownTrident
[30Sep2026 19:51:07.153] [main/DEBUG] [mixin/]: Mixing common.MixinRangedAttackGoal from mixins.epicfight.json into net.minecraft.world.entity.ai.goal.RangedAttackGoal
[30Sep2026 19:51:07.153] [main/DEBUG] [mixin/]: Renaming synthetic method lambda$epicfight$tick$0(Lyesman/epicfight/world/capabilities/entitypatch/LivingEntityPatch;)V to mdcf8e3f$lambda$epicfight$tick$0$0 in mixins.epicfight.json:common.MixinRangedAttackGoal
[30Sep2026 19:51:07.160] [main/DEBUG] [mixin/]: Mixing EnderDragonMixin from ricks_stuff.mixins.json into net.minecraft.world.entity.boss.enderdragon.EnderDragon
[30Sep2026 19:51:07.160] [main/DEBUG] [mixin/]: ricks_stuff.mixins.json:EnderDragonMixin: Class version 61 required is higher than the class version supported by the current version of Mixin (JAVA_8 supports class version 52)
[30Sep2026 19:51:07.172] [main/DEBUG] [net.minecraftforge.coremod.transformer.CoreModBaseTransformer/COREMOD]: Transforming net/minecraft/world/entity/monster/Evoker$EvokerSummonSpellGoal
[30Sep2026 19:51:07.187] [main/DEBUG] [mixin/]: Mixing FrogMixin from alexscaves.mixins.json into net.minecraft.world.entity.animal.frog.Frog
[30Sep2026 19:51:07.204] [main/DEBUG] [mixin/]: Mixing common.MixinRangedBowAttackGoal from mixins.epicfight.json into net.minecraft.world.entity.ai.goal.RangedBowAttackGoal
[30Sep2026 19:51:07.204] [main/DEBUG] [mixin/]: Renaming synthetic method lambda$epicfight$tick$0(Lyesman/epicfight/world/capabilities/entitypatch/LivingEntityPatch;)V to mdcf8e3f$lambda$epicfight$tick$0$0 in mixins.epicfight.json:common.MixinRangedBowAttackGoal
[30Sep2026 19:51:07.235] [main/DEBUG] [mixin/]: Mixing common.MixinRangedCrossbowAttackGoal from mixins.epicfight.json into net.minecraft.world.entity.ai.goal.RangedCrossbowAttackGoal
[30Sep2026 19:51:07.235] [main/DEBUG] [mixin/]: Renaming synthetic method lambda$epicfight$tick$0(Lyesman/epicfight/world/capabilities/entitypatch/LivingEntityPatch;)V to mdcf8e3f$lambda$epicfight$tick$0$0 in mixins.epicfight.json:common.MixinRangedCrossbowAttackGoal
[30Sep2026 19:51:07.250] [main/DEBUG] [net.minecraftforge.coremod.transformer.CoreModBaseTransformer/COREMOD]: Transforming net/minecraft/world/entity/animal/horse/SkeletonTrapGoal
[30Sep2026 19:51:07.260] [main/DEBUG] [net.minecraftforge.coremod.transformer.CoreModBaseTransformer/COREMOD]: Transforming net/minecraft/world/entity/monster/Strider
[30Sep2026 19:51:07.272] [main/DEBUG] [mixin/]: Mixing v1_19_4_forge.FriendlyByteBufMixin from packetfixer.v1_19_4.forge.mixins.json into net.minecraft.network.FriendlyByteBuf
[30Sep2026 19:51:07.290] [main/WARN] [net.minecraft.network.syncher.SynchedEntityData/]: defineId called for: class net.minecraft.world.entity.LivingEntity from class yesman.epicfight.world.capabilities.entitypatch.LivingEntityPatch
[30Sep2026 19:51:07.291] [main/WARN] [net.minecraft.network.syncher.SynchedEntityData/]: defineId called for: class net.minecraft.world.entity.LivingEntity from class yesman.epicfight.world.capabilities.entitypatch.LivingEntityPatch
[30Sep2026 19:51:07.291] [main/WARN] [net.minecraft.network.syncher.SynchedEntityData/]: defineId called for: class net.minecraft.world.entity.LivingEntity from class yesman.epicfight.world.capabilities.entitypatch.LivingEntityPatch
[30Sep2026 19:51:07.291] [main/WARN] [net.minecraft.network.syncher.SynchedEntityData/]: defineId called for: class net.minecraft.world.entity.LivingEntity from class yesman.epicfight.world.capabilities.entitypatch.LivingEntityPatch
[30Sep2026 19:51:07.313] [main/DEBUG] [net.minecraftforge.coremod.transformer.CoreModBaseTransformer/COREMOD]: Transforming net/minecraft/world/entity/npc/Villager
[30Sep2026 19:51:07.360] [main/DEBUG] [net.minecraftforge.coremod.transformer.CoreModBaseTransformer/COREMOD]: Transforming net/minecraft/world/effect/MobEffectInstance
[30Sep2026 19:51:07.376] [main/DEBUG] [mixin/]: Mixing ServerGamePacketListenerImplMixin from irons_lib.mixins.json into net.minecraft.server.network.ServerGamePacketListenerImpl
[30Sep2026 19:51:07.376] [main/DEBUG] [mixin/]: Mixing ServerGamePacketListenerImplMixin from pointblank.mixins.json into net.minecraft.server.network.ServerGamePacketListenerImpl
[30Sep2026 19:51:07.378] [main/DEBUG] [mixin/]: Mixing v1_19_4_forge.ServerGamePacketListenerImplMixin from packetfixer.v1_19_4.forge.mixins.json into net.minecraft.server.network.ServerGamePacketListenerImpl
[30Sep2026 19:51:07.378] [main/DEBUG] [mixin/]: Mixing common.MixinServerGamePacketListenerImpl from mixins.epicfight.json into net.minecraft.server.network.ServerGamePacketListenerImpl
[30Sep2026 19:51:07.427] [main/DEBUG] [mixin/]: Mixing accessor.StructureProcessorAccessor from cataclysm.mixins.json into net.minecraft.world.level.levelgen.structure.templatesystem.StructureProcessor
[30Sep2026 19:51:07.441] [main/DEBUG] [mixin/]: Mixing ChunkGeneratorMixin from citadel.mixins.json into net.minecraft.world.level.chunk.ChunkGenerator
[30Sep2026 19:51:07.442] [main/DEBUG] [net.minecraftforge.coremod.transformer.CoreModBaseTransformer/COREMOD]: Transforming net/minecraft/world/level/biome/Biome
[30Sep2026 19:51:07.459] [main/DEBUG] [mixin/]: Mixing MixinInventory from curios.mixins.json into net.minecraft.world.entity.player.Inventory
[30Sep2026 19:51:07.463] [main/DEBUG] [mixin/]: Mixing SlotMixin from pointblank.mixins.json into net.minecraft.world.inventory.Slot
[30Sep2026 19:51:07.466] [main/DEBUG] [mixin/]: Mixing ResultSlotMixin from ricks_stuff.mixins.json into net.minecraft.world.inventory.ResultSlot
[30Sep2026 19:51:07.466] [main/DEBUG] [mixin/]: ricks_stuff.mixins.json:ResultSlotMixin: Class version 61 required is higher than the class version supported by the current version of Mixin (JAVA_8 supports class version 52)
[30Sep2026 19:51:07.518] [main/DEBUG] [mixin/]: Mixing EnchantRandomlyFunctionMixin from alexscaves.mixins.json into net.minecraft.world.level.storage.loot.functions.EnchantRandomlyFunction
[30Sep2026 19:51:07.518] [main/DEBUG] [mixin/]: Renaming synthetic method lambda$ac_enchantItem$0(ZLnet/minecraft/world/item/ItemStack;Lnet/minecraft/world/item/enchantment/Enchantment;)Z to mdcf8e3f$lambda$ac_enchantItem$0$0 in alexscaves.mixins.json:EnchantRandomlyFunctionMixin
[30Sep2026 19:51:07.530] [main/DEBUG] [mixin/]: Mixing MixinApplyBonusCount from curios.mixins.json into net.minecraft.world.level.storage.loot.functions.ApplyBonusCount
[30Sep2026 19:51:07.584] [main/DEBUG] [mixin/]: Mixing NoMultifaceGrowthFeatureInStructuresMixin from cataclysm.mixins.json into net.minecraft.world.level.levelgen.feature.MultifaceGrowthFeature
[30Sep2026 19:51:07.586] [main/DEBUG] [mixin/]: Mixing MultifaceGrowthFeatureMixin from alexscaves.mixins.json into net.minecraft.world.level.levelgen.feature.MultifaceGrowthFeature
[30Sep2026 19:51:07.588] [main/DEBUG] [mixin/]: Mixing NoMagmaBlockInStructuresMixin from cataclysm.mixins.json into net.minecraft.world.level.levelgen.feature.UnderwaterMagmaFeature
[30Sep2026 19:51:07.591] [main/DEBUG] [mixin/]: Mixing NoLakesInStructuresMixin from cataclysm.mixins.json into net.minecraft.world.level.levelgen.feature.LakeFeature
[30Sep2026 19:51:07.593] [main/DEBUG] [mixin/]: Mixing NoOreInStructuresMixin from cataclysm.mixins.json into net.minecraft.world.level.levelgen.feature.OreFeature
[30Sep2026 19:51:07.595] [main/DEBUG] [mixin/]: Mixing SeagrassFeatureMixin from alexscaves.mixins.json into net.minecraft.world.level.levelgen.feature.SeagrassFeature
[30Sep2026 19:51:07.596] [main/DEBUG] [mixin/]: Mixing KelpFeatureMixin from alexscaves.mixins.json into net.minecraft.world.level.levelgen.feature.KelpFeature
[30Sep2026 19:51:07.597] [main/DEBUG] [mixin/]: Mixing CoralFeatureMixin from alexscaves.mixins.json into net.minecraft.world.level.levelgen.feature.CoralFeature
[30Sep2026 19:51:07.600] [main/DEBUG] [mixin/]: Mixing NoBasaltColumnsInStructuresMixin from cataclysm.mixins.json into net.minecraft.world.level.levelgen.feature.BasaltColumnsFeature
[30Sep2026 19:51:07.602] [main/DEBUG] [mixin/]: Mixing NoDeltasInStructuresMixin from cataclysm.mixins.json into net.minecraft.world.level.levelgen.feature.DeltaFeature
[30Sep2026 19:51:07.605] [main/DEBUG] [mixin/]: Mixing NoGeodeInStructuresMixin from cataclysm.mixins.json into net.minecraft.world.level.levelgen.feature.GeodeFeature
[30Sep2026 19:51:07.659] [main/DEBUG] [net.minecraftforge.coremod.transformer.CoreModBaseTransformer/COREMOD]: Transforming net/minecraft/world/level/levelgen/structure/Structure
[30Sep2026 19:51:07.666] [main/DEBUG] [mixin/]: Mixing StructurePieceMixin from ricks_stuff.mixins.json into net.minecraft.world.level.levelgen.structure.StructurePiece
[30Sep2026 19:51:07.666] [main/DEBUG] [mixin/]: ricks_stuff.mixins.json:StructurePieceMixin: Class version 61 required is higher than the class version supported by the current version of Mixin (JAVA_8 supports class version 52)
[30Sep2026 19:51:07.683] [main/DEBUG] [net.minecraftforge.coremod.transformer.CoreModBaseTransformer/COREMOD]: Transforming net/minecraft/world/level/levelgen/structure/structures/OceanRuinPieces$OceanRuinPiece
[30Sep2026 19:51:07.692] [main/DEBUG] [net.minecraftforge.coremod.transformer.CoreModBaseTransformer/COREMOD]: Transforming net/minecraft/world/level/levelgen/structure/structures/SwampHutPiece
[30Sep2026 19:51:07.694] [main/DEBUG] [mixin/]: Mixing SwampHutPieceMixin from alexscaves.mixins.json into net.minecraft.world.level.levelgen.structure.structures.SwampHutPiece
[30Sep2026 19:51:07.696] [main/WARN] [mixin/]: Mixin alexscaves.mixins.json:SwampHutPieceMixin has multiple constructors, (Lnet/minecraft/world/level/levelgen/structure/pieces/StructurePieceType;IIIIIILnet/minecraft/core/Direction;)V was selected

[30Sep2026 19:51:07.699] [main/DEBUG] [net.minecraftforge.coremod.transformer.CoreModBaseTransformer/COREMOD]: Transforming net/minecraft/world/level/levelgen/structure/structures/OceanMonumentPieces$OceanMonumentPiece
[30Sep2026 19:51:07.707] [main/DEBUG] [net.minecraftforge.coremod.transformer.CoreModBaseTransformer/COREMOD]: Transforming net/minecraft/world/level/levelgen/structure/structures/WoodlandMansionPieces$WoodlandMansionPiece
[30Sep2026 19:51:07.723] [main/DEBUG] [mixin/]: Mixing JigsawStructureMixin from alexscaves.mixins.json into net.minecraft.world.level.levelgen.structure.structures.JigsawStructure
[30Sep2026 19:51:07.723] [main/DEBUG] [net.minecraftforge.coremod.transformer.CoreModBaseTransformer/COREMOD]: Transforming net/minecraft/world/level/levelgen/structure/Structure
[30Sep2026 19:51:07.727] [main/DEBUG] [mixin/]: Mixing accessor.StructureTemplatePoolAccessor from cataclysm.mixins.json into net.minecraft.world.level.levelgen.structure.pools.StructureTemplatePool
[30Sep2026 19:51:07.727] [main/DEBUG] [mixin/]: Mixing StructureTemplatePoolMixin from pointblank.mixins.json into net.minecraft.world.level.levelgen.structure.pools.StructureTemplatePool
[30Sep2026 19:51:07.727] [main/DEBUG] [mixin/]: Unexpected: Registered method getRawTemplates()Ljava/util/List; in net.minecraft.world.level.levelgen.structure.pools.StructureTemplatePool was not merged
[30Sep2026 19:51:07.735] [main/DEBUG] [mixin/]: Mixing OceanMonumentStructureMixin from alexscaves.mixins.json into net.minecraft.world.level.levelgen.structure.structures.OceanMonumentStructure
[30Sep2026 19:51:07.740] [main/DEBUG] [mixin/]: Mixing ShipwreckStructureMixin from alexscaves.mixins.json into net.minecraft.world.level.levelgen.structure.structures.ShipwreckStructure
[30Sep2026 19:51:07.773] [main/DEBUG] [mixin/]: Mixing BiomeSourceMixin from alexscaves.mixins.json into net.minecraft.world.level.biome.BiomeSource
[30Sep2026 19:51:07.778] [main/DEBUG] [net.minecraftforge.coremod.transformer.CoreModBaseTransformer/COREMOD]: Transforming net/minecraft/world/level/biome/Biome
[30Sep2026 19:51:07.796] [main/DEBUG] [mixin/]: Mixing MultiNoiseBiomeSourceMixin from alexscaves.mixins.json into net.minecraft.world.level.biome.MultiNoiseBiomeSource
[30Sep2026 19:51:07.809] [main/DEBUG] [mixin/]: Mixing NoiseChunkGeneratorMixin from mixins.irons_spellbooks.json into net.minecraft.world.level.levelgen.NoiseBasedChunkGenerator
[30Sep2026 19:51:07.809] [main/DEBUG] [mixin/]: Renaming synthetic method lambda$irons_spellbooks$detectAquifers$2(I)[Lnet/minecraft/world/level/levelgen/structure/BoundingBox; to mdcf8e3f$lambda$irons_spellbooks$detectAquifers$2$0 in mixins.irons_spellbooks.json:NoiseChunkGeneratorMixin
[30Sep2026 19:51:07.809] [main/DEBUG] [mixin/]: Renaming synthetic method lambda$irons_spellbooks$detectAquifers$1(Lnet/minecraft/world/level/levelgen/structure/StructureStart;)Ljava/util/stream/Stream; to mdcf8e3f$lambda$irons_spellbooks$detectAquifers$1$1 in mixins.irons_spellbooks.json:NoiseChunkGeneratorMixin
[30Sep2026 19:51:07.809] [main/DEBUG] [mixin/]: Renaming synthetic method lambda$irons_spellbooks$detectAquifers$0(Lnet/minecraft/world/level/StructureManager;Lnet/minecraft/world/level/levelgen/structure/Structure;)Z to mdcf8e3f$lambda$irons_spellbooks$detectAquifers$0$2 in mixins.irons_spellbooks.json:NoiseChunkGeneratorMixin
[30Sep2026 19:51:07.815] [main/DEBUG] [mixin/]: Mixing NoiseGeneratorSettingsMixin from citadel.mixins.json into net.minecraft.world.level.levelgen.NoiseGeneratorSettings
[30Sep2026 19:51:07.860] [main/DEBUG] [mixin/]: Mixing accessor.SinglePoolElementAccessor from cataclysm.mixins.json into net.minecraft.world.level.levelgen.structure.pools.SinglePoolElement
[30Sep2026 19:51:07.863] [main/DEBUG] [mixin/]: Mixing accessor.ListPoolElementAccessor from cataclysm.mixins.json into net.minecraft.world.level.levelgen.structure.pools.ListPoolElement
[30Sep2026 19:51:07.865] [main/DEBUG] [mixin/]: Mixing accessor.FeaturePoolElementAccessor from cataclysm.mixins.json into net.minecraft.world.level.levelgen.structure.pools.FeaturePoolElement
[30Sep2026 19:51:07.930] [main/DEBUG] [io.netty.util.internal.PlatformDependent0/]: -Dio.netty.noUnsafe: false
[30Sep2026 19:51:07.930] [main/DEBUG] [io.netty.util.internal.PlatformDependent0/]: Java version: 17
[30Sep2026 19:51:07.930] [main/DEBUG] [io.netty.util.internal.PlatformDependent0/]: sun.misc.Unsafe.theUnsafe: available
[30Sep2026 19:51:07.930] [main/DEBUG] [io.netty.util.internal.PlatformDependent0/]: sun.misc.Unsafe.copyMemory: available
[30Sep2026 19:51:07.931] [main/DEBUG] [io.netty.util.internal.PlatformDependent0/]: sun.misc.Unsafe.storeFence: available
[30Sep2026 19:51:07.931] [main/DEBUG] [io.netty.util.internal.PlatformDependent0/]: java.nio.Buffer.address: available
[30Sep2026 19:51:07.931] [main/DEBUG] [io.netty.util.internal.PlatformDependent0/]: direct buffer constructor: unavailable
java.lang.UnsupportedOperationException: Reflective setAccessible(true) disabled
	at io.netty.util.internal.ReflectionUtil.trySetAccessible(ReflectionUtil.java:31) ~[netty-common-4.1.82.Final.jar%2382!/:4.1.82.Final]
	at io.netty.util.internal.PlatformDependent0$5.run(PlatformDependent0.java:288) ~[netty-common-4.1.82.Final.jar%2382!/:4.1.82.Final]
	at java.security.AccessController.doPrivileged(AccessController.java:318) ~[?:?]
	at io.netty.util.internal.PlatformDependent0.<clinit>(PlatformDependent0.java:282) ~[netty-common-4.1.82.Final.jar%2382!/:4.1.82.Final]
	at io.netty.util.internal.PlatformDependent.isAndroid(PlatformDependent.java:333) ~[netty-common-4.1.82.Final.jar%2382!/:4.1.82.Final]
	at io.netty.util.internal.PlatformDependent.<clinit>(PlatformDependent.java:88) ~[netty-common-4.1.82.Final.jar%2382!/:4.1.82.Final]
	at io.netty.util.ConstantPool.<init>(ConstantPool.java:34) ~[netty-common-4.1.82.Final.jar%2382!/:4.1.82.Final]
	at io.netty.util.AttributeKey$1.<init>(AttributeKey.java:27) ~[netty-common-4.1.82.Final.jar%2382!/:4.1.82.Final]
	at io.netty.util.AttributeKey.<clinit>(AttributeKey.java:27) ~[netty-common-4.1.82.Final.jar%2382!/:4.1.82.Final]
	at net.minecraftforge.network.NetworkConstants.<clinit>(NetworkConstants.java:34) ~[forge-1.20.1-47.4.10-universal.jar%23152!/:?]
	at net.minecraftforge.network.NetworkHooks.init(NetworkHooks.java:52) ~[forge-1.20.1-47.4.10-universal.jar%23152!/:?]
	at net.minecraft.server.Bootstrap.m_135870_(Bootstrap.java:62) ~[server-1.20.1-20230612.114412-srg.jar%23147!/:?]
	at net.minecraft.server.Main.main(Main.java:121) ~[server-1.20.1-20230612.114412-srg.jar%23147!/:?]
	at jdk.internal.reflect.NativeMethodAccessorImpl.invoke0(Native Method) ~[?:?]
	at jdk.internal.reflect.NativeMethodAccessorImpl.invoke(NativeMethodAccessorImpl.java:77) ~[?:?]
	at jdk.internal.reflect.DelegatingMethodAccessorImpl.invoke(DelegatingMethodAccessorImpl.java:43) ~[?:?]
	at java.lang.reflect.Method.invoke(Method.java:569) ~[?:?]
	at net.minecraftforge.fml.loading.targets.CommonLaunchHandler.runTarget(CommonLaunchHandler.java:111) ~[fmlloader-1.20.1-47.4.10.jar%2369!/:?]
	at net.minecraftforge.fml.loading.targets.CommonLaunchHandler.serverService(CommonLaunchHandler.java:103) ~[fmlloader-1.20.1-47.4.10.jar%2369!/:?]
	at net.minecraftforge.fml.loading.targets.CommonServerLaunchHandler.lambda$makeService$0(CommonServerLaunchHandler.java:27) ~[fmlloader-1.20.1-47.4.10.jar%2369!/:?]
	at cpw.mods.modlauncher.LaunchServiceHandlerDecorator.launch(LaunchServiceHandlerDecorator.java:30) ~[modlauncher-10.0.9.jar%2355!/:?]
	at cpw.mods.modlauncher.LaunchServiceHandler.launch(LaunchServiceHandler.java:53) ~[modlauncher-10.0.9.jar%2355!/:?]
	at cpw.mods.modlauncher.LaunchServiceHandler.launch(LaunchServiceHandler.java:71) ~[modlauncher-10.0.9.jar%2355!/:?]
	at cpw.mods.modlauncher.Launcher.run(Launcher.java:108) ~[modlauncher-10.0.9.jar%2355!/:?]
	at cpw.mods.modlauncher.Launcher.main(Launcher.java:78) ~[modlauncher-10.0.9.jar%2355!/:?]
	at cpw.mods.modlauncher.BootstrapLaunchConsumer.accept(BootstrapLaunchConsumer.java:26) ~[modlauncher-10.0.9.jar%2355!/:?]
	at cpw.mods.modlauncher.BootstrapLaunchConsumer.accept(BootstrapLaunchConsumer.java:23) ~[modlauncher-10.0.9.jar%2355!/:?]
	at cpw.mods.bootstraplauncher.BootstrapLauncher.main(BootstrapLauncher.java:141) ~[bootstraplauncher-1.1.2.jar:?]
[30Sep2026 19:51:07.932] [main/DEBUG] [io.netty.util.internal.PlatformDependent0/]: java.nio.Bits.unaligned: available, true
[30Sep2026 19:51:07.932] [main/DEBUG] [io.netty.util.internal.PlatformDependent0/]: jdk.internal.misc.Unsafe.allocateUninitializedArray(int): unavailable
java.lang.IllegalAccessException: class io.netty.util.internal.PlatformDependent0$7 (in module io.netty.common) cannot access class jdk.internal.misc.Unsafe (in module java.base) because module java.base does not export jdk.internal.misc to module io.netty.common
	at jdk.internal.reflect.Reflection.newIllegalAccessException(Reflection.java:392) ~[?:?]
	at java.lang.reflect.AccessibleObject.checkAccess(AccessibleObject.java:674) ~[?:?]
	at java.lang.reflect.Method.invoke(Method.java:561) ~[?:?]
	at io.netty.util.internal.PlatformDependent0$7.run(PlatformDependent0.java:410) ~[netty-common-4.1.82.Final.jar%2382!/:4.1.82.Final]
	at java.security.AccessController.doPrivileged(AccessController.java:318) ~[?:?]
	at io.netty.util.internal.PlatformDependent0.<clinit>(PlatformDependent0.java:401) ~[netty-common-4.1.82.Final.jar%2382!/:4.1.82.Final]
	at io.netty.util.internal.PlatformDependent.isAndroid(PlatformDependent.java:333) ~[netty-common-4.1.82.Final.jar%2382!/:4.1.82.Final]
	at io.netty.util.internal.PlatformDependent.<clinit>(PlatformDependent.java:88) ~[netty-common-4.1.82.Final.jar%2382!/:4.1.82.Final]
	at io.netty.util.ConstantPool.<init>(ConstantPool.java:34) ~[netty-common-4.1.82.Final.jar%2382!/:4.1.82.Final]
	at io.netty.util.AttributeKey$1.<init>(AttributeKey.java:27) ~[netty-common-4.1.82.Final.jar%2382!/:4.1.82.Final]
	at io.netty.util.AttributeKey.<clinit>(AttributeKey.java:27) ~[netty-common-4.1.82.Final.jar%2382!/:4.1.82.Final]
	at net.minecraftforge.network.NetworkConstants.<clinit>(NetworkConstants.java:34) ~[forge-1.20.1-47.4.10-universal.jar%23152!/:?]
	at net.minecraftforge.network.NetworkHooks.init(NetworkHooks.java:52) ~[forge-1.20.1-47.4.10-universal.jar%23152!/:?]
	at net.minecraft.server.Bootstrap.m_135870_(Bootstrap.java:62) ~[server-1.20.1-20230612.114412-srg.jar%23147!/:?]
	at net.minecraft.server.Main.main(Main.java:121) ~[server-1.20.1-20230612.114412-srg.jar%23147!/:?]
	at jdk.internal.reflect.NativeMethodAccessorImpl.invoke0(Native Method) ~[?:?]
	at jdk.internal.reflect.NativeMethodAccessorImpl.invoke(NativeMethodAccessorImpl.java:77) ~[?:?]
	at jdk.internal.reflect.DelegatingMethodAccessorImpl.invoke(DelegatingMethodAccessorImpl.java:43) ~[?:?]
	at java.lang.reflect.Method.invoke(Method.java:569) ~[?:?]
	at net.minecraftforge.fml.loading.targets.CommonLaunchHandler.runTarget(CommonLaunchHandler.java:111) ~[fmlloader-1.20.1-47.4.10.jar%2369!/:?]
	at net.minecraftforge.fml.loading.targets.CommonLaunchHandler.serverService(CommonLaunchHandler.java:103) ~[fmlloader-1.20.1-47.4.10.jar%2369!/:?]
	at net.minecraftforge.fml.loading.targets.CommonServerLaunchHandler.lambda$makeService$0(CommonServerLaunchHandler.java:27) ~[fmlloader-1.20.1-47.4.10.jar%2369!/:?]
	at cpw.mods.modlauncher.LaunchServiceHandlerDecorator.launch(LaunchServiceHandlerDecorator.java:30) ~[modlauncher-10.0.9.jar%2355!/:?]
	at cpw.mods.modlauncher.LaunchServiceHandler.launch(LaunchServiceHandler.java:53) ~[modlauncher-10.0.9.jar%2355!/:?]
	at cpw.mods.modlauncher.LaunchServiceHandler.launch(LaunchServiceHandler.java:71) ~[modlauncher-10.0.9.jar%2355!/:?]
	at cpw.mods.modlauncher.Launcher.run(Launcher.java:108) ~[modlauncher-10.0.9.jar%2355!/:?]
	at cpw.mods.modlauncher.Launcher.main(Launcher.java:78) ~[modlauncher-10.0.9.jar%2355!/:?]
	at cpw.mods.modlauncher.BootstrapLaunchConsumer.accept(BootstrapLaunchConsumer.java:26) ~[modlauncher-10.0.9.jar%2355!/:?]
	at cpw.mods.modlauncher.BootstrapLaunchConsumer.accept(BootstrapLaunchConsumer.java:23) ~[modlauncher-10.0.9.jar%2355!/:?]
	at cpw.mods.bootstraplauncher.BootstrapLauncher.main(BootstrapLauncher.java:141) ~[bootstraplauncher-1.1.2.jar:?]
[30Sep2026 19:51:07.933] [main/DEBUG] [io.netty.util.internal.PlatformDependent0/]: java.nio.DirectByteBuffer.<init>(long, int): unavailable
[30Sep2026 19:51:07.933] [main/DEBUG] [io.netty.util.internal.PlatformDependent/]: sun.misc.Unsafe: available
[30Sep2026 19:51:07.933] [main/DEBUG] [io.netty.util.internal.PlatformDependent/]: maxDirectMemory: 5368709120 bytes (maybe)
[30Sep2026 19:51:07.933] [main/DEBUG] [io.netty.util.internal.PlatformDependent/]: -Dio.netty.tmpdir: /tmp (java.io.tmpdir)
[30Sep2026 19:51:07.933] [main/DEBUG] [io.netty.util.internal.PlatformDependent/]: -Dio.netty.bitMode: 64 (sun.arch.data.model)
[30Sep2026 19:51:07.934] [main/DEBUG] [io.netty.util.internal.PlatformDependent/]: -Dio.netty.maxDirectMemory: -1 bytes
[30Sep2026 19:51:07.934] [main/DEBUG] [io.netty.util.internal.PlatformDependent/]: -Dio.netty.uninitializedArrayAllocationThreshold: -1
[30Sep2026 19:51:07.934] [main/DEBUG] [io.netty.util.internal.CleanerJava9/]: java.nio.ByteBuffer.cleaner(): available
[30Sep2026 19:51:07.934] [main/DEBUG] [io.netty.util.internal.PlatformDependent/]: -Dio.netty.noPreferDirect: false
[30Sep2026 19:51:07.954] [main/DEBUG] [mixin/]: Mixing v1_19_4_forge.ServerboundCustomPayloadPacketMixin from packetfixer.v1_19_4.forge.mixins.json into net.minecraft.network.protocol.game.ServerboundCustomPayloadPacket
[30Sep2026 19:51:07.956] [main/DEBUG] [mixin/]: Mixing v1_19_4_forge.ClientboundCustomPayloadPacketMixin from packetfixer.v1_19_4.forge.mixins.json into net.minecraft.network.protocol.game.ClientboundCustomPayloadPacket
[30Sep2026 19:51:07.958] [main/DEBUG] [mixin/]: Mixing v1_19_4_forge.ServerboundCustomQueryPacketMixin from packetfixer.v1_19_4.forge.mixins.json into net.minecraft.network.protocol.login.ServerboundCustomQueryPacket
[30Sep2026 19:51:07.959] [main/DEBUG] [mixin/]: Mixing v1_19_4_forge.ClientboundCustomQueryPacketMixin from packetfixer.v1_19_4.forge.mixins.json into net.minecraft.network.protocol.login.ClientboundCustomQueryPacket
[30Sep2026 19:51:07.973] [main/DEBUG] [net.minecraftforge.network.NetworkHooks/]: Loading Network data for FML net version: FML3
[30Sep2026 19:51:07.987] [main/DEBUG] [net.minecraftforge.common.ForgeI18n/CORE]: Loading I18N data entries: 6434
[30Sep2026 19:51:07.998] [main/DEBUG] [net.minecraftforge.fml.ModWorkManager/LOADING]: Using 4 threads for parallel mod-loading
[30Sep2026 19:51:08.002] [main/DEBUG] [net.minecraftforge.fml.javafmlmod.FMLJavaModLanguageProvider/LOADING]: Loading FMLModContainer from classloader cpw.mods.modlauncher.TransformingClassLoader@4ea1aa52 - got cpw.mods.cl.ModuleClassLoader@1450078a
[30Sep2026 19:51:08.004] [main/DEBUG] [net.minecraftforge.fml.javafmlmod.FMLModContainer/LOADING]: Creating FMLModContainer instance for com.p1nero.invincible.InvincibleMod
[30Sep2026 19:51:08.005] [main/DEBUG] [net.minecraftforge.fml.javafmlmod.FMLJavaModLanguageProvider/LOADING]: Loading FMLModContainer from classloader cpw.mods.modlauncher.TransformingClassLoader@4ea1aa52 - got cpw.mods.cl.ModuleClassLoader@1450078a
[30Sep2026 19:51:08.005] [main/DEBUG] [net.minecraftforge.fml.javafmlmod.FMLModContainer/LOADING]: Creating FMLModContainer instance for dev.kosmx.playerAnim.forge.ForgeModInterface
[30Sep2026 19:51:08.005] [main/DEBUG] [net.minecraftforge.fml.javafmlmod.FMLJavaModLanguageProvider/LOADING]: Loading FMLModContainer from classloader cpw.mods.modlauncher.TransformingClassLoader@4ea1aa52 - got cpw.mods.cl.ModuleClassLoader@1450078a
[30Sep2026 19:51:08.005] [main/DEBUG] [net.minecraftforge.fml.javafmlmod.FMLModContainer/LOADING]: Creating FMLModContainer instance for io.redspace.ironslib.IronsLib
[30Sep2026 19:51:08.005] [main/DEBUG] [net.minecraftforge.fml.javafmlmod.FMLJavaModLanguageProvider/LOADING]: Loading FMLModContainer from classloader cpw.mods.modlauncher.TransformingClassLoader@4ea1aa52 - got cpw.mods.cl.ModuleClassLoader@1450078a
[30Sep2026 19:51:08.005] [main/DEBUG] [net.minecraftforge.fml.javafmlmod.FMLModContainer/LOADING]: Creating FMLModContainer instance for com.github.L_Ender.lionfishapi.LionfishAPI
[30Sep2026 19:51:08.006] [main/DEBUG] [net.minecraftforge.fml.javafmlmod.FMLJavaModLanguageProvider/LOADING]: Loading FMLModContainer from classloader cpw.mods.modlauncher.TransformingClassLoader@4ea1aa52 - got cpw.mods.cl.ModuleClassLoader@1450078a
[30Sep2026 19:51:08.006] [main/DEBUG] [net.minecraftforge.fml.javafmlmod.FMLModContainer/LOADING]: Creating FMLModContainer instance for com.gametechbc.traveloptics.TravelopticsMod
[30Sep2026 19:51:08.006] [main/DEBUG] [net.minecraftforge.fml.javafmlmod.FMLJavaModLanguageProvider/LOADING]: Loading FMLModContainer from classloader cpw.mods.modlauncher.TransformingClassLoader@4ea1aa52 - got cpw.mods.cl.ModuleClassLoader@1450078a
[30Sep2026 19:51:08.006] [main/DEBUG] [net.minecraftforge.fml.javafmlmod.FMLModContainer/LOADING]: Creating FMLModContainer instance for com.github.L_Ender.cataclysm.Cataclysm
[30Sep2026 19:51:08.007] [main/DEBUG] [net.minecraftforge.fml.javafmlmod.FMLJavaModLanguageProvider/LOADING]: Loading FMLModContainer from classloader cpw.mods.modlauncher.TransformingClassLoader@4ea1aa52 - got cpw.mods.cl.ModuleClassLoader@1450078a
[30Sep2026 19:51:08.007] [main/DEBUG] [net.minecraftforge.fml.javafmlmod.FMLModContainer/LOADING]: Creating FMLModContainer instance for top.theillusivec4.curios.Curios
[30Sep2026 19:51:08.007] [main/DEBUG] [net.minecraftforge.fml.javafmlmod.FMLJavaModLanguageProvider/LOADING]: Loading FMLModContainer from classloader cpw.mods.modlauncher.TransformingClassLoader@4ea1aa52 - got cpw.mods.cl.ModuleClassLoader@1450078a
[30Sep2026 19:51:08.007] [main/DEBUG] [net.minecraftforge.fml.javafmlmod.FMLModContainer/LOADING]: Creating FMLModContainer instance for dev.shadowsoffire.placebo.Placebo
[30Sep2026 19:51:08.008] [main/DEBUG] [net.minecraftforge.fml.javafmlmod.FMLJavaModLanguageProvider/LOADING]: Loading FMLModContainer from classloader cpw.mods.modlauncher.TransformingClassLoader@4ea1aa52 - got cpw.mods.cl.ModuleClassLoader@1450078a
[30Sep2026 19:51:08.008] [main/DEBUG] [net.minecraftforge.fml.javafmlmod.FMLModContainer/LOADING]: Creating FMLModContainer instance for com.github.alexthe666.citadel.Citadel
[30Sep2026 19:51:08.008] [main/DEBUG] [net.minecraftforge.fml.javafmlmod.FMLJavaModLanguageProvider/LOADING]: Loading FMLModContainer from classloader cpw.mods.modlauncher.TransformingClassLoader@4ea1aa52 - got cpw.mods.cl.ModuleClassLoader@1450078a
[30Sep2026 19:51:08.009] [main/DEBUG] [net.minecraftforge.fml.javafmlmod.FMLModContainer/LOADING]: Creating FMLModContainer instance for com.github.alexmodguy.alexscaves.AlexsCaves
[30Sep2026 19:51:08.009] [main/DEBUG] [net.minecraftforge.fml.javafmlmod.FMLJavaModLanguageProvider/LOADING]: Loading FMLModContainer from classloader cpw.mods.modlauncher.TransformingClassLoader@4ea1aa52 - got cpw.mods.cl.ModuleClassLoader@1450078a
[30Sep2026 19:51:08.009] [main/DEBUG] [net.minecraftforge.fml.javafmlmod.FMLModContainer/LOADING]: Creating FMLModContainer instance for io.redspace.ironsspellbooks.IronsSpellbooks
[30Sep2026 19:51:08.010] [main/DEBUG] [net.minecraftforge.fml.javafmlmod.FMLJavaModLanguageProvider/LOADING]: Loading FMLModContainer from classloader cpw.mods.modlauncher.TransformingClassLoader@4ea1aa52 - got cpw.mods.cl.ModuleClassLoader@1450078a
[30Sep2026 19:51:08.010] [main/DEBUG] [net.minecraftforge.fml.javafmlmod.FMLModContainer/LOADING]: Creating FMLModContainer instance for cn.blockforge.generated.cataclysmcompat.CompatMod
[30Sep2026 19:51:08.010] [main/DEBUG] [net.minecraftforge.fml.javafmlmod.FMLJavaModLanguageProvider/LOADING]: Loading FMLModContainer from classloader cpw.mods.modlauncher.TransformingClassLoader@4ea1aa52 - got cpw.mods.cl.ModuleClassLoader@1450078a
[30Sep2026 19:51:08.010] [main/DEBUG] [net.minecraftforge.fml.javafmlmod.FMLModContainer/LOADING]: Creating FMLModContainer instance for dev.shadowsoffire.attributeslib.AttributesLib
[30Sep2026 19:51:08.010] [main/DEBUG] [net.minecraftforge.fml.javafmlmod.FMLJavaModLanguageProvider/LOADING]: Loading FMLModContainer from classloader cpw.mods.modlauncher.TransformingClassLoader@4ea1aa52 - got cpw.mods.cl.ModuleClassLoader@1450078a
[30Sep2026 19:51:08.010] [main/DEBUG] [net.minecraftforge.fml.javafmlmod.FMLModContainer/LOADING]: Creating FMLModContainer instance for com.leon.saintsdragons.forge.SaintsDragonsForge
[30Sep2026 19:51:08.011] [main/DEBUG] [net.minecraftforge.fml.javafmlmod.FMLJavaModLanguageProvider/LOADING]: Loading FMLModContainer from classloader cpw.mods.modlauncher.TransformingClassLoader@4ea1aa52 - got cpw.mods.cl.ModuleClassLoader@1450078a
[30Sep2026 19:51:08.011] [main/DEBUG] [net.minecraftforge.fml.javafmlmod.FMLModContainer/LOADING]: Creating FMLModContainer instance for software.bernie.example.GeckoLibMod
[30Sep2026 19:51:08.011] [main/DEBUG] [net.minecraftforge.fml.javafmlmod.FMLJavaModLanguageProvider/LOADING]: Loading FMLModContainer from classloader cpw.mods.modlauncher.TransformingClassLoader@4ea1aa52 - got cpw.mods.cl.ModuleClassLoader@1450078a
[30Sep2026 19:51:08.012] [main/DEBUG] [net.minecraftforge.fml.javafmlmod.FMLModContainer/LOADING]: Creating FMLModContainer instance for com.vicmatskiv.pointblank.PointBlankMod
[30Sep2026 19:51:08.013] [main/DEBUG] [net.minecraftforge.fml.javafmlmod.FMLJavaModLanguageProvider/LOADING]: Loading FMLModContainer from classloader cpw.mods.modlauncher.TransformingClassLoader@4ea1aa52 - got cpw.mods.cl.ModuleClassLoader@1450078a
[30Sep2026 19:51:08.013] [main/DEBUG] [net.minecraftforge.fml.javafmlmod.FMLModContainer/LOADING]: Creating FMLModContainer instance for com.havnnek.wo_traveloptics.WoTravelopticsMod
[30Sep2026 19:51:08.013] [main/DEBUG] [net.minecraftforge.fml.javafmlmod.FMLJavaModLanguageProvider/LOADING]: Loading FMLModContainer from classloader cpw.mods.modlauncher.TransformingClassLoader@4ea1aa52 - got cpw.mods.cl.ModuleClassLoader@1450078a
[30Sep2026 19:51:08.013] [main/DEBUG] [net.minecraftforge.fml.javafmlmod.FMLModContainer/LOADING]: Creating FMLModContainer instance for net.minecraftforge.common.ForgeMod
[30Sep2026 19:51:08.014] [main/DEBUG] [net.minecraftforge.fml.javafmlmod.FMLJavaModLanguageProvider/LOADING]: Loading FMLModContainer from classloader cpw.mods.modlauncher.TransformingClassLoader@4ea1aa52 - got cpw.mods.cl.ModuleClassLoader@1450078a
[30Sep2026 19:51:08.015] [main/DEBUG] [net.minecraftforge.fml.javafmlmod.FMLModContainer/LOADING]: Creating FMLModContainer instance for org.ExtraTortik.ricks_stuff.RicksStuff
[30Sep2026 19:51:08.015] [main/DEBUG] [net.minecraftforge.fml.javafmlmod.FMLJavaModLanguageProvider/LOADING]: Loading FMLModContainer from classloader cpw.mods.modlauncher.TransformingClassLoader@4ea1aa52 - got cpw.mods.cl.ModuleClassLoader@1450078a
[30Sep2026 19:51:08.015] [main/DEBUG] [net.minecraftforge.fml.javafmlmod.FMLModContainer/LOADING]: Creating FMLModContainer instance for dev.tonimatas.packetfixer.PacketFixerMod
[30Sep2026 19:51:08.015] [main/DEBUG] [net.minecraftforge.fml.javafmlmod.FMLJavaModLanguageProvider/LOADING]: Loading FMLModContainer from classloader cpw.mods.modlauncher.TransformingClassLoader@4ea1aa52 - got cpw.mods.cl.ModuleClassLoader@1450078a
[30Sep2026 19:51:08.015] [main/DEBUG] [net.minecraftforge.fml.javafmlmod.FMLModContainer/LOADING]: Creating FMLModContainer instance for net.corruptdog.cdm.main.CDmoveset
[30Sep2026 19:51:08.015] [main/DEBUG] [net.minecraftforge.fml.javafmlmod.FMLJavaModLanguageProvider/LOADING]: Loading FMLModContainer from classloader cpw.mods.modlauncher.TransformingClassLoader@4ea1aa52 - got cpw.mods.cl.ModuleClassLoader@1450078a
[30Sep2026 19:51:08.015] [main/DEBUG] [net.minecraftforge.fml.javafmlmod.FMLModContainer/LOADING]: Creating FMLModContainer instance for yesman.epicfight.main.EpicFightMod
[30Sep2026 19:51:08.016] [main/DEBUG] [mixin/]: Mixing EpicFightModMixin from invincible.mixins.json into yesman.epicfight.main.EpicFightMod
[30Sep2026 19:51:08.016] [main/DEBUG] [mixin/]: Renaming synthetic method lambda$invincible$constructMod$1()V to mdcf8e3f$lambda$invincible$constructMod$1$0 in invincible.mixins.json:EpicFightModMixin
[30Sep2026 19:51:08.016] [main/DEBUG] [mixin/]: Renaming synthetic method lambda$invincible$constructMod$0(Lcom/p1nero/invincible/api/forgeevent/DuplicateAnimationRegistryEvent$DuplicateAnimationBuilder;)V to mdcf8e3f$lambda$invincible$constructMod$0$1 in invincible.mixins.json:EpicFightModMixin
[30Sep2026 19:51:08.019] [main/DEBUG] [net.minecraftforge.fml.javafmlmod.FMLJavaModLanguageProvider/LOADING]: Loading FMLModContainer from classloader cpw.mods.modlauncher.TransformingClassLoader@4ea1aa52 - got cpw.mods.cl.ModuleClassLoader@1450078a
[30Sep2026 19:51:08.019] [main/DEBUG] [net.minecraftforge.fml.javafmlmod.FMLModContainer/LOADING]: Creating FMLModContainer instance for reascer.wom.main.WeaponsOfMinecraft
[30Sep2026 19:51:08.019] [main/DEBUG] [net.minecraftforge.fml.javafmlmod.FMLJavaModLanguageProvider/LOADING]: Loading FMLModContainer from classloader cpw.mods.modlauncher.TransformingClassLoader@4ea1aa52 - got cpw.mods.cl.ModuleClassLoader@1450078a
[30Sep2026 19:51:08.019] [main/DEBUG] [net.minecraftforge.fml.javafmlmod.FMLModContainer/LOADING]: Creating FMLModContainer instance for net.aurelj.dungeons_arise.DungeonsAriseMain
[30Sep2026 19:51:08.029] [modloading-worker-0/DEBUG] [net.minecraftforge.fml.javafmlmod.AutomaticEventSubscriber/LOADING]: Attempting to inject @EventBusSubscriber classes into the eventbus for playeranimator
[30Sep2026 19:51:08.039] [modloading-worker-0/DEBUG] [net.minecraftforge.fml.javafmlmod.AutomaticEventSubscriber/LOADING]: Attempting to inject @EventBusSubscriber classes into the eventbus for lionfishapi
[30Sep2026 19:51:08.039] [modloading-worker-0/DEBUG] [net.minecraftforge.fml.javafmlmod.AutomaticEventSubscriber/LOADING]: Auto-subscribing com.github.L_Ender.lionfishapi.LionfishAPI to FORGE
[30Sep2026 19:51:08.039] [modloading-worker-0/DEBUG] [net.minecraftforge.fml.javafmlmod.AutomaticEventSubscriber/LOADING]: Auto-subscribing com.github.L_Ender.lionfishapi.CommonProxy to MOD
[30Sep2026 19:51:08.061] [modloading-worker-0/DEBUG] [epicfight/]: Registered Extendable Enum class com.p1nero.invincible.api.skill.ComboNode$ComboTypes in combo_type
[30Sep2026 19:51:08.065] [modloading-worker-0/DEBUG] [net.minecraftforge.fml.config.ConfigTracker/CONFIG]: Config file invincible-common.toml for invincible tracking
[30Sep2026 19:51:08.066] [modloading-worker-0/DEBUG] [net.minecraftforge.fml.javafmlmod.AutomaticEventSubscriber/LOADING]: Attempting to inject @EventBusSubscriber classes into the eventbus for invincible
[30Sep2026 19:51:08.066] [modloading-worker-0/DEBUG] [net.minecraftforge.fml.javafmlmod.AutomaticEventSubscriber/LOADING]: Auto-subscribing com.p1nero.invincible.gameassets.InvincibleDuplicateDemoAnimations to MOD
[30Sep2026 19:51:08.066] [modloading-worker-0/DEBUG] [net.minecraftforge.coremod.transformer.CoreModBaseTransformer/COREMOD]: Transforming com/gametechbc/traveloptics/spells/aqua/SerpentideSpell
[30Sep2026 19:51:08.069] [modloading-worker-0/DEBUG] [mixin/]: Mixing ServerResourcesMixin from placebo.mixins.json into net.minecraft.server.ReloadableServerResources
[30Sep2026 19:51:08.071] [modloading-worker-0/DEBUG] [net.minecraftforge.fml.javafmlmod.AutomaticEventSubscriber/LOADING]: Attempting to inject @EventBusSubscriber classes into the eventbus for irons_lib
[30Sep2026 19:51:08.071] [modloading-worker-0/DEBUG] [net.minecraftforge.fml.javafmlmod.AutomaticEventSubscriber/LOADING]: Auto-subscribing com.p1nero.invincible.gameassets.InvincibleDemoWeaponCapabilityPresets to MOD
[30Sep2026 19:51:08.073] [modloading-worker-0/DEBUG] [net.minecraftforge.fml.javafmlmod.AutomaticEventSubscriber/LOADING]: Auto-subscribing com.p1nero.invincible.gameassets.InvincibleDemoSkills to MOD
[30Sep2026 19:51:08.074] [modloading-worker-0/DEBUG] [net.minecraftforge.fml.javafmlmod.AutomaticEventSubscriber/LOADING]: Auto-subscribing io.redspace.ironslib.soulfire.SoulFireHooks to FORGE
[30Sep2026 19:51:08.077] [modloading-worker-0/DEBUG] [net.minecraftforge.fml.javafmlmod.AutomaticEventSubscriber/LOADING]: Auto-subscribing com.p1nero.invincible.command.InvincibleCommands to FORGE
[30Sep2026 19:51:08.078] [modloading-worker-0/DEBUG] [net.minecraftforge.fml.javafmlmod.AutomaticEventSubscriber/LOADING]: Auto-subscribing io.redspace.ironslib.registry.IronsLibRegistries$AttributeRegistry to MOD
[30Sep2026 19:51:08.079] [modloading-worker-0/DEBUG] [net.minecraftforge.fml.javafmlmod.AutomaticEventSubscriber/LOADING]: Auto-subscribing io.redspace.ironslib.kinetic_weapon.KineticWeaponHandler to FORGE
[30Sep2026 19:51:08.082] [modloading-worker-0/DEBUG] [net.minecraftforge.fml.javafmlmod.AutomaticEventSubscriber/LOADING]: Auto-subscribing com.p1nero.invincible.capability.InvinciblePlayerCapabilityProvider to FORGE
[30Sep2026 19:51:08.084] [modloading-worker-0/DEBUG] [net.minecraftforge.fml.javafmlmod.AutomaticEventSubscriber/LOADING]: Auto-subscribing io.redspace.ironslib.internal.registry.CommandHandler to FORGE
[30Sep2026 19:51:08.087] [modloading-worker-0/DEBUG] [net.minecraftforge.fml.javafmlmod.AutomaticEventSubscriber/LOADING]: Auto-subscribing io.redspace.ironslib.attribute.AttributeEventsHandler to FORGE
[30Sep2026 19:51:08.094] [modloading-worker-0/DEBUG] [net.minecraftforge.fml.javafmlmod.AutomaticEventSubscriber/LOADING]: Auto-subscribing com.p1nero.invincible.capability.InvincibleEntityCapabilityProvider to FORGE
[30Sep2026 19:51:08.098] [modloading-worker-0/DEBUG] [net.minecraftforge.fml.javafmlmod.AutomaticEventSubscriber/LOADING]: Auto-subscribing com.p1nero.invincible.capability.InvincibleCapabilities to FORGE
[30Sep2026 19:51:08.101] [modloading-worker-0/DEBUG] [net.minecraftforge.fml.config.ConfigTracker/CONFIG]: Config file cataclysm-client.toml for cataclysm tracking
[30Sep2026 19:51:08.101] [modloading-worker-0/DEBUG] [net.minecraftforge.fml.config.ConfigTracker/CONFIG]: Config file cataclysm-common.toml for cataclysm tracking
[30Sep2026 19:51:08.102] [modloading-worker-0/DEBUG] [net.minecraftforge.fml.javafmlmod.AutomaticEventSubscriber/LOADING]: Auto-subscribing com.p1nero.invincible.InvincibleConfig to MOD
[30Sep2026 19:51:08.107] [modloading-worker-0/DEBUG] [net.minecraftforge.fml.config.ConfigTracker/CONFIG]: Config file curios-client.toml for curios tracking
[30Sep2026 19:51:08.108] [modloading-worker-0/DEBUG] [net.minecraftforge.fml.config.ConfigTracker/CONFIG]: Config file curios-common.toml for curios tracking
[30Sep2026 19:51:08.108] [modloading-worker-0/DEBUG] [net.minecraftforge.fml.config.ConfigTracker/CONFIG]: Config file curios-server.toml for curios tracking
[30Sep2026 19:51:08.108] [modloading-worker-0/DEBUG] [net.minecraftforge.fml.javafmlmod.AutomaticEventSubscriber/LOADING]: Attempting to inject @EventBusSubscriber classes into the eventbus for curios
[30Sep2026 19:51:08.109] [modloading-worker-0/DEBUG] [net.minecraftforge.fml.javafmlmod.AutomaticEventSubscriber/LOADING]: Attempting to inject @EventBusSubscriber classes into the eventbus for placebo
[30Sep2026 19:51:08.109] [modloading-worker-0/DEBUG] [net.minecraftforge.fml.javafmlmod.AutomaticEventSubscriber/LOADING]: Auto-subscribing dev.shadowsoffire.placebo.util.PlaceboTaskQueue to FORGE
[30Sep2026 19:51:08.123] [modloading-worker-0/DEBUG] [net.minecraftforge.fml.config.ConfigTracker/CONFIG]: Config file alexscaves-general.toml for alexscaves tracking
[30Sep2026 19:51:08.123] [modloading-worker-0/DEBUG] [net.minecraftforge.fml.config.ConfigTracker/CONFIG]: Config file alexscaves-client.toml for alexscaves tracking
[30Sep2026 19:51:08.126] [modloading-worker-0/DEBUG] [net.minecraftforge.fml.config.ConfigTracker/CONFIG]: Config file citadel-common.toml for citadel tracking
[30Sep2026 19:51:08.132] [modloading-worker-0/DEBUG] [net.minecraftforge.fml.javafmlmod.AutomaticEventSubscriber/LOADING]: Attempting to inject @EventBusSubscriber classes into the eventbus for citadel
[30Sep2026 19:51:08.132] [modloading-worker-0/DEBUG] [net.minecraftforge.fml.javafmlmod.AutomaticEventSubscriber/LOADING]: Auto-subscribing com.github.alexthe666.citadel.ServerProxy to MOD
[30Sep2026 19:51:08.157] [modloading-worker-0/INFO] [net.minecraftforge.coremod.CoreMod.cataclysm_magic_compat/COREMODLOG]: [CataclysmMagicCompat] remapped 4 stale cross-mod reference(s) in com/gametechbc/traveloptics/spells/aqua/SerpentideSpell
[30Sep2026 19:51:08.160] [modloading-worker-0/DEBUG] [net.minecraftforge.coremod.transformer.CoreModBaseTransformer/COREMOD]: Transforming com/gametechbc/traveloptics/spells/aqua/TheHowlingTempestSpell
[30Sep2026 19:51:08.176] [modloading-worker-0/INFO] [net.minecraftforge.coremod.CoreMod.cataclysm_magic_compat/COREMODLOG]: [CataclysmMagicCompat] remapped 10 stale cross-mod reference(s) in com/gametechbc/traveloptics/spells/aqua/TheHowlingTempestSpell
[30Sep2026 19:51:08.192] [modloading-worker-0/DEBUG] [net.minecraftforge.coremod.transformer.CoreModBaseTransformer/COREMOD]: Transforming com/gametechbc/traveloptics/spells/holy/SummonDesertDwellers
[30Sep2026 19:51:08.205] [modloading-worker-0/INFO] [net.minecraftforge.coremod.CoreMod.cataclysm_magic_compat/COREMODLOG]: [CataclysmMagicCompat] remapped 3 stale cross-mod reference(s) in com/gametechbc/traveloptics/spells/holy/SummonDesertDwellers
[30Sep2026 19:51:08.212] [modloading-worker-0/DEBUG] [net.minecraftforge.coremod.transformer.CoreModBaseTransformer/COREMOD]: Transforming com/gametechbc/traveloptics/spells/lightning/RapidLaserSpell
[30Sep2026 19:51:08.223] [modloading-worker-0/INFO] [net.minecraftforge.coremod.CoreMod.cataclysm_magic_compat/COREMODLOG]: [CataclysmMagicCompat] retargeted 1 Laser_Beam_Entity constructor(s) in com/gametechbc/traveloptics/spells/lightning/RapidLaserSpell.spawnLaserBeam
[30Sep2026 19:51:08.226] [modloading-worker-0/DEBUG] [net.minecraftforge.coremod.transformer.CoreModBaseTransformer/COREMOD]: Transforming com/gametechbc/traveloptics/spells/lightning/GalenaShatterSpell
[30Sep2026 19:51:08.241] [modloading-worker-0/INFO] [net.minecraftforge.coremod.CoreMod.cataclysm_magic_compat/COREMODLOG]: [CataclysmMagicCompat] remapped 8 stale cross-mod reference(s) in com/gametechbc/traveloptics/spells/lightning/GalenaShatterSpell
[30Sep2026 19:51:08.304] [modloading-worker-0/DEBUG] [net.minecraftforge.fml.javafmlmod.AutomaticEventSubscriber/LOADING]: Attempting to inject @EventBusSubscriber classes into the eventbus for cataclysm
[30Sep2026 19:51:08.305] [modloading-worker-0/DEBUG] [net.minecraftforge.fml.javafmlmod.AutomaticEventSubscriber/LOADING]: Auto-subscribing com.github.L_Ender.cataclysm.world.CMWorldRegistry to MOD
[30Sep2026 19:51:08.306] [modloading-worker-0/DEBUG] [net.minecraftforge.fml.javafmlmod.AutomaticEventSubscriber/LOADING]: Auto-subscribing com.github.L_Ender.cataclysm.init.ModEntities to MOD
[30Sep2026 19:51:08.310] [modloading-worker-0/DEBUG] [net.minecraftforge.fml.javafmlmod.AutomaticEventSubscriber/LOADING]: Auto-subscribing com.github.L_Ender.cataclysm.init.ModAttribute to MOD
[30Sep2026 19:51:08.311] [modloading-worker-0/DEBUG] [net.minecraftforge.fml.javafmlmod.AutomaticEventSubscriber/LOADING]: Auto-subscribing com.github.L_Ender.cataclysm.event.ServerEventHandler to FORGE
[30Sep2026 19:51:08.314] [modloading-worker-0/DEBUG] [net.minecraftforge.fml.javafmlmod.AutomaticEventSubscriber/LOADING]: Auto-subscribing com.github.L_Ender.cataclysm.CommonProxy to MOD
[30Sep2026 19:51:08.314] [modloading-worker-0/DEBUG] [net.minecraftforge.fml.javafmlmod.AutomaticEventSubscriber/LOADING]: Auto-subscribing com.github.L_Ender.cataclysm.Cataclysm to FORGE
[30Sep2026 19:51:08.323] [modloading-worker-0/DEBUG] [net.minecraftforge.coremod.transformer.CoreModBaseTransformer/COREMOD]: Transforming com/gametechbc/traveloptics/entity/projectiles/aqua_vortex/AquaVortexEntity
[30Sep2026 19:51:08.328] [modloading-worker-0/DEBUG] [net.minecraftforge.fml.javafmlmod.AutomaticEventSubscriber/LOADING]: Attempting to inject @EventBusSubscriber classes into the eventbus for cataclysm_magic_compat
[30Sep2026 19:51:08.404] [modloading-worker-0/INFO] [net.minecraftforge.coremod.CoreMod.cataclysm_magic_compat/COREMODLOG]: [CataclysmMagicCompat] remapped 6 stale cross-mod reference(s) in com/gametechbc/traveloptics/entity/projectiles/aqua_vortex/AquaVortexEntity
[30Sep2026 19:51:08.408] [modloading-worker-0/DEBUG] [mixin/]: Mixing GameTypeMixin from attributeslib.mixins.json into net.minecraft.world.level.GameType
[30Sep2026 19:51:08.416] [modloading-worker-0/DEBUG] [mixin/]: Mixing AttributeInstanceAccessor from attributeslib.mixins.json into net.minecraft.world.entity.ai.attributes.AttributeInstance
[30Sep2026 19:51:08.439] [modloading-worker-0/DEBUG] [net.minecraftforge.fml.javafmlmod.AutomaticEventSubscriber/LOADING]: Attempting to inject @EventBusSubscriber classes into the eventbus for attributeslib
[30Sep2026 19:51:08.445] [modloading-worker-0/INFO] [saintsdragons/]: Raised MAX_HEALTH attribute cap to 100000.0
[30Sep2026 19:51:08.446] [modloading-worker-0/INFO] [saintsdragons/]: Raised ARMOR attribute cap to 100000.0
[30Sep2026 19:51:08.449] [modloading-worker-0/DEBUG] [net.minecraftforge.fml.config.ConfigTracker/CONFIG]: Config file saintsdragons/server/attributes.toml for saintsdragons tracking
[30Sep2026 19:51:08.460] [modloading-worker-0/DEBUG] [net.minecraftforge.fml.config.ConfigTracker/CONFIG]: Config file saintsdragons/server/spawning.toml for saintsdragons tracking
[30Sep2026 19:51:08.460] [modloading-worker-0/DEBUG] [net.minecraftforge.fml.config.ConfigTracker/CONFIG]: Config file saintsdragons/server/servercommon.toml for saintsdragons tracking
[30Sep2026 19:51:08.464] [modloading-worker-0/DEBUG] [net.minecraftforge.fml.config.ConfigTracker/CONFIG]: Config file saintsdragons/server/tools_and_armor.toml for saintsdragons tracking
[30Sep2026 19:51:08.474] [modloading-worker-0/DEBUG] [net.minecraftforge.coremod.transformer.CoreModBaseTransformer/COREMOD]: Transforming com/gametechbc/traveloptics/entity/projectiles/maelstrom_trident_phantom/MaelstromTridentPhantomEntity
[30Sep2026 19:51:08.493] [modloading-worker-0/INFO] [net.minecraftforge.coremod.CoreMod.cataclysm_magic_compat/COREMODLOG]: [CataclysmMagicCompat] remapped 11 stale cross-mod reference(s) in com/gametechbc/traveloptics/entity/projectiles/maelstrom_trident_phantom/MaelstromTridentPhantomEntity
[30Sep2026 19:51:08.508] [modloading-worker-0/DEBUG] [net.minecraftforge.coremod.transformer.CoreModBaseTransformer/COREMOD]: Transforming com/gametechbc/traveloptics/entity/projectiles/overflow/BrinePoolEntity
[30Sep2026 19:51:08.529] [modloading-worker-0/INFO] [net.minecraftforge.coremod.CoreMod.cataclysm_magic_compat/COREMODLOG]: [CataclysmMagicCompat] remapped 9 stale cross-mod reference(s) in com/gametechbc/traveloptics/entity/projectiles/overflow/BrinePoolEntity
[30Sep2026 19:51:08.535] [modloading-worker-0/DEBUG] [net.minecraftforge.coremod.transformer.CoreModBaseTransformer/COREMOD]: Transforming com/gametechbc/traveloptics/entity/projectiles/overflow/FloodPoolEntity
[30Sep2026 19:51:08.550] [modloading-worker-0/INFO] [net.minecraftforge.coremod.CoreMod.cataclysm_magic_compat/COREMODLOG]: [CataclysmMagicCompat] remapped 6 stale cross-mod reference(s) in com/gametechbc/traveloptics/entity/projectiles/overflow/FloodPoolEntity
[30Sep2026 19:51:08.554] [modloading-worker-0/DEBUG] [net.minecraftforge.fml.config.ConfigTracker/CONFIG]: Config file irons_spellbooks-client.toml for irons_spellbooks tracking
[30Sep2026 19:51:08.555] [modloading-worker-0/DEBUG] [net.minecraftforge.coremod.transformer.CoreModBaseTransformer/COREMOD]: Transforming com/gametechbc/traveloptics/entity/extended_projectiles/ExtendedWitherHowitzerEntity
[30Sep2026 19:51:08.558] [modloading-worker-0/INFO] [net.minecraftforge.coremod.CoreMod.cataclysm_magic_compat/COREMODLOG]: [CataclysmMagicCompat] remapped 1 stale cross-mod reference(s) in com/gametechbc/traveloptics/entity/extended_projectiles/ExtendedWitherHowitzerEntity
[30Sep2026 19:51:08.562] [modloading-worker-0/DEBUG] [net.minecraftforge.fml.javafmlmod.AutomaticEventSubscriber/LOADING]: Attempting to inject @EventBusSubscriber classes into the eventbus for alexscaves
[30Sep2026 19:51:08.562] [modloading-worker-0/DEBUG] [net.minecraftforge.fml.javafmlmod.AutomaticEventSubscriber/LOADING]: Auto-subscribing com.github.alexmodguy.alexscaves.server.entity.ACEntityRegistry to MOD
[30Sep2026 19:51:08.562] [modloading-worker-0/DEBUG] [net.minecraftforge.fml.config.ConfigTracker/CONFIG]: Config file irons_spellbooks-server.toml for irons_spellbooks tracking
[30Sep2026 19:51:08.562] [modloading-worker-0/DEBUG] [net.minecraftforge.fml.javafmlmod.AutomaticEventSubscriber/LOADING]: Attempting to inject @EventBusSubscriber classes into the eventbus for irons_spellbooks
[30Sep2026 19:51:08.562] [modloading-worker-0/DEBUG] [net.minecraftforge.fml.javafmlmod.AutomaticEventSubscriber/LOADING]: Auto-subscribing io.redspace.ironsspellbooks.worldgen.VillageAddition to FORGE
[30Sep2026 19:51:08.563] [modloading-worker-0/DEBUG] [net.minecraftforge.fml.javafmlmod.AutomaticEventSubscriber/LOADING]: Auto-subscribing io.redspace.ironsspellbooks.setup.CommonSetup to MOD
[30Sep2026 19:51:08.566] [modloading-worker-0/DEBUG] [net.minecraftforge.fml.javafmlmod.AutomaticEventSubscriber/LOADING]: Auto-subscribing io.redspace.ironsspellbooks.registries.PotionRegistry to FORGE
[30Sep2026 19:51:08.567] [modloading-worker-0/DEBUG] [net.minecraftforge.fml.javafmlmod.AutomaticEventSubscriber/LOADING]: Auto-subscribing io.redspace.ironsspellbooks.registries.CreativeTabRegistry to MOD
[30Sep2026 19:51:08.567] [modloading-worker-0/DEBUG] [net.minecraftforge.fml.javafmlmod.AutomaticEventSubscriber/LOADING]: Auto-subscribing io.redspace.ironsspellbooks.registries.CommandRegistry to FORGE
[30Sep2026 19:51:08.567] [modloading-worker-0/DEBUG] [net.minecraftforge.fml.javafmlmod.AutomaticEventSubscriber/LOADING]: Auto-subscribing io.redspace.ironsspellbooks.player.ServerPlayerEvents to FORGE
[30Sep2026 19:51:08.568] [modloading-worker-0/DEBUG] [net.minecraftforge.coremod.transformer.CoreModBaseTransformer/COREMOD]: Transforming com/gametechbc/traveloptics/entity/mobs/EnragedDeadKingBoss
[30Sep2026 19:51:08.575] [modloading-worker-0/INFO] [net.minecraftforge.coremod.CoreMod.cataclysm_magic_compat/COREMODLOG]: [CataclysmMagicCompat] remapped 6 stale cross-mod reference(s) in com/gametechbc/traveloptics/entity/mobs/EnragedDeadKingBoss
[30Sep2026 19:51:08.584] [modloading-worker-0/DEBUG] [net.minecraftforge.coremod.transformer.CoreModBaseTransformer/COREMOD]: Transforming com/gametechbc/traveloptics/entity/extended_projectiles/ExtendedAbyssBlastEntity
[30Sep2026 19:51:08.593] [modloading-worker-0/DEBUG] [net.minecraftforge.fml.javafmlmod.AutomaticEventSubscriber/LOADING]: Attempting to inject @EventBusSubscriber classes into the eventbus for geckolib
[30Sep2026 19:51:08.593] [modloading-worker-0/DEBUG] [net.minecraftforge.fml.javafmlmod.AutomaticEventSubscriber/LOADING]: Auto-subscribing software.bernie.example.GeckoLibMod to FORGE
[30Sep2026 19:51:08.593] [modloading-worker-0/DEBUG] [net.minecraftforge.fml.javafmlmod.AutomaticEventSubscriber/LOADING]: Auto-subscribing software.bernie.example.CommonListener to MOD
[30Sep2026 19:51:08.594] [modloading-worker-0/DEBUG] [mixin/]: Mixing IgnivorusMultipartMixin from saintsdragons.mixins.json into com.leon.saintsdragons.server.entity.dragons.ignivorus.Ignivorus
[30Sep2026 19:51:08.600] [modloading-worker-0/INFO] [net.minecraftforge.coremod.CoreMod.cataclysm_magic_compat/COREMODLOG]: [CataclysmMagicCompat] remapped 3 stale cross-mod reference(s) in com/gametechbc/traveloptics/entity/extended_projectiles/ExtendedAbyssBlastEntity
[30Sep2026 19:51:08.614] [modloading-worker-0/INFO] [pointblank/]: Loading mod pointblank
[30Sep2026 19:51:08.620] [modloading-worker-0/DEBUG] [net.minecraftforge.fml.javafmlmod.AutomaticEventSubscriber/LOADING]: Auto-subscribing io.redspace.ironsspellbooks.player.AdditionalWanderingTrades to FORGE
[30Sep2026 19:51:08.621] [modloading-worker-0/DEBUG] [net.minecraftforge.fml.javafmlmod.AutomaticEventSubscriber/LOADING]: Auto-subscribing io.redspace.ironsspellbooks.item.curios.WickedBoneRingItem to FORGE
[30Sep2026 19:51:08.621] [modloading-worker-0/DEBUG] [net.minecraftforge.fml.config.ConfigTracker/CONFIG]: Config file pointblank-common.toml for pointblank tracking
[30Sep2026 19:51:08.627] [modloading-worker-0/DEBUG] [net.minecraftforge.fml.javafmlmod.AutomaticEventSubscriber/LOADING]: Auto-subscribing io.redspace.ironsspellbooks.item.curios.LurkerRing to FORGE
[30Sep2026 19:51:08.627] [modloading-worker-0/DEBUG] [net.minecraftforge.fml.javafmlmod.AutomaticEventSubscriber/LOADING]: Auto-subscribing io.redspace.ironsspellbooks.item.curios.BetrayerSignetRingItem to FORGE
[30Sep2026 19:51:08.627] [modloading-worker-0/DEBUG] [net.minecraftforge.fml.javafmlmod.AutomaticEventSubscriber/LOADING]: Auto-subscribing io.redspace.ironsspellbooks.entity.mobs.wizards.WizardAIEvents to FORGE
[30Sep2026 19:51:08.631] [modloading-worker-0/DEBUG] [net.minecraftforge.fml.javafmlmod.AutomaticEventSubscriber/LOADING]: Auto-subscribing io.redspace.ironsspellbooks.entity.mobs.ice_spider.IceSpiderEntity to FORGE
[30Sep2026 19:51:08.659] [modloading-worker-0/DEBUG] [mixin/]: Mixing AttributeMapMixin from attributeslib.mixins.json into net.minecraft.world.entity.ai.attributes.AttributeMap
[30Sep2026 19:51:08.659] [modloading-worker-0/DEBUG] [mixin/]: Renaming synthetic method lambda$setAttributesUpdating$0(Lnet/minecraft/world/entity/ai/attributes/Attribute;Lcom/mojang/datafixers/util/Pair;)V to mdcf8e3f$lambda$setAttributesUpdating$0$0 in attributeslib.mixins.json:AttributeMapMixin
[30Sep2026 19:51:08.664] [modloading-worker-0/DEBUG] [net.minecraftforge.coremod.transformer.CoreModBaseTransformer/COREMOD]: Transforming com/gametechbc/traveloptics/entity/projectiles/gyro_slash/GyroSlashProjectile
[30Sep2026 19:51:08.668] [modloading-worker-0/INFO] [net.minecraftforge.coremod.CoreMod.cataclysm_magic_compat/COREMODLOG]: [CataclysmMagicCompat] remapped 3 stale cross-mod reference(s) in com/gametechbc/traveloptics/entity/projectiles/gyro_slash/GyroSlashProjectile
[30Sep2026 19:51:08.676] [modloading-worker-0/DEBUG] [mixin/]: Mixing common.MixinDamageSources from mixins.epicfight.json into net.minecraft.world.damagesource.DamageSources
[30Sep2026 19:51:08.694] [modloading-worker-0/DEBUG] [net.minecraftforge.fml.javafmlmod.AutomaticEventSubscriber/LOADING]: Auto-subscribing io.redspace.ironsspellbooks.entity.mobs.dead_king_boss.DeadKingBoss to FORGE
[30Sep2026 19:51:08.725] [modloading-worker-0/DEBUG] [net.minecraftforge.coremod.transformer.CoreModBaseTransformer/COREMOD]: Transforming com/gametechbc/traveloptics/entity/extended_projectiles/ExtendedDeathLaserBeamEntity
[30Sep2026 19:51:08.742] [modloading-worker-0/DEBUG] [net.minecraftforge.fml.javafmlmod.AutomaticEventSubscriber/LOADING]: Auto-subscribing io.redspace.ironsspellbooks.effect.guiding_bolt.GuidingBoltManager to FORGE
[30Sep2026 19:51:08.740] [modloading-worker-0/INFO] [net.minecraftforge.coremod.CoreMod.cataclysm_magic_compat/COREMODLOG]: [CataclysmMagicCompat] remapped 4 stale cross-mod reference(s) in com/gametechbc/traveloptics/entity/extended_projectiles/ExtendedDeathLaserBeamEntity
[30Sep2026 19:51:08.769] [modloading-worker-0/DEBUG] [net.minecraftforge.fml.javafmlmod.AutomaticEventSubscriber/LOADING]: Auto-subscribing io.redspace.ironsspellbooks.effect.TrueInvisibilityEffect to FORGE
[30Sep2026 19:51:08.770] [modloading-worker-0/DEBUG] [net.minecraftforge.fml.javafmlmod.AutomaticEventSubscriber/LOADING]: Auto-subscribing io.redspace.ironsspellbooks.effect.ThunderstormEffect to FORGE
[30Sep2026 19:51:08.785] [modloading-worker-0/DEBUG] [net.minecraftforge.fml.javafmlmod.AutomaticEventSubscriber/LOADING]: Auto-subscribing io.redspace.ironsspellbooks.effect.SpiderAspectEffect to FORGE
[30Sep2026 19:51:08.786] [modloading-worker-0/DEBUG] [net.minecraftforge.fml.javafmlmod.AutomaticEventSubscriber/LOADING]: Auto-subscribing io.redspace.ironsspellbooks.effect.SoulBurnMobEffect to FORGE
[30Sep2026 19:51:08.792] [modloading-worker-0/DEBUG] [net.minecraftforge.fml.javafmlmod.AutomaticEventSubscriber/LOADING]: Auto-subscribing io.redspace.ironsspellbooks.effect.SacrificialMarkEffect to FORGE
[30Sep2026 19:51:08.793] [modloading-worker-0/DEBUG] [net.minecraftforge.fml.javafmlmod.AutomaticEventSubscriber/LOADING]: Auto-subscribing io.redspace.ironsspellbooks.effect.OakskinEffect to FORGE
[30Sep2026 19:51:08.794] [modloading-worker-0/DEBUG] [net.minecraftforge.fml.javafmlmod.AutomaticEventSubscriber/LOADING]: Auto-subscribing io.redspace.ironsspellbooks.effect.GluttonyEffect to FORGE
[30Sep2026 19:51:08.795] [modloading-worker-0/DEBUG] [net.minecraftforge.fml.javafmlmod.AutomaticEventSubscriber/LOADING]: Auto-subscribing io.redspace.ironsspellbooks.effect.FrostbiteEffect to FORGE
[30Sep2026 19:51:08.795] [modloading-worker-0/DEBUG] [net.minecraftforge.fml.javafmlmod.AutomaticEventSubscriber/LOADING]: Auto-subscribing io.redspace.ironsspellbooks.effect.EchoingStrikesEffect to FORGE
[30Sep2026 19:51:08.797] [modloading-worker-0/DEBUG] [net.minecraftforge.fml.javafmlmod.AutomaticEventSubscriber/LOADING]: Auto-subscribing io.redspace.ironsspellbooks.effect.BlightEffect to FORGE
[30Sep2026 19:51:08.797] [modloading-worker-0/DEBUG] [net.minecraftforge.fml.javafmlmod.AutomaticEventSubscriber/LOADING]: Auto-subscribing io.redspace.ironsspellbooks.datagen.DataGenerators to MOD
[30Sep2026 19:51:08.812] [modloading-worker-0/DEBUG] [net.minecraftforge.fml.javafmlmod.AutomaticEventSubscriber/LOADING]: Auto-subscribing io.redspace.ironsspellbooks.damage.DamageSources to FORGE
[30Sep2026 19:51:08.843] [modloading-worker-0/DEBUG] [net.minecraftforge.fml.javafmlmod.AutomaticEventSubscriber/LOADING]: Auto-subscribing io.redspace.ironsspellbooks.capabilities.magic.SummonManager to FORGE
[30Sep2026 19:51:08.852] [modloading-worker-0/DEBUG] [net.minecraftforge.fml.javafmlmod.AutomaticEventSubscriber/LOADING]: Auto-subscribing io.redspace.ironsspellbooks.api.util.MusicManager to FORGE
[30Sep2026 19:51:08.855] [modloading-worker-0/DEBUG] [net.minecraftforge.fml.javafmlmod.AutomaticEventSubscriber/LOADING]: Auto-subscribing io.redspace.ironsspellbooks.api.util.FogManager to FORGE
[30Sep2026 19:51:08.857] [modloading-worker-0/DEBUG] [net.minecraftforge.fml.javafmlmod.AutomaticEventSubscriber/LOADING]: Auto-subscribing io.redspace.ironsspellbooks.api.util.CameraShakeManager to FORGE
[30Sep2026 19:51:08.858] [modloading-worker-0/DEBUG] [net.minecraftforge.fml.javafmlmod.AutomaticEventSubscriber/LOADING]: Auto-subscribing io.redspace.ironsspellbooks.api.registry.AttributeRegistry to MOD
[30Sep2026 19:51:08.859] [modloading-worker-0/DEBUG] [net.minecraftforge.fml.javafmlmod.AutomaticEventSubscriber/LOADING]: Auto-subscribing io.redspace.ironsspellbooks.api.config.SpellConfigManager to FORGE
[30Sep2026 19:51:08.869] [modloading-worker-0/DEBUG] [net.minecraftforge.fml.javafmlmod.AutomaticEventSubscriber/LOADING]: Auto-subscribing io.redspace.ironsspellbooks.api.backwards_compat.UpgradeTypeCache to FORGE
[30Sep2026 19:51:08.872] [modloading-worker-0/DEBUG] [net.minecraftforge.fml.javafmlmod.AutomaticEventSubscriber/LOADING]: Attempting to inject @EventBusSubscriber classes into the eventbus for wo_traveloptics
[30Sep2026 19:51:08.872] [modloading-worker-0/DEBUG] [net.minecraftforge.fml.javafmlmod.AutomaticEventSubscriber/LOADING]: Auto-subscribing com.havnnek.wo_traveloptics.gameasset.comboskill.SkillinfernalVolcanoCombo to MOD
[30Sep2026 19:51:08.886] [modloading-worker-0/DEBUG] [net.minecraftforge.coremod.transformer.CoreModBaseTransformer/COREMOD]: Transforming com/gametechbc/traveloptics/effects/PsychicControlEffect
[30Sep2026 19:51:08.889] [modloading-worker-0/INFO] [net.minecraftforge.coremod.CoreMod.cataclysm_magic_compat/COREMODLOG]: [CataclysmMagicCompat] remapped 3 stale cross-mod reference(s) in com/gametechbc/traveloptics/effects/PsychicControlEffect
[30Sep2026 19:51:08.894] [modloading-worker-0/DEBUG] [net.minecraftforge.fml.javafmlmod.AutomaticEventSubscriber/LOADING]: Auto-subscribing com.havnnek.wo_traveloptics.gameasset.comboskill.SkillSharpshooterCombo to MOD
[30Sep2026 19:51:08.922] [modloading-worker-0/DEBUG] [net.minecraftforge.fml.javafmlmod.AutomaticEventSubscriber/LOADING]: Auto-subscribing com.havnnek.wo_traveloptics.gameasset.comboskill.SkillSandstormAwakenCombo to MOD
[30Sep2026 19:51:08.934] [modloading-worker-0/DEBUG] [net.minecraftforge.fml.javafmlmod.AutomaticEventSubscriber/LOADING]: Auto-subscribing com.havnnek.wo_traveloptics.gameasset.comboskill.SkillROORCombo to MOD
[30Sep2026 19:51:08.935] [modloading-worker-0/DEBUG] [net.minecraftforge.fml.javafmlmod.AutomaticEventSubscriber/LOADING]: Auto-subscribing com.havnnek.wo_traveloptics.gameasset.comboskill.SkillNightfallCombo to MOD
[30Sep2026 19:51:08.952] [modloading-worker-0/DEBUG] [net.minecraftforge.coremod.transformer.CoreModBaseTransformer/COREMOD]: Transforming com/gametechbc/traveloptics/entity/projectiles/void_slash/VoidSlashProjectile
[30Sep2026 19:51:08.954] [modloading-worker-0/DEBUG] [net.minecraftforge.coremod.transformer.CoreModBaseTransformer/COREMOD]: Transforming com/gametechbc/traveloptics/init/TravelopticsItems
[30Sep2026 19:51:08.972] [modloading-worker-0/INFO] [net.minecraftforge.coremod.CoreMod.cataclysm_magic_compat/COREMODLOG]: [CataclysmMagicCompat] remapped 3 stale cross-mod reference(s) in com/gametechbc/traveloptics/entity/projectiles/void_slash/VoidSlashProjectile
[30Sep2026 19:51:08.974] [modloading-worker-0/DEBUG] [net.minecraftforge.fml.javafmlmod.AutomaticEventSubscriber/LOADING]: Auto-subscribing com.havnnek.wo_traveloptics.gameasset.comboskill.SkillNaturalRisingCombo to MOD
[30Sep2026 19:51:08.974] [modloading-worker-0/INFO] [net.minecraftforge.coremod.CoreMod.cataclysm_magic_compat/COREMODLOG]: [CataclysmMagicCompat] remapped 2 stale cross-mod reference(s) in com/gametechbc/traveloptics/init/TravelopticsItems
[30Sep2026 19:51:08.984] [modloading-worker-0/DEBUG] [net.minecraftforge.fml.javafmlmod.AutomaticEventSubscriber/LOADING]: Auto-subscribing com.havnnek.wo_traveloptics.gameasset.comboskill.SkillMagnetronixCombo to MOD
[30Sep2026 19:51:08.988] [modloading-worker-0/DEBUG] [net.minecraftforge.fml.javafmlmod.AutomaticEventSubscriber/LOADING]: Auto-subscribing com.havnnek.wo_traveloptics.gameasset.comboskill.SkillExtinctionShowdownCombo to MOD
[30Sep2026 19:51:08.989] [modloading-worker-0/DEBUG] [net.minecraftforge.fml.javafmlmod.AutomaticEventSubscriber/LOADING]: Auto-subscribing com.havnnek.wo_traveloptics.gameasset.comboskill.SkillElectricSandsCombo to MOD
[30Sep2026 19:51:08.996] [modloading-worker-0/DEBUG] [net.minecraftforge.coremod.transformer.CoreModBaseTransformer/COREMOD]: Transforming com/gametechbc/traveloptics/item/bossweapon/galenic_polarizer/GalenicPolarizerItem
[30Sep2026 19:51:09.002] [modloading-worker-0/INFO] [net.minecraftforge.coremod.CoreMod.cataclysm_magic_compat/COREMODLOG]: [CataclysmMagicCompat] remapped 3 stale cross-mod reference(s) in com/gametechbc/traveloptics/item/bossweapon/galenic_polarizer/GalenicPolarizerItem
[30Sep2026 19:51:09.000] [modloading-worker-0/DEBUG] [net.minecraftforge.coremod.transformer.CoreModBaseTransformer/COREMOD]: Transforming com/gametechbc/traveloptics/entity/projectiles/lightning_sandstorm_projectile/LightningSandstormAoeProjectileEntity
[30Sep2026 19:51:09.011] [modloading-worker-0/DEBUG] [pointblank/]: Skipping unsupported built-in feature 'ACTIVEMUZZLE' in xm29.json
[30Sep2026 19:51:09.026] [modloading-worker-0/DEBUG] [net.minecraftforge.coremod.transformer.CoreModBaseTransformer/COREMOD]: Transforming com/gametechbc/traveloptics/item/bossweapon/infernal_devastator/InfernalDevastatorItem
[30Sep2026 19:51:09.026] [modloading-worker-0/INFO] [net.minecraftforge.coremod.CoreMod.cataclysm_magic_compat/COREMODLOG]: [CataclysmMagicCompat] remapped 8 stale cross-mod reference(s) in com/gametechbc/traveloptics/entity/projectiles/lightning_sandstorm_projectile/LightningSandstormAoeProjectileEntity
[30Sep2026 19:51:09.036] [modloading-worker-0/INFO] [net.minecraftforge.coremod.CoreMod.cataclysm_magic_compat/COREMODLOG]: [CataclysmMagicCompat] remapped 6 stale cross-mod reference(s) in com/gametechbc/traveloptics/item/bossweapon/infernal_devastator/InfernalDevastatorItem
[30Sep2026 19:51:09.049] [modloading-worker-0/DEBUG] [net.minecraftforge.coremod.transformer.CoreModBaseTransformer/COREMOD]: Transforming com/gametechbc/traveloptics/entity/projectiles/lightning_sandstorm_projectile/LightningSandstormPierceProjectileEntity
[30Sep2026 19:51:09.055] [modloading-worker-0/DEBUG] [net.minecraftforge.coremod.transformer.CoreModBaseTransformer/COREMOD]: Transforming com/gametechbc/traveloptics/item/bossweapon/mechanized_wraithblade/MechanizedWraithbladeItem
[30Sep2026 19:51:09.061] [modloading-worker-0/INFO] [pointblank/]: Loaded 61 built-in item definitions
[30Sep2026 19:51:09.063] [modloading-worker-0/INFO] [net.minecraftforge.coremod.CoreMod.cataclysm_magic_compat/COREMODLOG]: [CataclysmMagicCompat] remapped 6 stale cross-mod reference(s) in com/gametechbc/traveloptics/entity/projectiles/lightning_sandstorm_projectile/LightningSandstormPierceProjectileEntity
[30Sep2026 19:51:09.066] [modloading-worker-0/DEBUG] [net.minecraftforge.fml.javafmlmod.AutomaticEventSubscriber/LOADING]: Auto-subscribing com.havnnek.wo_traveloptics.gameasset.comboskill.SkillCoreOfInfernalCombo to MOD
[30Sep2026 19:51:09.063] [modloading-worker-0/INFO] [net.minecraftforge.coremod.CoreMod.cataclysm_magic_compat/COREMODLOG]: [CataclysmMagicCompat] retargeted 1 Laser_Beam_Entity constructor(s) in com/gametechbc/traveloptics/item/bossweapon/mechanized_wraithblade/MechanizedWraithbladeItem.spawnLaserBeam
[30Sep2026 19:51:09.067] [modloading-worker-0/INFO] [net.minecraftforge.coremod.CoreMod.cataclysm_magic_compat/COREMODLOG]: [CataclysmMagicCompat] remapped 5 stale cross-mod reference(s) in com/gametechbc/traveloptics/item/bossweapon/mechanized_wraithblade/MechanizedWraithbladeItem
[30Sep2026 19:51:09.069] [modloading-worker-0/DEBUG] [net.minecraftforge.fml.javafmlmod.AutomaticEventSubscriber/LOADING]: Auto-subscribing com.havnnek.wo_traveloptics.gameasset.comboskill.SkillATELCombo to MOD
[30Sep2026 19:51:09.070] [modloading-worker-0/DEBUG] [net.minecraftforge.fml.javafmlmod.AutomaticEventSubscriber/LOADING]: Auto-subscribing com.havnnek.wo_traveloptics.gameasset.WOTRAnimations to MOD
[30Sep2026 19:51:09.073] [modloading-worker-0/DEBUG] [net.minecraftforge.coremod.transformer.CoreModBaseTransformer/COREMOD]: Transforming com/gametechbc/traveloptics/item/bossweapon/cursedwraithblade/CursedWraithbladeLevelTwoItem
[30Sep2026 19:51:09.074] [modloading-worker-0/DEBUG] [mixin/]: Mixing AnimationManagerAccessor from invincible.mixins.json into yesman.epicfight.api.animation.AnimationManager
[30Sep2026 19:51:09.083] [modloading-worker-0/DEBUG] [net.minecraftforge.fml.javafmlmod.AutomaticEventSubscriber/LOADING]: Auto-subscribing com.havnnek.wo_traveloptics.event.ServerTickHandler to FORGE
[30Sep2026 19:51:09.087] [modloading-worker-0/INFO] [net.minecraftforge.coremod.CoreMod.cataclysm_magic_compat/COREMODLOG]: [CataclysmMagicCompat] remapped 3 stale cross-mod reference(s) in com/gametechbc/traveloptics/item/bossweapon/cursedwraithblade/CursedWraithbladeLevelTwoItem
[30Sep2026 19:51:09.088] [modloading-worker-0/DEBUG] [net.minecraftforge.coremod.transformer.CoreModBaseTransformer/COREMOD]: Transforming com/gametechbc/traveloptics/item/bossweapon/cursedwraithblade/CursedWraithbladeItem
[30Sep2026 19:51:09.096] [modloading-worker-0/INFO] [net.minecraftforge.coremod.CoreMod.cataclysm_magic_compat/COREMODLOG]: [CataclysmMagicCompat] remapped 6 stale cross-mod reference(s) in com/gametechbc/traveloptics/item/bossweapon/cursedwraithblade/CursedWraithbladeItem
[30Sep2026 19:51:09.101] [modloading-worker-0/DEBUG] [net.minecraftforge.versions.forge.ForgeVersion/CORE]: Forge Version package package net.minecraftforge.versions.forge, Forge, version 47.4 from cpw.mods.modlauncher.TransformingClassLoader@4ea1aa52
[30Sep2026 19:51:09.101] [modloading-worker-0/DEBUG] [net.minecraftforge.versions.forge.ForgeVersion/CORE]: Found Forge version 47.4.10
[30Sep2026 19:51:09.101] [modloading-worker-0/DEBUG] [net.minecraftforge.versions.forge.ForgeVersion/CORE]: Found Forge spec 47.4
[30Sep2026 19:51:09.101] [modloading-worker-0/DEBUG] [net.minecraftforge.versions.forge.ForgeVersion/CORE]: Found Forge group net.minecraftforge
[30Sep2026 19:51:09.102] [modloading-worker-0/DEBUG] [net.minecraftforge.versions.mcp.MCPVersion/CORE]: MCP Version package package net.minecraftforge.versions.mcp, Minecraft, version 1.20.1 from cpw.mods.modlauncher.TransformingClassLoader@4ea1aa52
[30Sep2026 19:51:09.102] [modloading-worker-0/DEBUG] [net.minecraftforge.versions.mcp.MCPVersion/CORE]: Found MC version information 1.20.1
[30Sep2026 19:51:09.102] [modloading-worker-0/DEBUG] [net.minecraftforge.versions.mcp.MCPVersion/CORE]: Found MCP version information 20230612.114412
[30Sep2026 19:51:09.102] [modloading-worker-0/INFO] [net.minecraftforge.common.ForgeMod/FORGEMOD]: Forge mod loading, version 47.4.10, for MC 1.20.1 with MCP 20230612.114412
[30Sep2026 19:51:09.102] [modloading-worker-0/INFO] [net.minecraftforge.common.MinecraftForge/FORGE]: MinecraftForge v47.4.10 Initialized
[30Sep2026 19:51:09.127] [modloading-worker-0/DEBUG] [net.minecraftforge.fml.config.ConfigTracker/CONFIG]: Config file forge-client.toml for forge tracking
[30Sep2026 19:51:09.127] [modloading-worker-0/DEBUG] [net.minecraftforge.fml.config.ConfigTracker/CONFIG]: Config file forge-server.toml for forge tracking
[30Sep2026 19:51:09.127] [modloading-worker-0/DEBUG] [net.minecraftforge.fml.ModLoadingContext/]: Attempted to register an empty config for type COMMON on mod forge
[30Sep2026 19:51:09.147] [modloading-worker-0/DEBUG] [net.minecraftforge.fml.javafmlmod.AutomaticEventSubscriber/LOADING]: Attempting to inject @EventBusSubscriber classes into the eventbus for forge
[30Sep2026 19:51:09.147] [modloading-worker-0/DEBUG] [net.minecraftforge.fml.javafmlmod.AutomaticEventSubscriber/LOADING]: Auto-subscribing net.minecraftforge.common.ForgeSpawnEggItem$CommonHandler to MOD
[30Sep2026 19:51:09.157] [modloading-worker-0/DEBUG] [net.minecraftforge.fml.javafmlmod.AutomaticEventSubscriber/LOADING]: Attempting to inject @EventBusSubscriber classes into the eventbus for pointblank
[30Sep2026 19:51:09.157] [modloading-worker-0/DEBUG] [net.minecraftforge.fml.javafmlmod.AutomaticEventSubscriber/LOADING]: Auto-subscribing com.vicmatskiv.pointblank.Config to MOD
[30Sep2026 19:51:09.158] [modloading-worker-0/DEBUG] [net.minecraftforge.fml.javafmlmod.AutomaticEventSubscriber/LOADING]: Attempting to inject @EventBusSubscriber classes into the eventbus for packetfixer
[30Sep2026 19:51:09.164] [modloading-worker-0/DEBUG] [epicfight/]: Registered Extendable Enum class net.corruptdog.cdm.world.CorruptWeaponCategories in weapon_category
[30Sep2026 19:51:09.165] [modloading-worker-0/DEBUG] [epicfight/]: Registered Extendable Enum class net.corruptdog.cdm.world.item.YamatoStyle in style
[30Sep2026 19:51:09.205] [modloading-worker-0/DEBUG] [net.minecraftforge.fml.config.ConfigTracker/CONFIG]: Config file resurrection-common.toml for cdmoveset tracking
[30Sep2026 19:51:09.211] [modloading-worker-0/DEBUG] [net.minecraftforge.fml.javafmlmod.AutomaticEventSubscriber/LOADING]: Attempting to inject @EventBusSubscriber classes into the eventbus for cdmoveset
[30Sep2026 19:51:09.211] [modloading-worker-0/DEBUG] [net.minecraftforge.fml.javafmlmod.AutomaticEventSubscriber/LOADING]: Auto-subscribing net.corruptdog.cdm.world.item.CorruptfightModTabs to MOD
[30Sep2026 19:51:09.211] [modloading-worker-0/DEBUG] [net.minecraftforge.fml.javafmlmod.AutomaticEventSubscriber/LOADING]: Auto-subscribing net.corruptdog.cdm.world.entity.CorruptFightAttributes to MOD
[30Sep2026 19:51:09.212] [modloading-worker-0/DEBUG] [net.minecraftforge.fml.javafmlmod.AutomaticEventSubscriber/LOADING]: Auto-subscribing net.corruptdog.cdm.skill.identity.Execute to FORGE
[30Sep2026 19:51:09.218] [modloading-worker-0/DEBUG] [net.minecraftforge.fml.javafmlmod.AutomaticEventSubscriber/LOADING]: Auto-subscribing net.corruptdog.cdm.skill.guard.CorruptWeaponsGuardSkill to MOD
[30Sep2026 19:51:09.225] [modloading-worker-0/DEBUG] [net.minecraftforge.fml.javafmlmod.AutomaticEventSubscriber/LOADING]: Auto-subscribing net.corruptdog.cdm.gameasset.CDSkills to MOD
[30Sep2026 19:51:09.229] [modloading-worker-0/DEBUG] [net.minecraftforge.coremod.transformer.CoreModBaseTransformer/COREMOD]: Transforming com/gametechbc/traveloptics/item/armor/MechanizedExoskeletonArmorItem
[30Sep2026 19:51:09.231] [modloading-worker-0/DEBUG] [net.minecraftforge.fml.javafmlmod.AutomaticEventSubscriber/LOADING]: Auto-subscribing net.corruptdog.cdm.entity.init.CorruptFightMobEntity to MOD
[30Sep2026 19:51:09.233] [modloading-worker-0/DEBUG] [net.minecraftforge.fml.config.ConfigTracker/CONFIG]: Config file epicfight-server.toml for epicfight tracking
[30Sep2026 19:51:09.235] [modloading-worker-0/DEBUG] [net.minecraftforge.fml.config.ConfigTracker/CONFIG]: Config file ricks_stuff-common.toml for ricks_stuff tracking
[30Sep2026 19:51:09.235] [modloading-worker-0/DEBUG] [net.minecraftforge.fml.config.ConfigTracker/CONFIG]: Config file ricks_stuff-client.toml for ricks_stuff tracking
[30Sep2026 19:51:09.235] [modloading-worker-0/DEBUG] [net.minecraftforge.fml.javafmlmod.AutomaticEventSubscriber/LOADING]: Attempting to inject @EventBusSubscriber classes into the eventbus for ricks_stuff
[30Sep2026 19:51:09.236] [modloading-worker-0/DEBUG] [net.minecraftforge.fml.javafmlmod.AutomaticEventSubscriber/LOADING]: Auto-subscribing org.ExtraTortik.ricks_stuff.Config to MOD
[30Sep2026 19:51:09.237] [modloading-worker-0/INFO] [net.minecraftforge.coremod.CoreMod.cataclysm_magic_compat/COREMODLOG]: [CataclysmMagicCompat] retargeted 2 Laser_Beam_Entity constructor(s) in com/gametechbc/traveloptics/item/armor/MechanizedExoskeletonArmorItem.fireLasers
[30Sep2026 19:51:09.244] [modloading-worker-0/DEBUG] [net.minecraftforge.fml.config.ConfigTracker/CONFIG]: Config file epicfight-common.toml for epicfight tracking
[30Sep2026 19:51:09.250] [modloading-worker-0/DEBUG] [net.minecraftforge.fml.config.ConfigTracker/CONFIG]: Config file wom-client.toml for wom tracking
[30Sep2026 19:51:09.253] [modloading-worker-0/DEBUG] [epicfight/]: Registered Extendable Enum class yesman.epicfight.api.animation.LivingMotions in living_motion
[30Sep2026 19:51:09.253] [modloading-worker-0/DEBUG] [epicfight/]: Registered Extendable Enum class yesman.epicfight.skill.SkillCategories in skill_category
[30Sep2026 19:51:09.254] [modloading-worker-0/DEBUG] [epicfight/]: Registered Extendable Enum class yesman.epicfight.skill.SkillSlots in skill_slot
[30Sep2026 19:51:09.254] [modloading-worker-0/DEBUG] [epicfight/]: Registered Extendable Enum class yesman.epicfight.world.capabilities.item.CapabilityItem$Styles in style
[30Sep2026 19:51:09.254] [modloading-worker-0/DEBUG] [epicfight/]: Registered Extendable Enum class yesman.epicfight.world.capabilities.item.CapabilityItem$WeaponCategories in weapon_category
[30Sep2026 19:51:09.254] [modloading-worker-0/DEBUG] [epicfight/]: Registered Extendable Enum class yesman.epicfight.world.capabilities.entitypatch.Factions in faction
[30Sep2026 19:51:09.254] [modloading-worker-0/DEBUG] [epicfight/]: Registered Extendable Enum class yesman.epicfight.network.EntityPairingPacketTypes in entity_pairing_packet_type
[30Sep2026 19:51:09.271] [modloading-worker-0/DEBUG] [net.minecraftforge.fml.javafmlmod.AutomaticEventSubscriber/LOADING]: Attempting to inject @EventBusSubscriber classes into the eventbus for traveloptics
[30Sep2026 19:51:09.271] [modloading-worker-0/DEBUG] [net.minecraftforge.fml.javafmlmod.AutomaticEventSubscriber/LOADING]: Auto-subscribing com.gametechbc.traveloptics.setup.TremorzillaRewardHandler to FORGE
[30Sep2026 19:51:09.271] [modloading-worker-0/DEBUG] [net.minecraftforge.fml.javafmlmod.AutomaticEventSubscriber/LOADING]: Auto-subscribing com.gametechbc.traveloptics.setup.ItemTooltipsHandler to FORGE
[30Sep2026 19:51:09.273] [modloading-worker-0/DEBUG] [net.minecraftforge.fml.javafmlmod.AutomaticEventSubscriber/LOADING]: Auto-subscribing com.gametechbc.traveloptics.setup.CommonSetup to MOD
[30Sep2026 19:51:09.274] [modloading-worker-0/DEBUG] [net.minecraftforge.fml.javafmlmod.AutomaticEventSubscriber/LOADING]: Auto-subscribing com.gametechbc.traveloptics.init.TravelopticsTabs to MOD
[30Sep2026 19:51:09.274] [modloading-worker-0/DEBUG] [net.minecraftforge.fml.javafmlmod.AutomaticEventSubscriber/LOADING]: Auto-subscribing com.gametechbc.traveloptics.init.TravelopticsEntities to MOD
[30Sep2026 19:51:09.274] [modloading-worker-0/DEBUG] [net.minecraftforge.fml.javafmlmod.AutomaticEventSubscriber/LOADING]: Auto-subscribing com.gametechbc.traveloptics.events.IncompatibilityCheckerEvent to FORGE
[30Sep2026 19:51:09.275] [modloading-worker-0/DEBUG] [net.minecraftforge.fml.javafmlmod.AutomaticEventSubscriber/LOADING]: Auto-subscribing com.gametechbc.traveloptics.events.ForgeServerPlayerEvents to FORGE
[30Sep2026 19:51:09.276] [modloading-worker-0/DEBUG] [net.minecraftforge.fml.javafmlmod.AutomaticEventSubscriber/LOADING]: Auto-subscribing com.gametechbc.traveloptics.events.ForgeServerEvents to FORGE
[30Sep2026 19:51:09.284] [modloading-worker-0/DEBUG] [net.minecraftforge.fml.javafmlmod.AutomaticEventSubscriber/LOADING]: Auto-subscribing com.gametechbc.traveloptics.events.AttributeProviderEvent to FORGE
[30Sep2026 19:51:09.285] [modloading-worker-0/DEBUG] [net.minecraftforge.fml.javafmlmod.AutomaticEventSubscriber/LOADING]: Auto-subscribing com.gametechbc.traveloptics.effects.vigor_siphon.VigorSiphonHandler to FORGE
[30Sep2026 19:51:09.285] [modloading-worker-0/DEBUG] [net.minecraftforge.fml.javafmlmod.AutomaticEventSubscriber/LOADING]: Auto-subscribing com.gametechbc.traveloptics.effects.flames_reborn.FlamesRebornHandler to FORGE
[30Sep2026 19:51:09.286] [modloading-worker-0/DEBUG] [net.minecraftforge.fml.javafmlmod.AutomaticEventSubscriber/LOADING]: Auto-subscribing com.gametechbc.traveloptics.effects.Reversal.ReversalEffectHandler to FORGE
[30Sep2026 19:51:09.289] [modloading-worker-0/DEBUG] [net.minecraftforge.fml.javafmlmod.AutomaticEventSubscriber/LOADING]: Auto-subscribing com.gametechbc.traveloptics.effects.LingeringStrain.LingeringStrainHandler to FORGE
[30Sep2026 19:51:09.289] [modloading-worker-0/DEBUG] [net.minecraftforge.fml.javafmlmod.AutomaticEventSubscriber/LOADING]: Auto-subscribing com.gametechbc.traveloptics.effects.FrozenSight.FrozenSightHandler to FORGE
[30Sep2026 19:51:09.289] [modloading-worker-0/DEBUG] [net.minecraftforge.fml.javafmlmod.AutomaticEventSubscriber/LOADING]: Auto-subscribing com.gametechbc.traveloptics.effects.Casting.CastingHandler to FORGE
[30Sep2026 19:51:09.289] [modloading-worker-0/DEBUG] [net.minecraftforge.fml.javafmlmod.AutomaticEventSubscriber/LOADING]: Auto-subscribing com.gametechbc.traveloptics.effects.Blackout.BlackoutHandler to FORGE
[30Sep2026 19:51:09.289] [modloading-worker-0/DEBUG] [net.minecraftforge.fml.javafmlmod.AutomaticEventSubscriber/LOADING]: Auto-subscribing com.gametechbc.traveloptics.effects.AbyssalStrike.AttackHandler to FORGE
[30Sep2026 19:51:09.289] [modloading-worker-0/DEBUG] [net.minecraftforge.fml.javafmlmod.AutomaticEventSubscriber/LOADING]: Auto-subscribing com.gametechbc.traveloptics.api.init.TravelopticsAttributes to MOD
[30Sep2026 19:51:09.289] [modloading-worker-0/DEBUG] [net.minecraftforge.fml.javafmlmod.AutomaticEventSubscriber/LOADING]: Auto-subscribing com.gametechbc.traveloptics.CommonProxy to MOD
[30Sep2026 19:51:09.290] [modloading-worker-0/INFO] [epicfight/]: Loaded mod compat: GeckolibCompat
[30Sep2026 19:51:09.290] [modloading-worker-0/INFO] [epicfight/]: Loaded mod compat: CuriosCompat
[30Sep2026 19:51:09.290] [modloading-worker-0/INFO] [epicfight/]: Loaded mod compat: PlayerAnimatorCompat
[30Sep2026 19:51:09.290] [modloading-worker-0/DEBUG] [net.minecraftforge.fml.javafmlmod.AutomaticEventSubscriber/LOADING]: Attempting to inject @EventBusSubscriber classes into the eventbus for epicfight
[30Sep2026 19:51:09.291] [modloading-worker-0/DEBUG] [net.minecraftforge.fml.javafmlmod.AutomaticEventSubscriber/LOADING]: Auto-subscribing yesman.epicfight.world.entity.ai.attribute.EpicFightAttributes to MOD
[30Sep2026 19:51:09.291] [modloading-worker-0/DEBUG] [net.minecraftforge.fml.javafmlmod.AutomaticEventSubscriber/LOADING]: Auto-subscribing yesman.epicfight.main.EpicFightMod$ServerForgeEvents to FORGE
[30Sep2026 19:51:09.291] [modloading-worker-0/DEBUG] [net.minecraftforge.fml.javafmlmod.AutomaticEventSubscriber/LOADING]: Attempting to inject @EventBusSubscriber classes into the eventbus for dungeons_arise
[30Sep2026 19:51:09.293] [modloading-worker-0/DEBUG] [net.minecraftforge.fml.javafmlmod.AutomaticEventSubscriber/LOADING]: Auto-subscribing yesman.epicfight.gameasset.EpicFightSkills to MOD
[30Sep2026 19:51:09.298] [modloading-worker-0/DEBUG] [net.minecraftforge.fml.javafmlmod.AutomaticEventSubscriber/LOADING]: Auto-subscribing yesman.epicfight.gameasset.Animations to MOD
[30Sep2026 19:51:09.306] [modloading-worker-0/DEBUG] [net.minecraftforge.fml.javafmlmod.AutomaticEventSubscriber/LOADING]: Attempting to inject @EventBusSubscriber classes into the eventbus for wom
[30Sep2026 19:51:09.306] [modloading-worker-0/DEBUG] [net.minecraftforge.fml.javafmlmod.AutomaticEventSubscriber/LOADING]: Auto-subscribing reascer.wom.world.loot.WOMLootDropTables to MOD
[30Sep2026 19:51:09.310] [modloading-worker-0/DEBUG] [mixin/]: Mixing StaticAnimationMixin from invincible.mixins.json into yesman.epicfight.api.animation.types.StaticAnimation
[30Sep2026 19:51:09.317] [modloading-worker-0/DEBUG] [net.minecraftforge.fml.javafmlmod.AutomaticEventSubscriber/LOADING]: Auto-subscribing reascer.wom.world.loot.WOMChestLootTables to FORGE
[30Sep2026 19:51:09.318] [modloading-worker-0/DEBUG] [mixin/]: Mixing LootTableMixin from ricks_stuff.mixins.json into net.minecraft.world.level.storage.loot.LootTable
[30Sep2026 19:51:09.318] [modloading-worker-0/DEBUG] [mixin/]: ricks_stuff.mixins.json:LootTableMixin: Class version 61 required is higher than the class version supported by the current version of Mixin (JAVA_8 supports class version 52)
[30Sep2026 19:51:09.318] [modloading-worker-0/DEBUG] [mixin/]: Renaming synthetic method lambda$ricks_stuff$filterErasedLoot$0(Lorg/ExtraTortik/ricks_stuff/entity/omega/MultiverseErasureSavedData;Lnet/minecraft/world/item/ItemStack;)Z to mdcf8e3f$lambda$ricks_stuff$filterErasedLoot$0$0 in ricks_stuff.mixins.json:LootTableMixin
[30Sep2026 19:51:09.326] [modloading-worker-0/DEBUG] [net.minecraftforge.fml.javafmlmod.AutomaticEventSubscriber/LOADING]: Auto-subscribing reascer.wom.world.capabilities.item.WOMWeaponCapabilityPresets to MOD
[30Sep2026 19:51:09.330] [modloading-worker-0/DEBUG] [net.minecraftforge.fml.javafmlmod.AutomaticEventSubscriber/LOADING]: Auto-subscribing reascer.wom.gameasset.animations.weapons.AnimsSolar to MOD
[30Sep2026 19:51:09.331] [modloading-worker-0/DEBUG] [net.minecraftforge.fml.javafmlmod.AutomaticEventSubscriber/LOADING]: Auto-subscribing yesman.epicfight.events.WorldEvents to FORGE
[30Sep2026 19:51:09.333] [modloading-worker-0/DEBUG] [net.minecraftforge.fml.javafmlmod.AutomaticEventSubscriber/LOADING]: Auto-subscribing reascer.wom.gameasset.animations.weapons.AnimsSatsujin to MOD
[30Sep2026 19:51:09.336] [modloading-worker-0/DEBUG] [net.minecraftforge.fml.javafmlmod.AutomaticEventSubscriber/LOADING]: Auto-subscribing yesman.epicfight.events.PlayerEvents to FORGE
[30Sep2026 19:51:09.337] [modloading-worker-0/DEBUG] [mixin/]: Mixing ServerPlayerPatchMixin from invincible.mixins.json into yesman.epicfight.world.capabilities.entitypatch.player.ServerPlayerPatch
[30Sep2026 19:51:09.337] [modloading-worker-0/DEBUG] [net.minecraftforge.fml.javafmlmod.AutomaticEventSubscriber/LOADING]: Auto-subscribing reascer.wom.gameasset.animations.weapons.AnimsRuine to MOD
[30Sep2026 19:51:09.346] [modloading-worker-0/DEBUG] [net.minecraftforge.fml.javafmlmod.AutomaticEventSubscriber/LOADING]: Auto-subscribing reascer.wom.gameasset.animations.weapons.AnimsOrbit to MOD
[30Sep2026 19:51:09.347] [modloading-worker-0/DEBUG] [net.minecraftforge.fml.javafmlmod.AutomaticEventSubscriber/LOADING]: Auto-subscribing reascer.wom.gameasset.animations.weapons.AnimsNova to MOD
[30Sep2026 19:51:09.348] [modloading-worker-0/DEBUG] [net.minecraftforge.fml.javafmlmod.AutomaticEventSubscriber/LOADING]: Auto-subscribing reascer.wom.gameasset.animations.weapons.AnimsNapoleon to MOD
[30Sep2026 19:51:09.349] [modloading-worker-0/DEBUG] [net.minecraftforge.fml.javafmlmod.AutomaticEventSubscriber/LOADING]: Auto-subscribing yesman.epicfight.events.EntityEvents to FORGE
[30Sep2026 19:51:09.351] [modloading-worker-0/DEBUG] [net.minecraftforge.fml.javafmlmod.AutomaticEventSubscriber/LOADING]: Auto-subscribing reascer.wom.gameasset.animations.weapons.AnimsMoonless to MOD
[30Sep2026 19:51:09.353] [modloading-worker-0/DEBUG] [net.minecraftforge.fml.javafmlmod.AutomaticEventSubscriber/LOADING]: Auto-subscribing reascer.wom.gameasset.animations.weapons.AnimsHerrscher to MOD
[30Sep2026 19:51:09.357] [modloading-worker-0/DEBUG] [net.minecraftforge.fml.javafmlmod.AutomaticEventSubscriber/LOADING]: Auto-subscribing reascer.wom.gameasset.animations.weapons.AnimsEnderblaster to MOD
[30Sep2026 19:51:09.358] [modloading-worker-0/DEBUG] [net.minecraftforge.fml.javafmlmod.AutomaticEventSubscriber/LOADING]: Auto-subscribing reascer.wom.gameasset.animations.weapons.AnimsBlackstar to MOD
[30Sep2026 19:51:09.362] [modloading-worker-0/DEBUG] [net.minecraftforge.fml.javafmlmod.AutomaticEventSubscriber/LOADING]: Auto-subscribing yesman.epicfight.events.CapabilityEvents to FORGE
[30Sep2026 19:51:09.363] [modloading-worker-0/DEBUG] [net.minecraftforge.fml.javafmlmod.AutomaticEventSubscriber/LOADING]: Auto-subscribing yesman.epicfight.data.loot.EpicFightLootTables to FORGE
[30Sep2026 19:51:09.363] [modloading-worker-0/DEBUG] [net.minecraftforge.fml.javafmlmod.AutomaticEventSubscriber/LOADING]: Auto-subscribing reascer.wom.gameasset.animations.weapons.AnimsAgony to MOD
[30Sep2026 19:51:09.363] [modloading-worker-0/DEBUG] [net.minecraftforge.fml.javafmlmod.AutomaticEventSubscriber/LOADING]: Auto-subscribing yesman.epicfight.config.ServerConfig to MOD
[30Sep2026 19:51:09.363] [modloading-worker-0/DEBUG] [net.minecraftforge.fml.javafmlmod.AutomaticEventSubscriber/LOADING]: Auto-subscribing yesman.epicfight.config.CommonConfig to MOD
[30Sep2026 19:51:09.364] [modloading-worker-0/DEBUG] [net.minecraftforge.fml.javafmlmod.AutomaticEventSubscriber/LOADING]: Auto-subscribing reascer.wom.gameasset.WOMSkills to MOD
[30Sep2026 19:51:09.365] [modloading-worker-0/DEBUG] [net.minecraftforge.fml.javafmlmod.AutomaticEventSubscriber/LOADING]: Auto-subscribing reascer.wom.gameasset.WOMAnimations to MOD
[30Sep2026 19:51:09.381] [modloading-worker-0/DEBUG] [net.minecraftforge.fml.javafmlmod.AutomaticEventSubscriber/LOADING]: Auto-subscribing reascer.wom.events.WOMLivingEntityEvents to FORGE
[30Sep2026 19:51:09.393] [modloading-worker-0/DEBUG] [net.minecraftforge.fml.javafmlmod.AutomaticEventSubscriber/LOADING]: Auto-subscribing reascer.wom.events.PatchedRegisterModBusEvents to MOD
[30Sep2026 19:51:10.056] [modloading-worker-0/DEBUG] [net.minecraftforge.fml.javafmlmod.AutomaticEventSubscriber/LOADING]: Attempting to inject @EventBusSubscriber classes into the eventbus for saintsdragons
[30Sep2026 19:51:10.056] [modloading-worker-0/DEBUG] [net.minecraftforge.fml.javafmlmod.AutomaticEventSubscriber/LOADING]: Auto-subscribing com.leon.saintsdragons.forge.server.event.ServerEventHandler to FORGE
[30Sep2026 19:51:10.060] [modloading-worker-0/DEBUG] [net.minecraftforge.fml.javafmlmod.AutomaticEventSubscriber/LOADING]: Auto-subscribing com.leon.saintsdragons.forge.server.event.DragonheartWeaponEventHandler to FORGE
[30Sep2026 19:51:10.060] [modloading-worker-0/DEBUG] [net.minecraftforge.fml.javafmlmod.AutomaticEventSubscriber/LOADING]: Auto-subscribing com.leon.saintsdragons.forge.server.event.DragonXpHandler to FORGE
[30Sep2026 19:51:10.061] [modloading-worker-0/DEBUG] [net.minecraftforge.fml.javafmlmod.AutomaticEventSubscriber/LOADING]: Auto-subscribing com.leon.saintsdragons.forge.server.event.DragonAttackEventHandler to FORGE
[30Sep2026 19:51:10.061] [modloading-worker-0/DEBUG] [net.minecraftforge.fml.javafmlmod.AutomaticEventSubscriber/LOADING]: Auto-subscribing com.leon.saintsdragons.forge.server.event.BabyDragonHitAdvancementHandler to FORGE
[30Sep2026 19:51:10.062] [main/DEBUG] [net.minecraftforge.fml.DeferredWorkQueue/LOADING]: Dispatching synchronous work for work queue CONSTRUCT: 9 jobs
[30Sep2026 19:51:10.064] [main/DEBUG] [epicfight/]: Loaded enums in class yesman.epicfight.api.animation.LivingMotions
[30Sep2026 19:51:10.064] [main/DEBUG] [epicfight/]: All enums are loaded: living_motion [ALL, INACTION, IDLE, CONFRONT, ANGRY, FLOAT, WALK, RUN, SWIM, FLY, SNEAK, KNEEL, FALL, SIT, MOUNT, DEATH, CHASE, SPELLCAST, JUMP, CELEBRATE, LANDING_RECOVERY, CREATIVE_FLY, CREATIVE_IDLE, SLEEP, DIGGING, ADMIRE, CLIMB, DRINK, EAT, NONE, AIM, BLOCK, BLOCK_SHIELD, RELOAD, SHOT, SPECTATE]
[30Sep2026 19:51:10.064] [main/DEBUG] [epicfight/]: Loaded enums in class yesman.epicfight.skill.SkillCategories
[30Sep2026 19:51:10.064] [main/DEBUG] [epicfight/]: All enums are loaded: skill_category [BASIC_ATTACK, DODGE, PASSIVE, WEAPON_PASSIVE, WEAPON_INNATE, GUARD, KNOCKDOWN_WAKEUP, MOVER, IDENTITY]
[30Sep2026 19:51:10.064] [main/DEBUG] [epicfight/]: Loaded enums in class yesman.epicfight.skill.SkillSlots
[30Sep2026 19:51:10.064] [main/DEBUG] [epicfight/]: All enums are loaded: skill_slot [BASIC_ATTACK, DODGE, PASSIVE1, PASSIVE2, PASSIVE3, WEAPON_PASSIVE, WEAPON_INNATE, GUARD, KNOCKDOWN_WAKEUP, MOVER, IDENTITY]
[30Sep2026 19:51:10.064] [main/DEBUG] [epicfight/]: Loaded enums in class net.corruptdog.cdm.world.item.YamatoStyle
[30Sep2026 19:51:10.064] [main/DEBUG] [epicfight/]: Loaded enums in class yesman.epicfight.world.capabilities.item.CapabilityItem$Styles
[30Sep2026 19:51:10.064] [main/DEBUG] [epicfight/]: All enums are loaded: style [YAMATO, COMMON, ONE_HAND, TWO_HAND, MOUNT, RANGED, SHEATH, OCHS]
[30Sep2026 19:51:10.064] [main/DEBUG] [epicfight/]: Loaded enums in class net.corruptdog.cdm.world.CorruptWeaponCategories
[30Sep2026 19:51:10.064] [main/DEBUG] [epicfight/]: Loaded enums in class yesman.epicfight.world.capabilities.item.CapabilityItem$WeaponCategories
[30Sep2026 19:51:10.064] [main/DEBUG] [epicfight/]: All enums are loaded: weapon_category [KATANA, S_GREATSWORD, YAMATO, S_SWORD, S_LONGSWORD, S_TACHI, S_SPEAR, GREAT_TACHI, S_DAGGER, PHANTOM_KATANA, NOT_WEAPON, AXE, FIST, GREATSWORD, HOE, PICKAXE, SHOVEL, SWORD, UCHIGATANA, SPEAR, TACHI, TRIDENT, LONGSWORD, DAGGER, SHIELD, CROSSBOW, BOW]
[30Sep2026 19:51:10.070] [main/DEBUG] [epicfight/]: Loaded enums in class yesman.epicfight.world.capabilities.entitypatch.Factions
[30Sep2026 19:51:10.070] [main/DEBUG] [epicfight/]: All enums are loaded: faction [NEUTRAL, UNDEAD, BLAZE, ENDERMAN, ILLAGER, PIGLINS, WITHER, VILLAGER, ZOMBIFIED_PIGLIN]
[30Sep2026 19:51:10.070] [main/DEBUG] [epicfight/]: Loaded enums in class yesman.epicfight.network.EntityPairingPacketTypes
[30Sep2026 19:51:10.070] [main/DEBUG] [epicfight/]: All enums are loaded: entity_pairing_packet_type [ADRENALINE_ACTIVATED, BONEBREAKER_BEGIN, BONEBREAKER_MAX_STACK, BONEBREAKER_CLEAR, STAMINA_PILLAGER_BODY_ASHES, EMERGENCY_ESCAPE_ACTIVATED, ENDERMAN_RAGE, FLASH_WHITE, PIGLIN_BABY_SPAWN, SET_BOSS_EVENT_OWNER, TECHNICIAN_ACTIVATED, TRIDENT_THROWN, VENGEANCE_OVERLAY, VENGEANCE_TARGET_CANCEL, ZOMBIE_SPAWN]
[30Sep2026 19:51:10.188] [main/DEBUG] [net.minecraftforge.fml.DeferredWorkQueue/LOADING]: Synchronous work queue completed in 124.6 ms
[30Sep2026 19:51:10.236] [main/DEBUG] [net.minecraftforge.common.capabilities.CapabilityManager/CAPABILITIES]: Attempting to automatically register: Lnet/minecraftforge/energy/IEnergyStorage;
[30Sep2026 19:51:10.237] [main/DEBUG] [net.minecraftforge.common.capabilities.CapabilityManager/CAPABILITIES]: Attempting to automatically register: Lnet/minecraftforge/fluids/capability/IFluidHandler;
[30Sep2026 19:51:10.237] [main/DEBUG] [net.minecraftforge.common.capabilities.CapabilityManager/CAPABILITIES]: Attempting to automatically register: Lnet/minecraftforge/fluids/capability/IFluidHandlerItem;
[30Sep2026 19:51:10.237] [main/DEBUG] [net.minecraftforge.common.capabilities.CapabilityManager/CAPABILITIES]: Attempting to automatically register: Lnet/minecraftforge/items/IItemHandler;
[30Sep2026 19:51:10.265] [main/DEBUG] [net.corruptdog.cdm.gameasset.CorruptSound/]: Creating SoundEvent for: sfx.yamato_step
[30Sep2026 19:51:10.266] [main/DEBUG] [net.corruptdog.cdm.gameasset.CorruptSound/]: Creating SoundEvent for: yamato.yamato_in
[30Sep2026 19:51:10.266] [main/DEBUG] [net.corruptdog.cdm.gameasset.CorruptSound/]: Creating SoundEvent for: yamato.cut1
[30Sep2026 19:51:10.266] [main/DEBUG] [net.corruptdog.cdm.gameasset.CorruptSound/]: Creating SoundEvent for: yamato.cut2
[30Sep2026 19:51:10.266] [main/DEBUG] [net.corruptdog.cdm.gameasset.CorruptSound/]: Creating SoundEvent for: sfx.power
[30Sep2026 19:51:10.266] [main/DEBUG] [net.corruptdog.cdm.gameasset.CorruptSound/]: Creating SoundEvent for: sfx.foresight
[30Sep2026 19:51:10.266] [main/DEBUG] [net.corruptdog.cdm.gameasset.CorruptSound/]: Creating SoundEvent for: sfx.execute
[30Sep2026 19:51:10.266] [main/DEBUG] [net.corruptdog.cdm.gameasset.CorruptSound/]: Creating SoundEvent for: sfx.damage
[30Sep2026 19:51:10.266] [main/DEBUG] [net.corruptdog.cdm.gameasset.CorruptSound/]: Creating SoundEvent for: sfx.dodge
[30Sep2026 19:51:10.266] [main/DEBUG] [net.corruptdog.cdm.gameasset.CorruptSound/]: Creating SoundEvent for: sfx.skills
[30Sep2026 19:51:10.266] [main/DEBUG] [net.corruptdog.cdm.gameasset.CorruptSound/]: Creating SoundEvent for: sfx.hurt
[30Sep2026 19:51:10.266] [main/DEBUG] [net.corruptdog.cdm.gameasset.CorruptSound/]: Creating SoundEvent for: sfx.step
[30Sep2026 19:51:10.266] [main/DEBUG] [net.corruptdog.cdm.gameasset.CorruptSound/]: Creating SoundEvent for: sfx.fatalflash
[30Sep2026 19:51:10.266] [main/DEBUG] [net.corruptdog.cdm.gameasset.CorruptSound/]: Creating SoundEvent for: sfx.guard
[30Sep2026 19:51:10.266] [main/DEBUG] [net.corruptdog.cdm.gameasset.CorruptSound/]: Creating SoundEvent for: sfx.impact
[30Sep2026 19:51:10.266] [main/DEBUG] [net.corruptdog.cdm.gameasset.CorruptSound/]: Creating SoundEvent for: sfx.seethrough
[30Sep2026 19:51:10.901] [main/DEBUG] [mixin/]: Mixing VaultServerDataAccessor from mixins.irons_spellbooks.json into io.redspace.ironsspellbooks.api.backwards_compat.blocks.vault.data.VaultServerData
[30Sep2026 19:51:11.012] [main/DEBUG] [software.bernie.geckolib.GeckoLib/]: Registered SyncedAnimatable for class com.gametechbc.traveloptics.item.staff.WandOfFinalLightItem
[30Sep2026 19:51:11.023] [main/DEBUG] [software.bernie.geckolib.GeckoLib/]: Registered SyncedAnimatable for class com.gametechbc.traveloptics.item.bossweapon.cursedwraithblade.CursedWraithbladeItem
[30Sep2026 19:51:11.023] [main/DEBUG] [software.bernie.geckolib.GeckoLib/]: Registered SyncedAnimatable for class com.gametechbc.traveloptics.item.bossweapon.cursedwraithblade.CursedWraithbladeLevelOneItem
[30Sep2026 19:51:11.023] [main/DEBUG] [software.bernie.geckolib.GeckoLib/]: Registered SyncedAnimatable for class com.gametechbc.traveloptics.item.bossweapon.cursedwraithblade.CursedWraithbladeLevelTwoItem
[30Sep2026 19:51:11.023] [main/DEBUG] [software.bernie.geckolib.GeckoLib/]: Registered SyncedAnimatable for class com.gametechbc.traveloptics.item.bossweapon.cursedwraithblade.CursedWraithbladeLevelThreeItem
[30Sep2026 19:51:11.023] [main/DEBUG] [software.bernie.geckolib.GeckoLib/]: Registered SyncedAnimatable for class com.gametechbc.traveloptics.item.bossweapon.gauntletofextinction.GauntletOfExtinctionItem
[30Sep2026 19:51:11.023] [main/DEBUG] [software.bernie.geckolib.GeckoLib/]: Registered SyncedAnimatable for class com.gametechbc.traveloptics.item.bossweapon.gauntletofextinction.GauntletOfExtinctionLevelOneItem
[30Sep2026 19:51:11.024] [main/DEBUG] [software.bernie.geckolib.GeckoLib/]: Registered SyncedAnimatable for class com.gametechbc.traveloptics.item.bossweapon.gauntletofextinction.GauntletOfExtinctionLevelTwoItem
[30Sep2026 19:51:11.024] [main/DEBUG] [software.bernie.geckolib.GeckoLib/]: Registered SyncedAnimatable for class com.gametechbc.traveloptics.item.bossweapon.gauntletofextinction.GauntletOfExtinctionLevelThreeItem
[30Sep2026 19:51:11.024] [main/DEBUG] [software.bernie.geckolib.GeckoLib/]: Registered SyncedAnimatable for class com.gametechbc.traveloptics.item.bossweapon.mechanized_wraithblade.MechanizedWraithbladeItem
[30Sep2026 19:51:11.024] [main/DEBUG] [software.bernie.geckolib.GeckoLib/]: Registered SyncedAnimatable for class com.gametechbc.traveloptics.item.bossweapon.mechanized_wraithblade.MechanizedWraithbladeLevelOneItem
[30Sep2026 19:51:11.024] [main/DEBUG] [software.bernie.geckolib.GeckoLib/]: Registered SyncedAnimatable for class com.gametechbc.traveloptics.item.bossweapon.mechanized_wraithblade.MechanizedWraithbladeLevelTwoItem
[30Sep2026 19:51:11.024] [main/DEBUG] [software.bernie.geckolib.GeckoLib/]: Registered SyncedAnimatable for class com.gametechbc.traveloptics.item.bossweapon.mechanized_wraithblade.MechanizedWraithbladeLevelThreeItem
[30Sep2026 19:51:11.026] [main/DEBUG] [software.bernie.geckolib.GeckoLib/]: Registered SyncedAnimatable for class com.gametechbc.traveloptics.item.bossweapon.infernal_devastator.InfernalDevastatorItem
[30Sep2026 19:51:11.026] [main/DEBUG] [software.bernie.geckolib.GeckoLib/]: Registered SyncedAnimatable for class com.gametechbc.traveloptics.item.bossweapon.infernal_devastator.InfernalDevastatorLevelOneItem
[30Sep2026 19:51:11.026] [main/DEBUG] [software.bernie.geckolib.GeckoLib/]: Registered SyncedAnimatable for class com.gametechbc.traveloptics.item.bossweapon.infernal_devastator.InfernalDevastatorLevelTwoItem
[30Sep2026 19:51:11.026] [main/DEBUG] [software.bernie.geckolib.GeckoLib/]: Registered SyncedAnimatable for class com.gametechbc.traveloptics.item.bossweapon.infernal_devastator.InfernalDevastatorLevelThreeItem
[30Sep2026 19:51:11.027] [main/DEBUG] [net.minecraftforge.coremod.transformer.CoreModBaseTransformer/COREMOD]: Transforming com/gametechbc/traveloptics/entity/projectiles/aqua_trident/EternalMaelstromTridentEntity
[30Sep2026 19:51:11.035] [main/INFO] [net.minecraftforge.coremod.CoreMod.cataclysm_magic_compat/COREMODLOG]: [CataclysmMagicCompat] remapped 6 stale cross-mod reference(s) in com/gametechbc/traveloptics/entity/projectiles/aqua_trident/EternalMaelstromTridentEntity
[30Sep2026 19:51:11.043] [main/DEBUG] [io.netty.util.internal.InternalThreadLocalMap/]: -Dio.netty.threadLocalMap.stringBuilder.initialSize: 1024
[30Sep2026 19:51:11.043] [main/DEBUG] [io.netty.util.internal.InternalThreadLocalMap/]: -Dio.netty.threadLocalMap.stringBuilder.maxSize: 4096
[30Sep2026 19:51:11.043] [main/DEBUG] [io.netty.util.internal.ThreadLocalRandom/]: -Dio.netty.initialSeedUniquifier: 0x70c51aa607919197
[30Sep2026 19:51:11.119] [main/DEBUG] [software.bernie.geckolib.GeckoLib/]: Registered SyncedAnimatable for class com.leon.saintsdragons.common.item.DragonlordArmorItem
[30Sep2026 19:51:11.119] [main/DEBUG] [software.bernie.geckolib.GeckoLib/]: Registered SyncedAnimatable for class com.leon.saintsdragons.common.item.DragonlordArmorItem
[30Sep2026 19:51:11.119] [main/DEBUG] [software.bernie.geckolib.GeckoLib/]: Registered SyncedAnimatable for class com.leon.saintsdragons.common.item.DragonlordArmorItem
[30Sep2026 19:51:11.119] [main/DEBUG] [software.bernie.geckolib.GeckoLib/]: Registered SyncedAnimatable for class com.leon.saintsdragons.common.item.DragonlordArmorItem
[30Sep2026 19:51:11.124] [main/DEBUG] [software.bernie.geckolib.GeckoLib/]: Registered SyncedAnimatable for class com.vicmatskiv.pointblank.item.AttachmentItem
[30Sep2026 19:51:11.124] [main/DEBUG] [software.bernie.geckolib.GeckoLib/]: Registered SyncedAnimatable for class com.vicmatskiv.pointblank.item.AttachmentItem
[30Sep2026 19:51:11.124] [main/DEBUG] [software.bernie.geckolib.GeckoLib/]: Registered SyncedAnimatable for class com.vicmatskiv.pointblank.item.AttachmentItem
[30Sep2026 19:51:11.124] [main/DEBUG] [software.bernie.geckolib.GeckoLib/]: Registered SyncedAnimatable for class com.vicmatskiv.pointblank.item.AttachmentItem
[30Sep2026 19:51:11.124] [main/DEBUG] [software.bernie.geckolib.GeckoLib/]: Registered SyncedAnimatable for class com.vicmatskiv.pointblank.item.AttachmentItem
[30Sep2026 19:51:11.124] [main/DEBUG] [software.bernie.geckolib.GeckoLib/]: Registered SyncedAnimatable for class com.vicmatskiv.pointblank.item.AttachmentItem
[30Sep2026 19:51:11.124] [main/DEBUG] [software.bernie.geckolib.GeckoLib/]: Registered SyncedAnimatable for class com.vicmatskiv.pointblank.item.AttachmentItem
[30Sep2026 19:51:11.124] [main/DEBUG] [software.bernie.geckolib.GeckoLib/]: Registered SyncedAnimatable for class com.vicmatskiv.pointblank.item.AttachmentItem
[30Sep2026 19:51:11.124] [main/DEBUG] [software.bernie.geckolib.GeckoLib/]: Registered SyncedAnimatable for class com.vicmatskiv.pointblank.item.AttachmentItem
[30Sep2026 19:51:11.124] [main/DEBUG] [software.bernie.geckolib.GeckoLib/]: Registered SyncedAnimatable for class com.vicmatskiv.pointblank.item.AttachmentItem
[30Sep2026 19:51:11.124] [main/DEBUG] [software.bernie.geckolib.GeckoLib/]: Registered SyncedAnimatable for class com.vicmatskiv.pointblank.item.AttachmentItem
[30Sep2026 19:51:11.124] [main/DEBUG] [software.bernie.geckolib.GeckoLib/]: Registered SyncedAnimatable for class com.vicmatskiv.pointblank.item.AttachmentItem
[30Sep2026 19:51:11.124] [main/DEBUG] [software.bernie.geckolib.GeckoLib/]: Registered SyncedAnimatable for class com.vicmatskiv.pointblank.item.AttachmentItem
[30Sep2026 19:51:11.125] [main/DEBUG] [software.bernie.geckolib.GeckoLib/]: Registered SyncedAnimatable for class com.vicmatskiv.pointblank.item.AttachmentItem
[30Sep2026 19:51:11.125] [main/DEBUG] [software.bernie.geckolib.GeckoLib/]: Registered SyncedAnimatable for class com.vicmatskiv.pointblank.item.AttachmentItem
[30Sep2026 19:51:11.125] [main/DEBUG] [software.bernie.geckolib.GeckoLib/]: Registered SyncedAnimatable for class com.vicmatskiv.pointblank.item.AttachmentItem
[30Sep2026 19:51:11.125] [main/DEBUG] [software.bernie.geckolib.GeckoLib/]: Registered SyncedAnimatable for class com.vicmatskiv.pointblank.item.AttachmentItem
[30Sep2026 19:51:11.125] [main/DEBUG] [software.bernie.geckolib.GeckoLib/]: Registered SyncedAnimatable for class com.vicmatskiv.pointblank.item.AttachmentItem
[30Sep2026 19:51:11.125] [main/DEBUG] [software.bernie.geckolib.GeckoLib/]: Registered SyncedAnimatable for class com.vicmatskiv.pointblank.item.AttachmentItem
[30Sep2026 19:51:11.125] [main/DEBUG] [software.bernie.geckolib.GeckoLib/]: Registered SyncedAnimatable for class com.vicmatskiv.pointblank.item.AttachmentItem
[30Sep2026 19:51:11.125] [main/DEBUG] [software.bernie.geckolib.GeckoLib/]: Registered SyncedAnimatable for class com.vicmatskiv.pointblank.item.AttachmentItem
[30Sep2026 19:51:11.125] [main/DEBUG] [software.bernie.geckolib.GeckoLib/]: Registered SyncedAnimatable for class com.vicmatskiv.pointblank.item.AttachmentItem
[30Sep2026 19:51:11.125] [main/DEBUG] [software.bernie.geckolib.GeckoLib/]: Registered SyncedAnimatable for class com.vicmatskiv.pointblank.item.AttachmentItem
[30Sep2026 19:51:11.125] [main/DEBUG] [software.bernie.geckolib.GeckoLib/]: Registered SyncedAnimatable for class com.vicmatskiv.pointblank.item.AttachmentItem
[30Sep2026 19:51:11.125] [main/DEBUG] [software.bernie.geckolib.GeckoLib/]: Registered SyncedAnimatable for class com.vicmatskiv.pointblank.item.AttachmentItem
[30Sep2026 19:51:11.129] [main/DEBUG] [software.bernie.geckolib.GeckoLib/]: Registered SyncedAnimatable for class com.vicmatskiv.pointblank.item.AttachmentItem
[30Sep2026 19:51:11.129] [main/DEBUG] [software.bernie.geckolib.GeckoLib/]: Registered SyncedAnimatable for class com.vicmatskiv.pointblank.item.AttachmentItem
[30Sep2026 19:51:11.129] [main/DEBUG] [software.bernie.geckolib.GeckoLib/]: Registered SyncedAnimatable for class com.vicmatskiv.pointblank.item.AttachmentItem
[30Sep2026 19:51:11.129] [main/DEBUG] [software.bernie.geckolib.GeckoLib/]: Registered SyncedAnimatable for class com.vicmatskiv.pointblank.item.AttachmentItem
[30Sep2026 19:51:11.129] [main/DEBUG] [software.bernie.geckolib.GeckoLib/]: Registered SyncedAnimatable for class com.vicmatskiv.pointblank.item.AttachmentItem
[30Sep2026 19:51:11.129] [main/DEBUG] [software.bernie.geckolib.GeckoLib/]: Registered SyncedAnimatable for class com.vicmatskiv.pointblank.item.AttachmentItem
[30Sep2026 19:51:11.130] [main/DEBUG] [software.bernie.geckolib.GeckoLib/]: Registered SyncedAnimatable for class com.vicmatskiv.pointblank.item.AttachmentItem
[30Sep2026 19:51:11.130] [main/DEBUG] [software.bernie.geckolib.GeckoLib/]: Registered SyncedAnimatable for class com.vicmatskiv.pointblank.item.AttachmentItem
[30Sep2026 19:51:11.130] [main/DEBUG] [software.bernie.geckolib.GeckoLib/]: Registered SyncedAnimatable for class com.vicmatskiv.pointblank.item.AttachmentItem
[30Sep2026 19:51:11.130] [main/DEBUG] [software.bernie.geckolib.GeckoLib/]: Registered SyncedAnimatable for class com.vicmatskiv.pointblank.item.AttachmentItem
[30Sep2026 19:51:11.130] [main/DEBUG] [software.bernie.geckolib.GeckoLib/]: Registered SyncedAnimatable for class com.vicmatskiv.pointblank.item.AttachmentItem
[30Sep2026 19:51:11.130] [main/DEBUG] [software.bernie.geckolib.GeckoLib/]: Registered SyncedAnimatable for class com.vicmatskiv.pointblank.item.AttachmentItem
[30Sep2026 19:51:11.130] [main/DEBUG] [software.bernie.geckolib.GeckoLib/]: Registered SyncedAnimatable for class com.vicmatskiv.pointblank.item.AttachmentItem
[30Sep2026 19:51:11.130] [main/DEBUG] [software.bernie.geckolib.GeckoLib/]: Registered SyncedAnimatable for class com.vicmatskiv.pointblank.item.AttachmentItem
[30Sep2026 19:51:11.130] [main/DEBUG] [software.bernie.geckolib.GeckoLib/]: Registered SyncedAnimatable for class com.vicmatskiv.pointblank.item.AttachmentItem
[30Sep2026 19:51:11.130] [main/DEBUG] [software.bernie.geckolib.GeckoLib/]: Registered SyncedAnimatable for class com.vicmatskiv.pointblank.item.AttachmentItem
[30Sep2026 19:51:11.130] [main/DEBUG] [software.bernie.geckolib.GeckoLib/]: Registered SyncedAnimatable for class com.vicmatskiv.pointblank.item.AttachmentItem
[30Sep2026 19:51:11.130] [main/DEBUG] [software.bernie.geckolib.GeckoLib/]: Registered SyncedAnimatable for class com.vicmatskiv.pointblank.item.AttachmentItem
[30Sep2026 19:51:11.130] [main/DEBUG] [software.bernie.geckolib.GeckoLib/]: Registered SyncedAnimatable for class com.vicmatskiv.pointblank.item.AttachmentItem
[30Sep2026 19:51:11.130] [main/DEBUG] [software.bernie.geckolib.GeckoLib/]: Registered SyncedAnimatable for class com.vicmatskiv.pointblank.item.AttachmentItem
[30Sep2026 19:51:11.130] [main/DEBUG] [software.bernie.geckolib.GeckoLib/]: Registered SyncedAnimatable for class com.vicmatskiv.pointblank.item.AttachmentItem
[30Sep2026 19:51:11.133] [main/DEBUG] [software.bernie.geckolib.GeckoLib/]: Registered SyncedAnimatable for class com.vicmatskiv.pointblank.item.AttachmentItem
[30Sep2026 19:51:11.133] [main/DEBUG] [software.bernie.geckolib.GeckoLib/]: Registered SyncedAnimatable for class com.vicmatskiv.pointblank.item.AttachmentItem
[30Sep2026 19:51:11.133] [main/DEBUG] [software.bernie.geckolib.GeckoLib/]: Registered SyncedAnimatable for class com.vicmatskiv.pointblank.item.AttachmentItem
[30Sep2026 19:51:11.133] [main/DEBUG] [software.bernie.geckolib.GeckoLib/]: Registered SyncedAnimatable for class com.vicmatskiv.pointblank.item.AttachmentItem
[30Sep2026 19:51:11.133] [main/DEBUG] [software.bernie.geckolib.GeckoLib/]: Registered SyncedAnimatable for class com.vicmatskiv.pointblank.item.AttachmentItem
[30Sep2026 19:51:11.133] [main/DEBUG] [software.bernie.geckolib.GeckoLib/]: Registered SyncedAnimatable for class com.vicmatskiv.pointblank.item.AttachmentItem
[30Sep2026 19:51:11.133] [main/DEBUG] [software.bernie.geckolib.GeckoLib/]: Registered SyncedAnimatable for class com.vicmatskiv.pointblank.item.AttachmentItem
[30Sep2026 19:51:11.133] [main/DEBUG] [software.bernie.geckolib.GeckoLib/]: Registered SyncedAnimatable for class com.vicmatskiv.pointblank.item.AttachmentItem
[30Sep2026 19:51:11.133] [main/DEBUG] [software.bernie.geckolib.GeckoLib/]: Registered SyncedAnimatable for class com.vicmatskiv.pointblank.item.AttachmentItem
[30Sep2026 19:51:11.136] [main/DEBUG] [software.bernie.geckolib.GeckoLib/]: Registered SyncedAnimatable for class com.vicmatskiv.pointblank.item.GunItem
[30Sep2026 19:51:11.137] [main/DEBUG] [software.bernie.geckolib.GeckoLib/]: Registered SyncedAnimatable for class com.vicmatskiv.pointblank.item.GunItem
[30Sep2026 19:51:11.137] [main/DEBUG] [software.bernie.geckolib.GeckoLib/]: Registered SyncedAnimatable for class com.vicmatskiv.pointblank.item.GunItem
[30Sep2026 19:51:11.137] [main/DEBUG] [software.bernie.geckolib.GeckoLib/]: Registered SyncedAnimatable for class com.vicmatskiv.pointblank.item.GunItem
[30Sep2026 19:51:11.137] [main/DEBUG] [software.bernie.geckolib.GeckoLib/]: Registered SyncedAnimatable for class com.vicmatskiv.pointblank.item.GunItem
[30Sep2026 19:51:11.137] [main/DEBUG] [software.bernie.geckolib.GeckoLib/]: Registered SyncedAnimatable for class com.vicmatskiv.pointblank.item.GunItem
[30Sep2026 19:51:11.137] [main/DEBUG] [software.bernie.geckolib.GeckoLib/]: Registered SyncedAnimatable for class com.vicmatskiv.pointblank.item.GunItem
[30Sep2026 19:51:11.137] [main/DEBUG] [software.bernie.geckolib.GeckoLib/]: Registered SyncedAnimatable for class com.vicmatskiv.pointblank.item.GunItem
[30Sep2026 19:51:11.137] [main/DEBUG] [software.bernie.geckolib.GeckoLib/]: Registered SyncedAnimatable for class com.vicmatskiv.pointblank.item.GunItem
[30Sep2026 19:51:11.138] [main/DEBUG] [software.bernie.geckolib.GeckoLib/]: Registered SyncedAnimatable for class com.vicmatskiv.pointblank.item.GunItem
[30Sep2026 19:51:11.138] [main/DEBUG] [software.bernie.geckolib.GeckoLib/]: Registered SyncedAnimatable for class com.vicmatskiv.pointblank.item.GunItem
[30Sep2026 19:51:11.138] [main/DEBUG] [software.bernie.geckolib.GeckoLib/]: Registered SyncedAnimatable for class com.vicmatskiv.pointblank.item.GunItem
[30Sep2026 19:51:11.138] [main/DEBUG] [software.bernie.geckolib.GeckoLib/]: Registered SyncedAnimatable for class com.vicmatskiv.pointblank.item.GunItem
[30Sep2026 19:51:11.138] [main/DEBUG] [software.bernie.geckolib.GeckoLib/]: Registered SyncedAnimatable for class com.vicmatskiv.pointblank.item.GunItem
[30Sep2026 19:51:11.138] [main/DEBUG] [software.bernie.geckolib.GeckoLib/]: Registered SyncedAnimatable for class com.vicmatskiv.pointblank.item.GunItem
[30Sep2026 19:51:11.138] [main/DEBUG] [software.bernie.geckolib.GeckoLib/]: Registered SyncedAnimatable for class com.vicmatskiv.pointblank.item.GunItem
[30Sep2026 19:51:11.138] [main/DEBUG] [software.bernie.geckolib.GeckoLib/]: Registered SyncedAnimatable for class com.vicmatskiv.pointblank.item.GunItem
[30Sep2026 19:51:11.138] [main/DEBUG] [software.bernie.geckolib.GeckoLib/]: Registered SyncedAnimatable for class com.vicmatskiv.pointblank.item.GunItem
[30Sep2026 19:51:11.139] [main/DEBUG] [software.bernie.geckolib.GeckoLib/]: Registered SyncedAnimatable for class com.vicmatskiv.pointblank.item.GunItem
[30Sep2026 19:51:11.139] [main/DEBUG] [software.bernie.geckolib.GeckoLib/]: Registered SyncedAnimatable for class com.vicmatskiv.pointblank.item.GunItem
[30Sep2026 19:51:11.139] [main/DEBUG] [software.bernie.geckolib.GeckoLib/]: Registered SyncedAnimatable for class com.vicmatskiv.pointblank.item.GunItem
[30Sep2026 19:51:11.139] [main/DEBUG] [software.bernie.geckolib.GeckoLib/]: Registered SyncedAnimatable for class com.vicmatskiv.pointblank.item.GunItem
[30Sep2026 19:51:11.139] [main/DEBUG] [software.bernie.geckolib.GeckoLib/]: Registered SyncedAnimatable for class com.vicmatskiv.pointblank.item.GunItem
[30Sep2026 19:51:11.139] [main/DEBUG] [software.bernie.geckolib.GeckoLib/]: Registered SyncedAnimatable for class com.vicmatskiv.pointblank.item.GunItem
[30Sep2026 19:51:11.139] [main/DEBUG] [software.bernie.geckolib.GeckoLib/]: Registered SyncedAnimatable for class com.vicmatskiv.pointblank.item.GunItem
[30Sep2026 19:51:11.139] [main/DEBUG] [software.bernie.geckolib.GeckoLib/]: Registered SyncedAnimatable for class com.vicmatskiv.pointblank.item.GunItem
[30Sep2026 19:51:11.139] [main/DEBUG] [software.bernie.geckolib.GeckoLib/]: Registered SyncedAnimatable for class com.vicmatskiv.pointblank.item.GunItem
[30Sep2026 19:51:11.139] [main/DEBUG] [software.bernie.geckolib.GeckoLib/]: Registered SyncedAnimatable for class com.vicmatskiv.pointblank.item.GunItem
[30Sep2026 19:51:11.139] [main/DEBUG] [software.bernie.geckolib.GeckoLib/]: Registered SyncedAnimatable for class com.vicmatskiv.pointblank.item.GunItem
[30Sep2026 19:51:11.140] [main/DEBUG] [software.bernie.geckolib.GeckoLib/]: Registered SyncedAnimatable for class com.vicmatskiv.pointblank.item.GunItem
[30Sep2026 19:51:11.140] [main/DEBUG] [software.bernie.geckolib.GeckoLib/]: Registered SyncedAnimatable for class com.vicmatskiv.pointblank.item.GunItem
[30Sep2026 19:51:11.140] [main/DEBUG] [software.bernie.geckolib.GeckoLib/]: Registered SyncedAnimatable for class com.vicmatskiv.pointblank.item.GunItem
[30Sep2026 19:51:11.140] [main/DEBUG] [software.bernie.geckolib.GeckoLib/]: Registered SyncedAnimatable for class com.vicmatskiv.pointblank.item.GunItem
[30Sep2026 19:51:11.140] [main/DEBUG] [software.bernie.geckolib.GeckoLib/]: Registered SyncedAnimatable for class com.vicmatskiv.pointblank.item.GunItem
[30Sep2026 19:51:11.140] [main/DEBUG] [software.bernie.geckolib.GeckoLib/]: Registered SyncedAnimatable for class com.vicmatskiv.pointblank.item.GunItem
[30Sep2026 19:51:11.140] [main/DEBUG] [software.bernie.geckolib.GeckoLib/]: Registered SyncedAnimatable for class com.vicmatskiv.pointblank.item.GunItem
[30Sep2026 19:51:11.140] [main/DEBUG] [software.bernie.geckolib.GeckoLib/]: Registered SyncedAnimatable for class com.vicmatskiv.pointblank.item.GunItem
[30Sep2026 19:51:11.140] [main/DEBUG] [software.bernie.geckolib.GeckoLib/]: Registered SyncedAnimatable for class com.vicmatskiv.pointblank.item.GunItem
[30Sep2026 19:51:11.140] [main/DEBUG] [software.bernie.geckolib.GeckoLib/]: Registered SyncedAnimatable for class com.vicmatskiv.pointblank.item.GunItem
[30Sep2026 19:51:11.140] [main/DEBUG] [software.bernie.geckolib.GeckoLib/]: Registered SyncedAnimatable for class com.vicmatskiv.pointblank.item.GunItem
[30Sep2026 19:51:11.141] [main/DEBUG] [software.bernie.geckolib.GeckoLib/]: Registered SyncedAnimatable for class com.vicmatskiv.pointblank.item.GunItem
[30Sep2026 19:51:11.141] [main/DEBUG] [software.bernie.geckolib.GeckoLib/]: Registered SyncedAnimatable for class com.vicmatskiv.pointblank.item.GunItem
[30Sep2026 19:51:11.141] [main/DEBUG] [software.bernie.geckolib.GeckoLib/]: Registered SyncedAnimatable for class com.vicmatskiv.pointblank.item.GunItem
[30Sep2026 19:51:11.141] [main/DEBUG] [software.bernie.geckolib.GeckoLib/]: Registered SyncedAnimatable for class com.vicmatskiv.pointblank.item.GunItem
[30Sep2026 19:51:11.141] [main/DEBUG] [software.bernie.geckolib.GeckoLib/]: Registered SyncedAnimatable for class com.vicmatskiv.pointblank.item.GunItem
[30Sep2026 19:51:11.141] [main/DEBUG] [software.bernie.geckolib.GeckoLib/]: Registered SyncedAnimatable for class com.vicmatskiv.pointblank.item.GunItem
[30Sep2026 19:51:11.141] [main/DEBUG] [software.bernie.geckolib.GeckoLib/]: Registered SyncedAnimatable for class com.vicmatskiv.pointblank.item.GunItem
[30Sep2026 19:51:11.141] [main/DEBUG] [software.bernie.geckolib.GeckoLib/]: Registered SyncedAnimatable for class com.vicmatskiv.pointblank.item.GunItem
[30Sep2026 19:51:11.141] [main/DEBUG] [software.bernie.geckolib.GeckoLib/]: Registered SyncedAnimatable for class com.vicmatskiv.pointblank.item.GunItem
[30Sep2026 19:51:11.141] [main/DEBUG] [software.bernie.geckolib.GeckoLib/]: Registered SyncedAnimatable for class com.vicmatskiv.pointblank.item.GunItem
[30Sep2026 19:51:11.141] [main/DEBUG] [software.bernie.geckolib.GeckoLib/]: Registered SyncedAnimatable for class com.vicmatskiv.pointblank.item.GunItem
[30Sep2026 19:51:11.141] [main/DEBUG] [software.bernie.geckolib.GeckoLib/]: Registered SyncedAnimatable for class com.vicmatskiv.pointblank.item.GunItem
[30Sep2026 19:51:11.141] [main/DEBUG] [software.bernie.geckolib.GeckoLib/]: Registered SyncedAnimatable for class com.vicmatskiv.pointblank.item.GunItem
[30Sep2026 19:51:11.141] [main/DEBUG] [software.bernie.geckolib.GeckoLib/]: Registered SyncedAnimatable for class com.vicmatskiv.pointblank.item.GunItem
[30Sep2026 19:51:11.142] [main/DEBUG] [software.bernie.geckolib.GeckoLib/]: Registered SyncedAnimatable for class com.vicmatskiv.pointblank.item.GunItem
[30Sep2026 19:51:11.142] [main/DEBUG] [software.bernie.geckolib.GeckoLib/]: Registered SyncedAnimatable for class com.vicmatskiv.pointblank.item.GunItem
[30Sep2026 19:51:11.142] [main/DEBUG] [software.bernie.geckolib.GeckoLib/]: Registered SyncedAnimatable for class com.vicmatskiv.pointblank.item.GunItem
[30Sep2026 19:51:11.142] [main/DEBUG] [software.bernie.geckolib.GeckoLib/]: Registered SyncedAnimatable for class com.vicmatskiv.pointblank.item.GunItem
[30Sep2026 19:51:11.142] [main/DEBUG] [software.bernie.geckolib.GeckoLib/]: Registered SyncedAnimatable for class com.vicmatskiv.pointblank.item.GunItem
[30Sep2026 19:51:11.142] [main/DEBUG] [software.bernie.geckolib.GeckoLib/]: Registered SyncedAnimatable for class com.vicmatskiv.pointblank.item.GunItem
[30Sep2026 19:51:11.142] [main/DEBUG] [software.bernie.geckolib.GeckoLib/]: Registered SyncedAnimatable for class com.vicmatskiv.pointblank.item.GunItem
[30Sep2026 19:51:11.162] [main/DEBUG] [net.minecraftforge.coremod.transformer.CoreModBaseTransformer/COREMOD]: Transforming com/gametechbc/traveloptics/entity/mobs/nightwarden_boss/NightwardenBossEntity
[30Sep2026 19:51:11.181] [main/INFO] [net.minecraftforge.coremod.CoreMod.cataclysm_magic_compat/COREMODLOG]: [CataclysmMagicCompat] remapped 5 stale cross-mod reference(s) in com/gametechbc/traveloptics/entity/mobs/nightwarden_boss/NightwardenBossEntity
[30Sep2026 19:51:11.579] [main/DEBUG] [placebo/]: Registered 0 recipe types.
[30Sep2026 19:51:11.655] [main/DEBUG] [mixin/]: Mixing SkillContainerMixin from invincible.mixins.json into yesman.epicfight.skill.SkillContainer
[30Sep2026 19:51:11.666] [main/DEBUG] [mixin/]: Mixing DodgeSkillMixin from cdmoveset.mixins.json into yesman.epicfight.skill.dodge.DodgeSkill
[30Sep2026 19:51:11.667] [main/DEBUG] [mixin/]: Renaming synthetic method lambda$onInitiate$2(Lyesman/epicfight/world/entity/eventlistener/AnimationBeginEvent;)V to mdcf8e3f$lambda$onInitiate$2$0 in cdmoveset.mixins.json:DodgeSkillMixin
[30Sep2026 19:51:11.667] [main/DEBUG] [mixin/]: Renaming synthetic method lambda$onInitiate$1(Lyesman/epicfight/skill/SkillContainer;Lyesman/epicfight/world/entity/eventlistener/DodgeSuccessEvent;)V to mdcf8e3f$lambda$onInitiate$1$1 in cdmoveset.mixins.json:DodgeSkillMixin
[30Sep2026 19:51:11.667] [main/DEBUG] [mixin/]: Renaming synthetic method lambda$onInitiate$0(Lyesman/epicfight/skill/SkillContainer;)V to mdcf8e3f$lambda$onInitiate$0$2 in cdmoveset.mixins.json:DodgeSkillMixin
[30Sep2026 19:51:11.696] [main/DEBUG] [mixin/]: Mixing TechnicianSkillMixin from cdmoveset.mixins.json into yesman.epicfight.skill.passive.TechnicianSkill
[30Sep2026 19:51:11.696] [main/DEBUG] [mixin/]: Renaming synthetic method lambda$onInitiate$0(Lyesman/epicfight/skill/SkillContainer;Lyesman/epicfight/world/entity/eventlistener/DodgeSuccessEvent;)V to mdcf8e3f$lambda$onInitiate$0$0 in cdmoveset.mixins.json:TechnicianSkillMixin
[30Sep2026 19:51:11.789] [main/WARN] [net.minecraft.network.syncher.SynchedEntityData/]: defineId called for: class net.minecraft.world.entity.player.Player from class yesman.epicfight.world.capabilities.entitypatch.player.PlayerPatch
[30Sep2026 19:51:11.801] [main/WARN] [net.minecraft.network.syncher.SynchedEntityData/]: defineId called for: class com.github.alexmodguy.alexscaves.server.entity.living.TremorzillaEntity from class com.github.alexmodguy.alexscaves.server.entity.living.LicowitchEntity
[30Sep2026 19:51:11.801] [main/DEBUG] [mixin/]: Mixing PotionUtilsMixin from alexscaves.mixins.json into net.minecraft.world.item.alchemy.PotionUtils
[30Sep2026 19:51:11.802] [main/DEBUG] [mixin/]: Renaming synthetic method lambda$ac_getColor$0(Lnet/minecraft/world/effect/MobEffectInstance;)Z to mdcf8e3f$lambda$ac_getColor$0$0 in alexscaves.mixins.json:PotionUtilsMixin
[30Sep2026 19:51:11.802] [main/DEBUG] [mixin/]: Mixing PotionUtilsMixin from attributeslib.mixins.json into net.minecraft.world.item.alchemy.PotionUtils
[30Sep2026 19:51:11.818] [main/WARN] [net.minecraft.network.syncher.SynchedEntityData/]: defineId called for: class net.minecraft.world.entity.TamableAnimal from class reascer.wom.world.entity.mob.EnderHand
[30Sep2026 19:51:11.818] [main/WARN] [net.minecraft.network.syncher.SynchedEntityData/]: defineId called for: class net.minecraft.world.entity.TamableAnimal from class reascer.wom.world.entity.mob.TargetingHelper
[30Sep2026 19:51:11.835] [main/WARN] [net.minecraft.network.syncher.SynchedEntityData/]: defineId called for: class net.minecraft.world.entity.boss.wither.WitherBoss from class yesman.epicfight.world.capabilities.entitypatch.boss.WitherPatch
[30Sep2026 19:51:11.835] [main/WARN] [net.minecraft.network.syncher.SynchedEntityData/]: defineId called for: class net.minecraft.world.entity.boss.wither.WitherBoss from class yesman.epicfight.world.capabilities.entitypatch.boss.WitherPatch
[30Sep2026 19:51:11.835] [main/WARN] [net.minecraft.network.syncher.SynchedEntityData/]: defineId called for: class net.minecraft.world.entity.boss.wither.WitherBoss from class yesman.epicfight.world.capabilities.entitypatch.boss.WitherPatch
[30Sep2026 19:51:11.835] [main/WARN] [net.minecraft.network.syncher.SynchedEntityData/]: defineId called for: class net.minecraft.world.entity.boss.wither.WitherBoss from class yesman.epicfight.world.capabilities.entitypatch.boss.WitherPatch
[30Sep2026 19:51:11.835] [main/WARN] [net.minecraft.network.syncher.SynchedEntityData/]: defineId called for: class net.minecraft.world.entity.boss.wither.WitherBoss from class yesman.epicfight.world.capabilities.entitypatch.boss.WitherPatch
[30Sep2026 19:51:11.835] [main/WARN] [net.minecraft.network.syncher.SynchedEntityData/]: defineId called for: class net.minecraft.world.entity.boss.wither.WitherBoss from class yesman.epicfight.world.capabilities.entitypatch.boss.WitherPatch
[30Sep2026 19:51:11.835] [main/WARN] [net.minecraft.network.syncher.SynchedEntityData/]: defineId called for: class net.minecraft.world.entity.boss.wither.WitherBoss from class yesman.epicfight.world.capabilities.entitypatch.boss.WitherPatch
[30Sep2026 19:51:11.835] [main/WARN] [net.minecraft.network.syncher.SynchedEntityData/]: defineId called for: class net.minecraft.world.entity.boss.wither.WitherBoss from class yesman.epicfight.world.capabilities.entitypatch.boss.WitherPatch
[30Sep2026 19:51:11.835] [main/WARN] [net.minecraft.network.syncher.SynchedEntityData/]: defineId called for: class net.minecraft.world.entity.boss.wither.WitherBoss from class yesman.epicfight.world.capabilities.entitypatch.boss.WitherPatch
[30Sep2026 19:51:11.852] [main/DEBUG] [net.minecraftforge.fml.config.ConfigTracker/CONFIG]: Loading configs type COMMON
[30Sep2026 19:51:11.853] [main/DEBUG] [net.minecraftforge.fml.config.ConfigFileTypeHandler/CONFIG]: Built TOML config for /opt/minecraft/sa/config/invincible-common.toml
[30Sep2026 19:51:11.853] [main/DEBUG] [net.minecraftforge.fml.config.ConfigFileTypeHandler/CONFIG]: Loaded TOML config file /opt/minecraft/sa/config/invincible-common.toml
[30Sep2026 19:51:11.857] [main/DEBUG] [net.minecraftforge.fml.config.ConfigFileTypeHandler/CONFIG]: Watching TOML config file /opt/minecraft/sa/config/invincible-common.toml for changes
[30Sep2026 19:51:11.857] [Thread-2/DEBUG] [net.minecraftforge.fml.config.ConfigFileTypeHandler/CONFIG]: Config file invincible-common.toml changed, sending notifies
[30Sep2026 19:51:11.857] [main/DEBUG] [net.minecraftforge.fml.config.ConfigFileTypeHandler/CONFIG]: Built TOML config for /opt/minecraft/sa/config/cataclysm-common.toml
[30Sep2026 19:51:11.858] [Thread-2/DEBUG] [net.minecraftforge.fml.config.ConfigFileTypeHandler/CONFIG]: Config file invincible-common.toml changed, sending notifies
[30Sep2026 19:51:11.859] [main/DEBUG] [net.minecraftforge.fml.config.ConfigFileTypeHandler/CONFIG]: Loaded TOML config file /opt/minecraft/sa/config/cataclysm-common.toml
[30Sep2026 19:51:11.859] [main/DEBUG] [net.minecraftforge.fml.config.ConfigFileTypeHandler/CONFIG]: Watching TOML config file /opt/minecraft/sa/config/cataclysm-common.toml for changes
[30Sep2026 19:51:11.865] [Thread-2/DEBUG] [net.minecraftforge.fml.config.ConfigFileTypeHandler/CONFIG]: Config file cataclysm-common.toml changed, sending notifies
[30Sep2026 19:51:11.867] [Thread-2/DEBUG] [net.minecraftforge.fml.config.ConfigFileTypeHandler/CONFIG]: Config file cataclysm-common.toml changed, sending notifies
[30Sep2026 19:51:11.867] [main/DEBUG] [net.minecraftforge.fml.config.ConfigFileTypeHandler/CONFIG]: Built TOML config for /opt/minecraft/sa/config/curios-common.toml
[30Sep2026 19:51:11.868] [main/DEBUG] [net.minecraftforge.fml.config.ConfigFileTypeHandler/CONFIG]: Loaded TOML config file /opt/minecraft/sa/config/curios-common.toml
[30Sep2026 19:51:11.868] [main/DEBUG] [net.minecraftforge.fml.config.ConfigFileTypeHandler/CONFIG]: Watching TOML config file /opt/minecraft/sa/config/curios-common.toml for changes
[30Sep2026 19:51:11.868] [main/DEBUG] [net.minecraftforge.fml.config.ConfigFileTypeHandler/CONFIG]: Built TOML config for /opt/minecraft/sa/config/alexscaves-general.toml
[30Sep2026 19:51:11.868] [main/DEBUG] [net.minecraftforge.fml.config.ConfigFileTypeHandler/CONFIG]: Loaded TOML config file /opt/minecraft/sa/config/alexscaves-general.toml
[30Sep2026 19:51:11.869] [main/DEBUG] [net.minecraftforge.fml.config.ConfigFileTypeHandler/CONFIG]: Watching TOML config file /opt/minecraft/sa/config/alexscaves-general.toml for changes
[30Sep2026 19:51:11.878] [main/DEBUG] [net.minecraftforge.fml.config.ConfigFileTypeHandler/CONFIG]: Built TOML config for /opt/minecraft/sa/config/citadel-common.toml
[30Sep2026 19:51:11.878] [Thread-2/DEBUG] [net.minecraftforge.fml.config.ConfigFileTypeHandler/CONFIG]: Config file alexscaves-general.toml changed, sending notifies
[30Sep2026 19:51:11.878] [main/DEBUG] [net.minecraftforge.fml.config.ConfigFileTypeHandler/CONFIG]: Loaded TOML config file /opt/minecraft/sa/config/citadel-common.toml
[30Sep2026 19:51:11.878] [main/DEBUG] [net.minecraftforge.fml.config.ConfigFileTypeHandler/CONFIG]: Watching TOML config file /opt/minecraft/sa/config/citadel-common.toml for changes
[30Sep2026 19:51:11.878] [main/DEBUG] [net.minecraftforge.fml.config.ConfigFileTypeHandler/CONFIG]: Built TOML config for /opt/minecraft/sa/config/saintsdragons/server/attributes.toml
[30Sep2026 19:51:11.880] [main/DEBUG] [net.minecraftforge.fml.config.ConfigFileTypeHandler/CONFIG]: Loaded TOML config file /opt/minecraft/sa/config/saintsdragons/server/attributes.toml
[30Sep2026 19:51:11.883] [Thread-2/DEBUG] [net.minecraftforge.fml.config.ConfigFileTypeHandler/CONFIG]: Config file alexscaves-general.toml changed, sending notifies
[30Sep2026 19:51:11.884] [main/DEBUG] [net.minecraftforge.fml.config.ConfigFileTypeHandler/CONFIG]: Watching TOML config file /opt/minecraft/sa/config/saintsdragons/server/attributes.toml for changes
[30Sep2026 19:51:11.887] [Thread-2/DEBUG] [net.minecraftforge.fml.config.ConfigFileTypeHandler/CONFIG]: Config file saintsdragons/server/attributes.toml changed, sending notifies
[30Sep2026 19:51:11.887] [main/DEBUG] [net.minecraftforge.fml.config.ConfigFileTypeHandler/CONFIG]: Built TOML config for /opt/minecraft/sa/config/saintsdragons/server/spawning.toml
[30Sep2026 19:51:11.887] [main/DEBUG] [net.minecraftforge.fml.config.ConfigFileTypeHandler/CONFIG]: Loaded TOML config file /opt/minecraft/sa/config/saintsdragons/server/spawning.toml
[30Sep2026 19:51:11.888] [main/DEBUG] [net.minecraftforge.fml.config.ConfigFileTypeHandler/CONFIG]: Watching TOML config file /opt/minecraft/sa/config/saintsdragons/server/spawning.toml for changes
[30Sep2026 19:51:11.888] [main/DEBUG] [net.minecraftforge.fml.config.ConfigFileTypeHandler/CONFIG]: Built TOML config for /opt/minecraft/sa/config/saintsdragons/server/servercommon.toml
[30Sep2026 19:51:11.888] [main/DEBUG] [net.minecraftforge.fml.config.ConfigFileTypeHandler/CONFIG]: Loaded TOML config file /opt/minecraft/sa/config/saintsdragons/server/servercommon.toml
[30Sep2026 19:51:11.888] [main/DEBUG] [net.minecraftforge.fml.config.ConfigFileTypeHandler/CONFIG]: Watching TOML config file /opt/minecraft/sa/config/saintsdragons/server/servercommon.toml for changes
[30Sep2026 19:51:11.888] [main/DEBUG] [net.minecraftforge.fml.config.ConfigFileTypeHandler/CONFIG]: Built TOML config for /opt/minecraft/sa/config/saintsdragons/server/tools_and_armor.toml
[30Sep2026 19:51:11.889] [main/DEBUG] [net.minecraftforge.fml.config.ConfigFileTypeHandler/CONFIG]: Loaded TOML config file /opt/minecraft/sa/config/saintsdragons/server/tools_and_armor.toml
[30Sep2026 19:51:11.889] [main/DEBUG] [net.minecraftforge.fml.config.ConfigFileTypeHandler/CONFIG]: Watching TOML config file /opt/minecraft/sa/config/saintsdragons/server/tools_and_armor.toml for changes
[30Sep2026 19:51:11.889] [main/DEBUG] [net.minecraftforge.fml.config.ConfigFileTypeHandler/CONFIG]: Built TOML config for /opt/minecraft/sa/config/pointblank-common.toml
[30Sep2026 19:51:11.890] [main/DEBUG] [net.minecraftforge.fml.config.ConfigFileTypeHandler/CONFIG]: Loaded TOML config file /opt/minecraft/sa/config/pointblank-common.toml
[30Sep2026 19:51:11.890] [main/DEBUG] [net.minecraftforge.fml.config.ConfigFileTypeHandler/CONFIG]: Watching TOML config file /opt/minecraft/sa/config/pointblank-common.toml for changes
[30Sep2026 19:51:11.890] [main/DEBUG] [net.minecraftforge.fml.config.ConfigFileTypeHandler/CONFIG]: Built TOML config for /opt/minecraft/sa/config/resurrection-common.toml
[30Sep2026 19:51:11.890] [main/DEBUG] [net.minecraftforge.fml.config.ConfigFileTypeHandler/CONFIG]: Loaded TOML config file /opt/minecraft/sa/config/resurrection-common.toml
[30Sep2026 19:51:11.891] [main/DEBUG] [net.minecraftforge.fml.config.ConfigFileTypeHandler/CONFIG]: Watching TOML config file /opt/minecraft/sa/config/resurrection-common.toml for changes
[30Sep2026 19:51:11.891] [main/DEBUG] [net.minecraftforge.fml.config.ConfigFileTypeHandler/CONFIG]: Built TOML config for /opt/minecraft/sa/config/ricks_stuff-common.toml
[30Sep2026 19:51:11.892] [main/DEBUG] [net.minecraftforge.fml.config.ConfigFileTypeHandler/CONFIG]: Loaded TOML config file /opt/minecraft/sa/config/ricks_stuff-common.toml
[30Sep2026 19:51:11.892] [main/DEBUG] [net.minecraftforge.fml.config.ConfigFileTypeHandler/CONFIG]: Watching TOML config file /opt/minecraft/sa/config/ricks_stuff-common.toml for changes
[30Sep2026 19:51:11.892] [main/DEBUG] [net.minecraftforge.fml.config.ConfigFileTypeHandler/CONFIG]: Built TOML config for /opt/minecraft/sa/config/epicfight-common.toml
[30Sep2026 19:51:11.892] [main/DEBUG] [net.minecraftforge.fml.config.ConfigFileTypeHandler/CONFIG]: Loaded TOML config file /opt/minecraft/sa/config/epicfight-common.toml
[30Sep2026 19:51:11.892] [main/DEBUG] [net.minecraftforge.fml.config.ConfigFileTypeHandler/CONFIG]: Watching TOML config file /opt/minecraft/sa/config/epicfight-common.toml for changes
[30Sep2026 19:51:11.895] [modloading-worker-0/DEBUG] [mixin/]: Mixing MixinSlotAttribute from curios.mixins.json into top.theillusivec4.curios.api.SlotAttribute
[30Sep2026 19:51:11.897] [Thread-2/DEBUG] [net.minecraftforge.fml.config.ConfigFileTypeHandler/CONFIG]: Config file saintsdragons/server/attributes.toml changed, sending notifies
[30Sep2026 19:51:11.900] [modloading-worker-0/DEBUG] [mixin/]: Mixing MixinCuriosApi from curios.mixins.json into top.theillusivec4.curios.api.CuriosApi
[30Sep2026 19:51:11.900] [Thread-2/DEBUG] [net.minecraftforge.fml.config.ConfigFileTypeHandler/CONFIG]: Config file epicfight-common.toml changed, sending notifies
[30Sep2026 19:51:11.932] [modloading-worker-0/INFO] [org.ExtraTortik.ricks_stuff.RicksStuff/]: RicksStuff common setup complete
[30Sep2026 19:51:11.944] [modloading-worker-0/DEBUG] [mixin/]: Mixing EntityPatchProviderAccessor from invincible.mixins.json into yesman.epicfight.world.capabilities.provider.EntityPatchProvider
[30Sep2026 19:51:11.944] [modloading-worker-0/DEBUG] [mixin/]: Renaming @Accessor method getCapabilities()Ljava/util/Map; to getCapabilities_$md$cf8e3f$0 in invincible.mixins.json:EntityPatchProviderAccessor
[30Sep2026 19:51:11.944] [modloading-worker-0/DEBUG] [mixin/]: Renaming @Accessor method getCustomCapabilities()Ljava/util/Map; to getCustomCapabilities_$md$cf8e3f$1 in invincible.mixins.json:EntityPatchProviderAccessor
[30Sep2026 19:51:12.110] [Forge Version Check/INFO] [net.minecraftforge.fml.VersionChecker/]: [forge] Starting version check at https://files.minecraftforge.net/net/minecraftforge/forge/promotions_slim.json
[30Sep2026 19:51:12.522] [Forge Version Check/DEBUG] [net.minecraftforge.fml.VersionChecker/]: [forge] Received version check data:
{
  "homepage": "https://files.minecraftforge.net/net/minecraftforge/forge/",
  "promos": {
    "1.1-latest": "1.3.4.29",
    "1.2.3-latest": "1.4.1.64",
    "1.2.4-latest": "2.0.0.68",
    "1.2.5-latest": "3.4.9.171",
    "1.3.2-latest": "4.3.5.318",
    "1.4.0-latest": "5.0.0.326",
    "1.4.1-latest": "6.0.0.329",
    "1.4.2-latest": "6.0.1.355",
    "1.4.3-latest": "6.2.1.358",
    "1.4.4-latest": "6.3.0.378",
    "1.4.5-latest": "6.4.2.448",
    "1.4.6-latest": "6.5.0.489",
    "1.4.7-latest": "6.6.2.534",
    "1.5-latest": "7.7.0.598",
    "1.5.1-latest": "7.7.2.682",
    "1.5.2-latest": "7.8.1.738",
    "1.5.2-recommended": "7.8.1.738",
    "1.6.1-latest": "8.9.0.775",
    "1.6.2-latest": "9.10.1.871",
    "1.6.2-recommended": "9.10.1.871",
    "1.6.3-latest": "9.11.0.878",
    "1.6.4-latest": "9.11.1.1345",
    "1.6.4-recommended": "9.11.1.1345",
    "1.7.2-latest": "10.12.2.1161",
    "1.7.2-recommended": "10.12.2.1161",
    "1.7.10-latest": "10.13.4.1614",
    "1.7.10-recommended": "10.13.4.1614",
    "1.8-latest": "11.14.4.1577",
    "1.8-recommended": "11.14.4.1563",
    "1.8.8-latest": "11.15.0.1655",
    "1.8.9-latest": "11.15.1.2318",
    "1.8.9-recommended": "11.15.1.2318",
    "1.9-latest": "12.16.1.1938",
    "1.9-recommended": "12.16.1.1887",
    "1.9.4-latest": "12.17.0.2317",
    "1.9.4-recommended": "12.17.0.2317",
    "1.10-latest": "12.18.0.2000",
    "1.10.2-latest": "12.18.3.2511",
    "1.10.2-recommended": "12.18.3.2511",
    "1.11-latest": "13.19.1.2199",
    "1.11-recommended": "13.19.1.2189",
    "1.11.2-latest": "13.20.1.2588",
    "1.11.2-recommended": "13.20.1.2588",
    "1.12-latest": "14.21.1.2443",
    "1.12-recommended": "14.21.1.2387",
    "1.12.1-latest": "14.22.1.2485",
    "1.12.1-recommended": "14.22.1.2478",
    "1.12.2-latest": "14.23.5.2864",
    "1.12.2-recommended": "14.23.5.2859",
    "1.13.2-latest": "25.0.223",
    "1.14.2-latest": "26.0.63",
    "1.14.3-latest": "27.0.60",
    "1.14.4-latest": "28.2.30",
    "1.14.4-recommended": "28.2.26",
    "1.15-latest": "29.0.4",
    "1.15.1-latest": "30.0.51",
    "1.15.2-latest": "31.2.62",
    "1.15.2-recommended": "31.2.57",
    "1.16.1-latest": "32.0.108",
    "1.16.2-latest": "33.0.61",
    "1.16.3-latest": "34.1.42",
    "1.16.3-recommended": "34.1.0",
    "1.16.4-latest": "35.1.37",
    "1.16.4-recommended": "35.1.4",
    "1.16.5-latest": "36.2.42",
    "1.16.5-recommended": "36.2.34",
    "1.17.1-latest": "37.1.1",
    "1.17.1-recommended": "37.1.1",
    "1.18-latest": "38.0.17",
    "1.18.1-latest": "39.1.2",
    "1.18.1-recommended": "39.1.0",
    "1.18.2-recommended": "40.3.0",
    "1.18.2-latest": "40.3.12",
    "1.19-latest": "41.1.0",
    "1.19-recommended": "41.1.0",
    "1.19.1-latest": "42.0.9",
    "1.19.2-recommended": "43.5.0",
    "1.19.2-latest": "43.5.2",
    "1.19.3-latest": "44.1.23",
    "1.19.3-recommended": "44.1.0",
    "1.19.4-recommended": "45.4.0",
    "1.19.4-latest": "45.4.5",
    "1.20-latest": "46.0.14",
    "1.20.1-recommended": "47.4.10",
    "1.20.1-latest": "47.4.23",
    "1.20.2-latest": "48.1.0",
    "1.20.2-recommended": "48.1.0",
    "1.20.3-latest": "49.0.2",
    "1.20.4-latest": "49.2.8",
    "1.20.4-recommended": "49.2.0",
    "1.20.6-latest": "50.2.10",
    "1.20.6-recommended": "50.2.0",
    "1.21-latest": "51.0.33",
    "1.21.1-latest": "52.1.16",
    "1.21.1-recommended": "52.1.0",
    "1.21.3-latest": "53.1.12",
    "1.21.3-recommended": "53.1.0",
    "1.21.4-latest": "54.1.18",
    "1.21.4-recommended": "54.1.14",
    "1.21.5-latest": "55.1.14",
    "1.21.5-recommended": "55.1.0",
    "1.21.6-latest": "56.0.9",
    "1.21.7-latest": "57.0.3",
    "1.21.8-latest": "58.1.22",
    "1.21.8-recommended": "58.1.0",
    "1.21.9-latest": "59.0.5",
    "1.21.10-latest": "60.1.15",
    "1.21.10-recommended": "60.1.0",
    "1.21.11-latest": "61.2.1",
    "1.21.11-recommended": "61.2.0",
    "26.1-latest": "62.0.9",
    "26.1.1-latest": "63.0.2",
    "26.1.2-latest": "64.1.3",
    "26.1.2-recommended": "64.1.0",
    "26.2-latest": "65.1.3",
    "26.2-recommended": "65.1.0",
    "26.3-latest": "66.0.8"
  }
}
[30Sep2026 19:51:12.523] [Forge Version Check/INFO] [net.minecraftforge.fml.VersionChecker/]: [forge] Found status: UP_TO_DATE Current: 47.4.10 Target: null
[30Sep2026 19:51:12.634] [main/DEBUG] [net.minecraftforge.fml.DeferredWorkQueue/LOADING]: Dispatching synchronous work for work queue COMMON_SETUP: 29 jobs
[30Sep2026 19:51:12.888] [main/DEBUG] [mixin/]: Mixing accessor.CriteriaTriggersAccessor from cataclysm.mixins.json into net.minecraft.advancements.CriteriaTriggers
[30Sep2026 19:51:12.888] [main/DEBUG] [mixin/]: Renaming @Accessor method getValues()Ljava/util/Map; to getValues_$md$cf8e3f$0 in cataclysm.mixins.json:accessor.CriteriaTriggersAccessor
[30Sep2026 19:51:12.921] [main/DEBUG] [net.minecraftforge.fml.DeferredWorkQueue/LOADING]: Synchronous work queue completed in 286.8 ms
[30Sep2026 19:51:12.929] [modloading-worker-0/INFO] [io.redspace.ironsspellbooks.IronsSpellbooks/]: Got IMC []
[30Sep2026 19:51:12.936] [main/DEBUG] [net.minecraftforge.fml.DeferredWorkQueue/LOADING]: Dispatching synchronous work for work queue COMPLETE: 2 jobs
[30Sep2026 19:51:12.938] [main/DEBUG] [net.minecraftforge.fml.DeferredWorkQueue/LOADING]: Synchronous work queue completed in 1.994 ms
[30Sep2026 19:51:13.815] [main/INFO] [epicfight/]: Data keys [invincible:left, invincible:parry_timer, invincible:dodge_success_timer, invincible:up, invincible:right, invincible:down, invincible:cooldown] for invincible:combo_demo
[30Sep2026 19:51:13.815] [main/INFO] [epicfight/]: Data keys [invincible:left, invincible:parry_timer, invincible:dodge_success_timer, invincible:up, invincible:right, invincible:down, invincible:cooldown] for wo_traveloptics:infernal_volcano
[30Sep2026 19:51:13.815] [main/INFO] [epicfight/]: Data keys [invincible:left, invincible:parry_timer, invincible:dodge_success_timer, invincible:up, invincible:right, invincible:down, invincible:cooldown] for wo_traveloptics:sharpshooter
[30Sep2026 19:51:13.815] [main/INFO] [epicfight/]: Data keys [invincible:left, invincible:parry_timer, invincible:dodge_success_timer, invincible:up, invincible:right, invincible:down, invincible:cooldown] for wo_traveloptics:sandstorm_awaken
[30Sep2026 19:51:13.815] [main/INFO] [epicfight/]: Data keys [invincible:left, invincible:parry_timer, invincible:dodge_success_timer, invincible:up, invincible:right, invincible:down, invincible:cooldown] for wo_traveloptics:reaper_of_outer_realm
[30Sep2026 19:51:13.816] [main/INFO] [epicfight/]: Data keys [invincible:left, invincible:parry_timer, invincible:dodge_success_timer, invincible:up, invincible:right, invincible:down, invincible:cooldown] for wo_traveloptics:nightfall
[30Sep2026 19:51:13.816] [main/INFO] [epicfight/]: Data keys [invincible:left, invincible:parry_timer, invincible:dodge_success_timer, invincible:up, invincible:right, invincible:down, invincible:cooldown] for wo_traveloptics:natural_rising
[30Sep2026 19:51:13.816] [main/INFO] [epicfight/]: Data keys [invincible:left, invincible:parry_timer, invincible:dodge_success_timer, invincible:up, invincible:right, invincible:down, invincible:cooldown] for wo_traveloptics:magnetronix
[30Sep2026 19:51:13.816] [main/INFO] [epicfight/]: Data keys [invincible:left, invincible:parry_timer, invincible:dodge_success_timer, invincible:up, invincible:right, invincible:down, invincible:cooldown] for wo_traveloptics:extinction_showdown
[30Sep2026 19:51:13.816] [main/INFO] [epicfight/]: Data keys [invincible:left, invincible:parry_timer, invincible:dodge_success_timer, invincible:up, invincible:right, invincible:down, invincible:cooldown] for wo_traveloptics:electric_sands
[30Sep2026 19:51:13.816] [main/INFO] [epicfight/]: Data keys [invincible:left, invincible:parry_timer, invincible:dodge_success_timer, invincible:up, invincible:right, invincible:down, invincible:cooldown] for wo_traveloptics:core_of_infernal
[30Sep2026 19:51:13.816] [main/INFO] [epicfight/]: Data keys [invincible:left, invincible:parry_timer, invincible:dodge_success_timer, invincible:up, invincible:right, invincible:down, invincible:cooldown] for wo_traveloptics:aqua_the_eternal_lightning
[30Sep2026 19:51:13.816] [main/INFO] [epicfight/]: Data keys [cdmoveset:target_id] for cdmoveset:ex_yamato_step
[30Sep2026 19:51:13.816] [main/INFO] [epicfight/]: Data keys [cdmoveset:timer, cdmoveset:damage, cdmoveset:wolf_passive] for cdmoveset:bloodwolf
[30Sep2026 19:51:13.816] [main/INFO] [epicfight/]: Data keys [cdmoveset:yamato_attack_active, cdmoveset:yamato_attack, cdmoveset:damages, cdmoveset:counter_success, cdmoveset:yamato_power3_active] for cdmoveset:yamatoskill
[30Sep2026 19:51:13.816] [main/INFO] [epicfight/]: Data keys [cdmoveset:rush_combo] for cdmoveset:blade_rush
[30Sep2026 19:51:13.816] [main/INFO] [epicfight/]: Data keys [cdmoveset:yamato_power3_active] for cdmoveset:yamato_passive
[30Sep2026 19:51:13.816] [main/INFO] [epicfight/]: Data keys [cdmoveset:count, cdmoveset:dodge_played, cdmoveset:reset_timer, cdmoveset:direction] for cdmoveset:wolf_dodge
[30Sep2026 19:51:13.816] [main/INFO] [epicfight/]: Data keys [epicfight:basic_attack_active, epicfight:combo_counter] for epicfight:basic_attack
[30Sep2026 19:51:13.816] [main/INFO] [epicfight/]: Data keys [epicfight:penalty_restore_counter, epicfight:penalty] for epicfight:guard
[30Sep2026 19:51:13.816] [main/INFO] [epicfight/]: Data keys [epicfight:parry_motion_counter, epicfight:penalty_restore_counter, epicfight:penalty, epicfight:last_active] for epicfight:parrying
[30Sep2026 19:51:13.816] [main/INFO] [epicfight/]: Data keys [epicfight:penalty_restore_counter, epicfight:penalty] for epicfight:impact_guard
[30Sep2026 19:51:13.816] [main/INFO] [epicfight/]: Data keys [epicfight:stacks, epicfight:tick_record, epicfight:resisting_damage_type] for epicfight:adaptive_skin
[30Sep2026 19:51:13.817] [main/INFO] [epicfight/]: Data keys [epicfight:tick_record] for epicfight:adrenaline_fiend
[30Sep2026 19:51:13.817] [main/INFO] [epicfight/]: Data keys [epicfight:stacks, epicfight:entity_id] for epicfight:bonebreaker
[30Sep2026 19:51:13.817] [main/INFO] [epicfight/]: Data keys [epicfight:tick_record, epicfight:entity_id] for epicfight:vengeance
[30Sep2026 19:51:13.817] [main/INFO] [epicfight/]: Data keys [epicfight:fall_distance, epicfight:slam_protect_next_fall] for epicfight:meteor_slam
[30Sep2026 19:51:13.817] [main/INFO] [epicfight/]: Data keys [epicfight:stacks] for epicfight:revelation
[30Sep2026 19:51:13.817] [main/INFO] [epicfight/]: Data keys [epicfight:slam_protect_next_fall] for epicfight:demolition_leap
[30Sep2026 19:51:13.817] [main/INFO] [epicfight/]: Data keys [epicfight:jump_count, epicfight:slam_protect_next_fall, epicfight:jump_key_pressed_last_tick] for epicfight:phantom_ascent
[30Sep2026 19:51:13.817] [main/INFO] [epicfight/]: Data keys [cdmoveset:rush_end, epicfight:last_hit_count] for epicfight:grasping_spire
[30Sep2026 19:51:13.817] [main/INFO] [epicfight/]: Data keys [epicfight:sheath] for epicfight:battojutsu_passive
[30Sep2026 19:51:13.817] [main/INFO] [epicfight/]: Data keys [epicfight:sheath] for epicfight:battojutsu
[30Sep2026 19:51:13.817] [main/INFO] [epicfight/]: Data keys [epicfight:combo_counter] for epicfight:blade_rush
[30Sep2026 19:51:13.817] [main/INFO] [epicfight/]: Data keys [epicfight:thrown_trident_entity_id] for epicfight:everlasting_allegiance
[30Sep2026 19:51:13.817] [main/INFO] [epicfight/]: Data keys [wom:target_id] for wom:ender_obscuris
[30Sep2026 19:51:13.817] [main/INFO] [epicfight/]: Data keys [wom:dodge, wom:timer, wom:timer_refresh] for wom:dodge_master
[30Sep2026 19:51:13.817] [main/INFO] [epicfight/]: Data keys [wom:active, wom:dodge, wom:cooldown, wom:timer, wom:registered_health, wom:timer_refresh, wom:registered_position] for wom:time_travel
[30Sep2026 19:51:13.817] [main/INFO] [epicfight/]: Data keys [wom:cooldown] for wom:punishment_kick
[30Sep2026 19:51:13.817] [main/INFO] [epicfight/]: Data keys [wom:parrying, wom:consumprion_value, epicfight:penalty_restore_counter, wom:last_active, epicfight:penalty, wom:holding_rmb] for wom:counter_attack
[30Sep2026 19:51:13.817] [main/INFO] [epicfight/]: Data keys [wom:consumprion_value, epicfight:penalty_restore_counter, epicfight:penalty, wom:cooldown, wom:timer, wom:vengence_duration, wom:holding_stance, wom:charge, wom:timer_refresh] for wom:vengeful_parry
[30Sep2026 19:51:13.817] [main/INFO] [epicfight/]: Data keys [wom:parrying, epicfight:penalty_restore_counter, epicfight:penalty, wom:cooldown, wom:holding_rmb, wom:charge] for wom:perfect_bulwark
[30Sep2026 19:51:13.817] [main/INFO] [epicfight/]: Data keys [wom:cycle, wom:charge] for wom:soul_protection
[30Sep2026 19:51:13.817] [main/INFO] [epicfight/]: Data keys [wom:cycle, wom:charge] for wom:shulker_cloak
[30Sep2026 19:51:13.817] [main/INFO] [epicfight/]: Data keys [epicfight:penalty_restore_counter, wom:active, epicfight:penalty, wom:holding_rmb, wom:timer] for wom:buster_parade
[30Sep2026 19:51:13.817] [main/INFO] [epicfight/]: Data keys [wom:duree, wom:active, wom:timer, wom:timer_refresh] for wom:pain_anticipation
[30Sep2026 19:51:13.817] [main/INFO] [epicfight/]: Data keys [wom:duree, wom:active, wom:timer, wom:timer_refresh] for wom:latent_retribution
[30Sep2026 19:51:13.817] [main/INFO] [epicfight/]: Data keys [wom:rate, wom:power] for wom:critical_knowledge
[30Sep2026 19:51:13.817] [main/INFO] [epicfight/]: Data keys [wom:recovery_rate, wom:cooldown, wom:max_shield] for wom:heart_shield
[30Sep2026 19:51:13.817] [main/INFO] [epicfight/]: Data keys [wom:step, wom:melody_index, wom:saved_elapsed_time] for wom:dancing_blade
[30Sep2026 19:51:13.817] [main/INFO] [epicfight/]: Data keys [wom:duree, wom:active, wom:stage, wom:cycle, wom:timer, wom:timer_refresh] for wom:meditation
[30Sep2026 19:51:13.817] [main/INFO] [epicfight/]: Data keys [wom:cooldown] for wom:dopamine
[30Sep2026 19:51:13.817] [main/INFO] [epicfight/]: Data keys [wom:last_active] for wom:manipulator
[30Sep2026 19:51:13.817] [main/INFO] [epicfight/]: Data keys [wom:stack, wom:rate, wom:timer, wom:power] for wom:lethal_focus
[30Sep2026 19:51:13.817] [main/INFO] [epicfight/]: Data keys [wom:wall_glide, wom:wall_running, wom:jump_key_up, wom:timer, wom:angle, wom:timer_refresh] for wom:spider_techniques
[30Sep2026 19:51:13.817] [main/INFO] [epicfight/]: Data keys [wom:consumprion_value, wom:diving, wom:water_dashing, wom:mermaid_movement, wom:jump_key_up, wom:cooldown, wom:crawling] for wom:aqua_maneuvre
[30Sep2026 19:51:13.817] [main/INFO] [epicfight/]: Data keys [wom:consumprion_value, wom:wall_glide, wom:active, wom:stage, wom:wall_running, wom:buffing, wom:timer, wom:verso] for wom:natural_sprinter
[30Sep2026 19:51:13.817] [main/INFO] [epicfight/]: Data keys [wom:timer] for wom:lunatic_vivacity
[30Sep2026 19:51:13.817] [main/INFO] [epicfight/]: Data keys [wom:consumprion_value, wom:holding_rmb, wom:timer, wom:registered_health] for wom:voodoo_magic
[30Sep2026 19:51:13.817] [main/INFO] [epicfight/]: Data keys [wom:target_distance, wom:target_id] for wom:back_and_forth
[30Sep2026 19:51:13.818] [main/INFO] [epicfight/]: Data keys [wom:cooldown, wom:combo] for wom:shooting_style
[30Sep2026 19:51:13.818] [main/INFO] [epicfight/]: Data keys [wom:active, wom:timer] for wom:proximity_exploiter
[30Sep2026 19:51:13.818] [main/INFO] [epicfight/]: Data keys [wom:stack, wom:timer] for wom:all_eyes_on_you
[30Sep2026 19:51:13.818] [main/INFO] [epicfight/]: Data keys [wom:stack, wom:timer] for wom:all_eyes_on_me
[30Sep2026 19:51:13.818] [main/INFO] [epicfight/]: Data keys [wom:cooldown, wom:timer] for wom:avatar_of_might
[30Sep2026 19:51:13.818] [main/INFO] [epicfight/]: Data keys [wom:active, wom:attacks, wom:stack] for wom:agony_plunge
[30Sep2026 19:51:13.818] [main/INFO] [epicfight/]: Data keys [wom:active, wom:charged_attack, wom:movespeed, wom:holding_rmb, wom:charging, wom:timer, wom:charging_time, wom:timer_refresh, wom:saved_charge, wom:charged] for wom:torment_passive
[30Sep2026 19:51:13.818] [main/INFO] [epicfight/]: Data keys [wom:active, wom:timer, wom:timer_refresh] for wom:true_berserk
[30Sep2026 19:51:13.818] [main/INFO] [epicfight/]: Data keys [wom:stack] for wom:herrscher_passive
[30Sep2026 19:51:13.818] [main/INFO] [epicfight/]: Data keys [wom:strenght, wom:buffing, wom:timer, wom:buffed, wom:expiation, wom:verso, wom:redemptioon, wom:timer_refresh] for wom:plunder_perdition
[30Sep2026 19:51:13.818] [main/INFO] [epicfight/]: Data keys [wom:sheath] for wom:satsujin_passive
[30Sep2026 19:51:13.818] [main/INFO] [epicfight/]: Data keys [wom:damage, wom:active, wom:charging, wom:timer, wom:timedslash, wom:saved_charge, wom:attacks, wom:stack, wom:frequency, wom:cooldown, wom:holding_rmb, wom:second_draw, wom:holding_stance, wom:charge, wom:timer_refresh] for wom:sakura_state
[30Sep2026 19:51:13.818] [main/INFO] [epicfight/]: Data keys [wom:nofalldamage, wom:zoom, wom:using_item, wom:zoom_cooldown, wom:cooldown, wom:holding_rmb, wom:shoot, wom:combo, wom:reload_cooldown] for wom:ender_blast
[30Sep2026 19:51:13.818] [main/INFO] [epicfight/]: Data keys [wom:nofalldamage, wom:zoom, wom:side, wom:using_item, wom:zoom_cooldown, wom:cooldown, wom:holding_rmb, wom:shoot, wom:combo, wom:reload_cooldown] for wom:ender_fusion
[30Sep2026 19:51:13.818] [main/INFO] [epicfight/]: Data keys [wom:parrying, wom:guard_point_result, wom:guard_point, wom:cooldown, wom:holding_rmb, wom:combo, wom:holding_stance, wom:gesetz_sprengkopf, wom:charging_time, wom:charged] for wom:regierung
[30Sep2026 19:51:13.818] [main/INFO] [epicfight/]: Data keys [wom:crescent, wom:timer, wom:echo, wom:lunar_eclipse_stack, wom:timer_refresh] for wom:lunar_eclipse
[30Sep2026 19:51:13.818] [main/INFO] [epicfight/]: Data keys [wom:idle, wom:verso] for wom:lunar_echo_passive
[30Sep2026 19:51:13.818] [main/INFO] [epicfight/]: Data keys [wom:ascending, wom:darkness_target_vec, wom:active, wom:blackhole, wom:zoom_cooldown, wom:darkness_target, wom:timer, wom:darkness_target_hited, wom:darkness_portal_timer, wom:zoom, wom:blackhole_timer, wom:darkness_portal_vec, wom:holding_rmb, wom:shoot, wom:darkness_target_reaped, wom:darkness_portal_angle, wom:blackhole_active, wom:timer_refresh, wom:serius_focus, wom:witheraftereffect, wom:witherccatharsis, wom:serius_focus_cooldown, wom:shoot_cooldown, wom:blackhole_vec, wom:darkness_activate_portal] for wom:demonic_ascension
[30Sep2026 19:51:13.818] [main/INFO] [epicfight/]: Data keys [wom:withercurse, wom:idle, wom:catharsis, wom:particle, wom:basic_attack, wom:lapse, wom:blink] for wom:demon_mark_passive
[30Sep2026 19:51:13.818] [main/INFO] [epicfight/]: Data keys [wom:cycle, wom:charging, wom:timer, wom:stored_heat_level, wom:solar_crematorio, wom:heat_level, wom:solar_obscuridad, wom:heating_speed, wom:solar_infernio, wom:timed_attack, wom:holding_rmb, wom:charge, wom:particle, wom:timer_refresh, wom:solar_obscuridad_ta_timer] for wom:solar_arcano
[30Sep2026 19:51:13.818] [main/INFO] [epicfight/]: Data keys [wom:cycle, wom:charging, wom:timer, wom:stored_heat_level, wom:solar_crematorio, wom:heat_level, wom:solar_obscuridad, wom:heating_speed, wom:solar_infernio, wom:timed_attack, wom:charge, wom:particle, wom:timer_refresh, wom:solar_obscuridad_ta_timer] for wom:solar_passive
[30Sep2026 19:51:13.818] [main/INFO] [epicfight/]: Data keys [wom:serius_focus, wom:serius_focus_cooldown] for wom:rechargement
[30Sep2026 19:51:13.818] [main/INFO] [epicfight/]: Data keys [wom:super_reload, wom:active, wom:shell_delay, wom:shell_anim, wom:cycle, wom:bullet_loaded, wom:charge, wom:bullet_loaded_old, wom:bullet_overloaded, wom:charged, wom:shell_number] for wom:napoleon_passive
[30Sep2026 19:51:13.818] [main/INFO] [epicfight/]: Data keys [wom:stack, wom:timer] for wom:unbreakable
[30Sep2026 19:51:13.839] [main/INFO] [com.mojang.authlib.yggdrasil.YggdrasilAuthenticationService/]: Environment: authHost='https://authserver.mojang.com', accountsHost='https://api.mojang.com', sessionHost='https://sessionserver.mojang.com', servicesHost='https://api.minecraftservices.com', name='PROD'
[30Sep2026 19:51:13.868] [main/DEBUG] [mixin/]: Mixing v1_19_4_forge.NbtAccounterMixin from packetfixer.v1_19_4.forge.mixins.json into net.minecraft.nbt.NbtAccounter
[30Sep2026 19:51:14.556] [main/INFO] [epicfight/]: Data keys [invincible:left, invincible:parry_timer, invincible:dodge_success_timer, invincible:up, invincible:right, invincible:down, invincible:cooldown] for invincible:combo_demo
[30Sep2026 19:51:14.556] [main/INFO] [epicfight/]: Data keys [invincible:left, invincible:parry_timer, invincible:dodge_success_timer, invincible:up, invincible:right, invincible:down, invincible:cooldown] for wo_traveloptics:infernal_volcano
[30Sep2026 19:51:14.556] [main/INFO] [epicfight/]: Data keys [invincible:left, invincible:parry_timer, invincible:dodge_success_timer, invincible:up, invincible:right, invincible:down, invincible:cooldown] for wo_traveloptics:sharpshooter
[30Sep2026 19:51:14.559] [main/INFO] [epicfight/]: Data keys [invincible:left, invincible:parry_timer, invincible:dodge_success_timer, invincible:up, invincible:right, invincible:down, invincible:cooldown] for wo_traveloptics:sandstorm_awaken
[30Sep2026 19:51:14.559] [main/INFO] [epicfight/]: Data keys [invincible:left, invincible:parry_timer, invincible:dodge_success_timer, invincible:up, invincible:right, invincible:down, invincible:cooldown] for wo_traveloptics:reaper_of_outer_realm
[30Sep2026 19:51:14.559] [main/INFO] [epicfight/]: Data keys [invincible:left, invincible:parry_timer, invincible:dodge_success_timer, invincible:up, invincible:right, invincible:down, invincible:cooldown] for wo_traveloptics:nightfall
[30Sep2026 19:51:14.559] [main/INFO] [epicfight/]: Data keys [invincible:left, invincible:parry_timer, invincible:dodge_success_timer, invincible:up, invincible:right, invincible:down, invincible:cooldown] for wo_traveloptics:natural_rising
[30Sep2026 19:51:14.559] [main/INFO] [epicfight/]: Data keys [invincible:left, invincible:parry_timer, invincible:dodge_success_timer, invincible:up, invincible:right, invincible:down, invincible:cooldown] for wo_traveloptics:magnetronix
[30Sep2026 19:51:14.559] [main/INFO] [epicfight/]: Data keys [invincible:left, invincible:parry_timer, invincible:dodge_success_timer, invincible:up, invincible:right, invincible:down, invincible:cooldown] for wo_traveloptics:extinction_showdown
[30Sep2026 19:51:14.559] [main/INFO] [epicfight/]: Data keys [invincible:left, invincible:parry_timer, invincible:dodge_success_timer, invincible:up, invincible:right, invincible:down, invincible:cooldown] for wo_traveloptics:electric_sands
[30Sep2026 19:51:14.559] [main/INFO] [epicfight/]: Data keys [invincible:left, invincible:parry_timer, invincible:dodge_success_timer, invincible:up, invincible:right, invincible:down, invincible:cooldown] for wo_traveloptics:core_of_infernal
[30Sep2026 19:51:14.559] [main/INFO] [epicfight/]: Data keys [invincible:left, invincible:parry_timer, invincible:dodge_success_timer, invincible:up, invincible:right, invincible:down, invincible:cooldown] for wo_traveloptics:aqua_the_eternal_lightning
[30Sep2026 19:51:14.559] [main/INFO] [epicfight/]: Data keys [cdmoveset:target_id] for cdmoveset:ex_yamato_step
[30Sep2026 19:51:14.559] [main/INFO] [epicfight/]: Data keys [cdmoveset:timer, cdmoveset:damage, cdmoveset:wolf_passive] for cdmoveset:bloodwolf
[30Sep2026 19:51:14.559] [main/INFO] [epicfight/]: Data keys [cdmoveset:yamato_attack_active, cdmoveset:yamato_attack, cdmoveset:damages, cdmoveset:counter_success, cdmoveset:yamato_power3_active] for cdmoveset:yamatoskill
[30Sep2026 19:51:14.559] [main/INFO] [epicfight/]: Data keys [cdmoveset:rush_combo] for cdmoveset:blade_rush
[30Sep2026 19:51:14.559] [main/INFO] [epicfight/]: Data keys [cdmoveset:yamato_power3_active] for cdmoveset:yamato_passive
[30Sep2026 19:51:14.559] [main/INFO] [epicfight/]: Data keys [cdmoveset:count, cdmoveset:dodge_played, cdmoveset:reset_timer, cdmoveset:direction] for cdmoveset:wolf_dodge
[30Sep2026 19:51:14.559] [main/INFO] [epicfight/]: Data keys [epicfight:basic_attack_active, epicfight:combo_counter] for epicfight:basic_attack
[30Sep2026 19:51:14.559] [main/INFO] [epicfight/]: Data keys [epicfight:penalty_restore_counter, epicfight:penalty] for epicfight:guard
[30Sep2026 19:51:14.559] [main/INFO] [epicfight/]: Data keys [epicfight:parry_motion_counter, epicfight:penalty_restore_counter, epicfight:penalty, epicfight:last_active] for epicfight:parrying
[30Sep2026 19:51:14.559] [main/INFO] [epicfight/]: Data keys [epicfight:penalty_restore_counter, epicfight:penalty] for epicfight:impact_guard
[30Sep2026 19:51:14.559] [main/INFO] [epicfight/]: Data keys [epicfight:stacks, epicfight:tick_record, epicfight:resisting_damage_type] for epicfight:adaptive_skin
[30Sep2026 19:51:14.559] [main/INFO] [epicfight/]: Data keys [epicfight:tick_record] for epicfight:adrenaline_fiend
[30Sep2026 19:51:14.559] [main/INFO] [epicfight/]: Data keys [epicfight:stacks, epicfight:entity_id] for epicfight:bonebreaker
[30Sep2026 19:51:14.560] [main/INFO] [epicfight/]: Data keys [epicfight:tick_record, epicfight:entity_id] for epicfight:vengeance
[30Sep2026 19:51:14.560] [main/INFO] [epicfight/]: Data keys [epicfight:fall_distance, epicfight:slam_protect_next_fall] for epicfight:meteor_slam
[30Sep2026 19:51:14.560] [main/INFO] [epicfight/]: Data keys [epicfight:stacks] for epicfight:revelation
[30Sep2026 19:51:14.560] [main/INFO] [epicfight/]: Data keys [epicfight:slam_protect_next_fall] for epicfight:demolition_leap
[30Sep2026 19:51:14.560] [main/INFO] [epicfight/]: Data keys [epicfight:jump_count, epicfight:slam_protect_next_fall, epicfight:jump_key_pressed_last_tick] for epicfight:phantom_ascent
[30Sep2026 19:51:14.560] [main/INFO] [epicfight/]: Data keys [cdmoveset:rush_end, epicfight:last_hit_count] for epicfight:grasping_spire
[30Sep2026 19:51:14.560] [main/INFO] [epicfight/]: Data keys [epicfight:sheath] for epicfight:battojutsu_passive
[30Sep2026 19:51:14.560] [main/INFO] [epicfight/]: Data keys [epicfight:sheath] for epicfight:battojutsu
[30Sep2026 19:51:14.560] [main/INFO] [epicfight/]: Data keys [epicfight:combo_counter] for epicfight:blade_rush
[30Sep2026 19:51:14.560] [main/INFO] [epicfight/]: Data keys [epicfight:thrown_trident_entity_id] for epicfight:everlasting_allegiance
[30Sep2026 19:51:14.560] [main/INFO] [epicfight/]: Data keys [wom:target_id] for wom:ender_obscuris
[30Sep2026 19:51:14.560] [main/INFO] [epicfight/]: Data keys [wom:dodge, wom:timer, wom:timer_refresh] for wom:dodge_master
[30Sep2026 19:51:14.560] [main/INFO] [epicfight/]: Data keys [wom:active, wom:dodge, wom:cooldown, wom:timer, wom:registered_health, wom:timer_refresh, wom:registered_position] for wom:time_travel
[30Sep2026 19:51:14.560] [main/INFO] [epicfight/]: Data keys [wom:cooldown] for wom:punishment_kick
[30Sep2026 19:51:14.560] [main/INFO] [epicfight/]: Data keys [wom:parrying, wom:consumprion_value, epicfight:penalty_restore_counter, wom:last_active, epicfight:penalty, wom:holding_rmb] for wom:counter_attack
[30Sep2026 19:51:14.560] [main/INFO] [epicfight/]: Data keys [wom:consumprion_value, epicfight:penalty_restore_counter, epicfight:penalty, wom:cooldown, wom:timer, wom:vengence_duration, wom:holding_stance, wom:charge, wom:timer_refresh] for wom:vengeful_parry
[30Sep2026 19:51:14.560] [main/INFO] [epicfight/]: Data keys [wom:parrying, epicfight:penalty_restore_counter, epicfight:penalty, wom:cooldown, wom:holding_rmb, wom:charge] for wom:perfect_bulwark
[30Sep2026 19:51:14.560] [main/INFO] [epicfight/]: Data keys [wom:cycle, wom:charge] for wom:soul_protection
[30Sep2026 19:51:14.560] [main/INFO] [epicfight/]: Data keys [wom:cycle, wom:charge] for wom:shulker_cloak
[30Sep2026 19:51:14.560] [main/INFO] [epicfight/]: Data keys [epicfight:penalty_restore_counter, wom:active, epicfight:penalty, wom:holding_rmb, wom:timer] for wom:buster_parade
[30Sep2026 19:51:14.560] [main/INFO] [epicfight/]: Data keys [wom:duree, wom:active, wom:timer, wom:timer_refresh] for wom:pain_anticipation
[30Sep2026 19:51:14.560] [main/INFO] [epicfight/]: Data keys [wom:duree, wom:active, wom:timer, wom:timer_refresh] for wom:latent_retribution
[30Sep2026 19:51:14.560] [main/INFO] [epicfight/]: Data keys [wom:rate, wom:power] for wom:critical_knowledge
[30Sep2026 19:51:14.560] [main/INFO] [epicfight/]: Data keys [wom:recovery_rate, wom:cooldown, wom:max_shield] for wom:heart_shield
[30Sep2026 19:51:14.560] [main/INFO] [epicfight/]: Data keys [wom:step, wom:melody_index, wom:saved_elapsed_time] for wom:dancing_blade
[30Sep2026 19:51:14.560] [main/INFO] [epicfight/]: Data keys [wom:duree, wom:active, wom:stage, wom:cycle, wom:timer, wom:timer_refresh] for wom:meditation
[30Sep2026 19:51:14.560] [main/INFO] [epicfight/]: Data keys [wom:cooldown] for wom:dopamine
[30Sep2026 19:51:14.560] [main/INFO] [epicfight/]: Data keys [wom:last_active] for wom:manipulator
[30Sep2026 19:51:14.560] [main/INFO] [epicfight/]: Data keys [wom:stack, wom:rate, wom:timer, wom:power] for wom:lethal_focus
[30Sep2026 19:51:14.560] [main/INFO] [epicfight/]: Data keys [wom:wall_glide, wom:wall_running, wom:jump_key_up, wom:timer, wom:angle, wom:timer_refresh] for wom:spider_techniques
[30Sep2026 19:51:14.560] [main/INFO] [epicfight/]: Data keys [wom:consumprion_value, wom:diving, wom:water_dashing, wom:mermaid_movement, wom:jump_key_up, wom:cooldown, wom:crawling] for wom:aqua_maneuvre
[30Sep2026 19:51:14.560] [main/INFO] [epicfight/]: Data keys [wom:consumprion_value, wom:wall_glide, wom:active, wom:stage, wom:wall_running, wom:buffing, wom:timer, wom:verso] for wom:natural_sprinter
[30Sep2026 19:51:14.560] [main/INFO] [epicfight/]: Data keys [wom:timer] for wom:lunatic_vivacity
[30Sep2026 19:51:14.560] [main/INFO] [epicfight/]: Data keys [wom:consumprion_value, wom:holding_rmb, wom:timer, wom:registered_health] for wom:voodoo_magic
[30Sep2026 19:51:14.561] [main/INFO] [epicfight/]: Data keys [wom:target_distance, wom:target_id] for wom:back_and_forth
[30Sep2026 19:51:14.561] [main/INFO] [epicfight/]: Data keys [wom:cooldown, wom:combo] for wom:shooting_style
[30Sep2026 19:51:14.561] [main/INFO] [epicfight/]: Data keys [wom:active, wom:timer] for wom:proximity_exploiter
[30Sep2026 19:51:14.561] [main/INFO] [epicfight/]: Data keys [wom:stack, wom:timer] for wom:all_eyes_on_you
[30Sep2026 19:51:14.561] [main/INFO] [epicfight/]: Data keys [wom:stack, wom:timer] for wom:all_eyes_on_me
[30Sep2026 19:51:14.561] [main/INFO] [epicfight/]: Data keys [wom:cooldown, wom:timer] for wom:avatar_of_might
[30Sep2026 19:51:14.565] [main/INFO] [epicfight/]: Data keys [wom:active, wom:attacks, wom:stack] for wom:agony_plunge
[30Sep2026 19:51:14.566] [main/INFO] [epicfight/]: Data keys [wom:active, wom:charged_attack, wom:movespeed, wom:holding_rmb, wom:charging, wom:timer, wom:charging_time, wom:timer_refresh, wom:saved_charge, wom:charged] for wom:torment_passive
[30Sep2026 19:51:14.566] [main/INFO] [epicfight/]: Data keys [wom:active, wom:timer, wom:timer_refresh] for wom:true_berserk
[30Sep2026 19:51:14.566] [main/INFO] [epicfight/]: Data keys [wom:stack] for wom:herrscher_passive
[30Sep2026 19:51:14.566] [main/INFO] [epicfight/]: Data keys [wom:strenght, wom:buffing, wom:timer, wom:buffed, wom:expiation, wom:verso, wom:redemptioon, wom:timer_refresh] for wom:plunder_perdition
[30Sep2026 19:51:14.566] [main/INFO] [epicfight/]: Data keys [wom:sheath] for wom:satsujin_passive
[30Sep2026 19:51:14.566] [main/INFO] [epicfight/]: Data keys [wom:damage, wom:active, wom:charging, wom:timer, wom:timedslash, wom:saved_charge, wom:attacks, wom:stack, wom:frequency, wom:cooldown, wom:holding_rmb, wom:second_draw, wom:holding_stance, wom:charge, wom:timer_refresh] for wom:sakura_state
[30Sep2026 19:51:14.566] [main/INFO] [epicfight/]: Data keys [wom:nofalldamage, wom:zoom, wom:using_item, wom:zoom_cooldown, wom:cooldown, wom:holding_rmb, wom:shoot, wom:combo, wom:reload_cooldown] for wom:ender_blast
[30Sep2026 19:51:14.566] [main/INFO] [epicfight/]: Data keys [wom:nofalldamage, wom:zoom, wom:side, wom:using_item, wom:zoom_cooldown, wom:cooldown, wom:holding_rmb, wom:shoot, wom:combo, wom:reload_cooldown] for wom:ender_fusion
[30Sep2026 19:51:14.566] [main/INFO] [epicfight/]: Data keys [wom:parrying, wom:guard_point_result, wom:guard_point, wom:cooldown, wom:holding_rmb, wom:combo, wom:holding_stance, wom:gesetz_sprengkopf, wom:charging_time, wom:charged] for wom:regierung
[30Sep2026 19:51:14.566] [main/INFO] [epicfight/]: Data keys [wom:crescent, wom:timer, wom:echo, wom:lunar_eclipse_stack, wom:timer_refresh] for wom:lunar_eclipse
[30Sep2026 19:51:14.566] [main/INFO] [epicfight/]: Data keys [wom:idle, wom:verso] for wom:lunar_echo_passive
[30Sep2026 19:51:14.566] [main/INFO] [epicfight/]: Data keys [wom:ascending, wom:darkness_target_vec, wom:active, wom:blackhole, wom:zoom_cooldown, wom:darkness_target, wom:timer, wom:darkness_target_hited, wom:darkness_portal_timer, wom:zoom, wom:blackhole_timer, wom:darkness_portal_vec, wom:holding_rmb, wom:shoot, wom:darkness_target_reaped, wom:darkness_portal_angle, wom:blackhole_active, wom:timer_refresh, wom:serius_focus, wom:witheraftereffect, wom:witherccatharsis, wom:serius_focus_cooldown, wom:shoot_cooldown, wom:blackhole_vec, wom:darkness_activate_portal] for wom:demonic_ascension
[30Sep2026 19:51:14.566] [main/INFO] [epicfight/]: Data keys [wom:withercurse, wom:idle, wom:catharsis, wom:particle, wom:basic_attack, wom:lapse, wom:blink] for wom:demon_mark_passive
[30Sep2026 19:51:14.566] [main/INFO] [epicfight/]: Data keys [wom:cycle, wom:charging, wom:timer, wom:stored_heat_level, wom:solar_crematorio, wom:heat_level, wom:solar_obscuridad, wom:heating_speed, wom:solar_infernio, wom:timed_attack, wom:holding_rmb, wom:charge, wom:particle, wom:timer_refresh, wom:solar_obscuridad_ta_timer] for wom:solar_arcano
[30Sep2026 19:51:14.566] [main/INFO] [epicfight/]: Data keys [wom:cycle, wom:charging, wom:timer, wom:stored_heat_level, wom:solar_crematorio, wom:heat_level, wom:solar_obscuridad, wom:heating_speed, wom:solar_infernio, wom:timed_attack, wom:charge, wom:particle, wom:timer_refresh, wom:solar_obscuridad_ta_timer] for wom:solar_passive
[30Sep2026 19:51:14.566] [main/INFO] [epicfight/]: Data keys [wom:serius_focus, wom:serius_focus_cooldown] for wom:rechargement
[30Sep2026 19:51:14.566] [main/INFO] [epicfight/]: Data keys [wom:super_reload, wom:active, wom:shell_delay, wom:shell_anim, wom:cycle, wom:bullet_loaded, wom:charge, wom:bullet_loaded_old, wom:bullet_overloaded, wom:charged, wom:shell_number] for wom:napoleon_passive
[30Sep2026 19:51:14.566] [main/INFO] [epicfight/]: Data keys [wom:stack, wom:timer] for wom:unbreakable
[30Sep2026 19:51:14.609] [main/WARN] [net.minecraft.server.packs.VanillaPackResourcesBuilder/]: Assets URL 'union:/opt/minecraft/sa/libraries/net/minecraft/server/1.20.1-20230612.114412/server-1.20.1-20230612.114412-srg.jar%23147!/assets/.mcassetsroot' uses unexpected schema
[30Sep2026 19:51:14.609] [main/WARN] [net.minecraft.server.packs.VanillaPackResourcesBuilder/]: Assets URL 'union:/opt/minecraft/sa/libraries/net/minecraft/server/1.20.1-20230612.114412/server-1.20.1-20230612.114412-srg.jar%23147!/data/.mcassetsroot' uses unexpected schema
[30Sep2026 19:51:14.611] [main/DEBUG] [io.redspace.ironsspellbooks.IronsSpellbooks/]: addPackFinders
[30Sep2026 19:51:14.640] [main/DEBUG] [net.minecraftforge.server.ServerLifecycleHooks/CORE]: Generating PackInfo named mod:invincible for mod file /opt/minecraft/sa/mods/epic-fight-invincible-lib-20.14.8.2-mc1.20.1-forge.jar
[30Sep2026 19:51:14.640] [main/DEBUG] [net.minecraftforge.server.ServerLifecycleHooks/CORE]: Generating PackInfo named mod:playeranimator for mod file /opt/minecraft/sa/mods/player-animation-lib-forge-1.0.2-rc1+1.20.jar
[30Sep2026 19:51:14.640] [main/DEBUG] [net.minecraftforge.server.ServerLifecycleHooks/CORE]: Generating PackInfo named mod:irons_lib for mod file /opt/minecraft/sa/mods/irons_lib-1.20.1-2.2.0.jar
[30Sep2026 19:51:14.640] [main/DEBUG] [net.minecraftforge.server.ServerLifecycleHooks/CORE]: Generating PackInfo named mod:lionfishapi for mod file /opt/minecraft/sa/mods/lionfishapi-3.0.jar
[30Sep2026 19:51:14.640] [main/DEBUG] [net.minecraftforge.server.ServerLifecycleHooks/CORE]: Generating PackInfo named mod:traveloptics for mod file /opt/minecraft/sa/mods/traveloptics-6.3.0-1.20.1.jar
[30Sep2026 19:51:14.640] [main/DEBUG] [net.minecraftforge.server.ServerLifecycleHooks/CORE]: Generating PackInfo named mod:cataclysm for mod file /opt/minecraft/sa/mods/L_Enders_Cataclysm-3.31.jar
[30Sep2026 19:51:14.640] [main/DEBUG] [net.minecraftforge.server.ServerLifecycleHooks/CORE]: Generating PackInfo named mod:curios for mod file /opt/minecraft/sa/mods/curios-forge-5.14.1+1.20.1.jar
[30Sep2026 19:51:14.640] [main/DEBUG] [net.minecraftforge.server.ServerLifecycleHooks/CORE]: Generating PackInfo named mod:placebo for mod file /opt/minecraft/sa/mods/Placebo-1.20.1-8.6.3.jar
[30Sep2026 19:51:14.640] [main/DEBUG] [net.minecraftforge.server.ServerLifecycleHooks/CORE]: Generating PackInfo named mod:citadel for mod file /opt/minecraft/sa/mods/citadel-2.6.3-1.20.1.jar
[30Sep2026 19:51:14.640] [main/DEBUG] [net.minecraftforge.server.ServerLifecycleHooks/CORE]: Generating PackInfo named mod:alexscaves for mod file /opt/minecraft/sa/mods/alexscaves-2.0.2.jar
[30Sep2026 19:51:14.640] [main/DEBUG] [net.minecraftforge.server.ServerLifecycleHooks/CORE]: Generating PackInfo named mod:irons_spellbooks for mod file /opt/minecraft/sa/mods/irons_spellbooks-1.20.1-3.16.3.jar
[30Sep2026 19:51:14.640] [main/DEBUG] [net.minecraftforge.server.ServerLifecycleHooks/CORE]: Generating PackInfo named mod:cataclysm_magic_compat for mod file /opt/minecraft/sa/mods/cataclysm_traveloptics_compat_fix-1.4.jar.jar
[30Sep2026 19:51:14.640] [main/DEBUG] [net.minecraftforge.server.ServerLifecycleHooks/CORE]: Generating PackInfo named mod:attributeslib for mod file /opt/minecraft/sa/mods/ApothicAttributes-1.20.1-1.3.7.jar
[30Sep2026 19:51:14.640] [main/DEBUG] [net.minecraftforge.server.ServerLifecycleHooks/CORE]: Generating PackInfo named mod:saintsdragons for mod file /opt/minecraft/sa/mods/saintsdragons-0.9.85+forge-1.20.1.jar
[30Sep2026 19:51:14.640] [main/DEBUG] [net.minecraftforge.server.ServerLifecycleHooks/CORE]: Generating PackInfo named mod:geckolib for mod file /opt/minecraft/sa/mods/geckolib-forge-1.20.1-4.8.4.jar
[30Sep2026 19:51:14.640] [main/DEBUG] [net.minecraftforge.server.ServerLifecycleHooks/CORE]: Generating PackInfo named mod:pointblank for mod file /opt/minecraft/sa/mods/pointblank-forge-1.20.1-2.2.0.jar
[30Sep2026 19:51:14.641] [main/DEBUG] [net.minecraftforge.server.ServerLifecycleHooks/CORE]: Generating PackInfo named mod:wo_traveloptics for mod file /opt/minecraft/sa/mods/wo_traveloptics-1.3.1-forge-1.20.1.jar
[30Sep2026 19:51:14.641] [main/DEBUG] [net.minecraftforge.server.ServerLifecycleHooks/CORE]: Generating PackInfo named mod:forge for mod file /opt/minecraft/sa/libraries/net/minecraftforge/forge/1.20.1-47.4.10/forge-1.20.1-47.4.10-universal.jar
[30Sep2026 19:51:14.641] [main/DEBUG] [net.minecraftforge.server.ServerLifecycleHooks/CORE]: Generating PackInfo named mod:ricks_stuff for mod file /opt/minecraft/sa/mods/ricks_stuff-0.0.4.3.jar
[30Sep2026 19:51:14.641] [main/DEBUG] [net.minecraftforge.server.ServerLifecycleHooks/CORE]: Generating PackInfo named mod:packetfixer for mod file /opt/minecraft/sa/mods/packetfixer-3.3.2-1.18-1.20.4-merged.jar
[30Sep2026 19:51:14.641] [main/DEBUG] [net.minecraftforge.server.ServerLifecycleHooks/CORE]: Generating PackInfo named mod:cdmoveset for mod file /opt/minecraft/sa/mods/EpicFight-Resurrection-forge1.20.1-0.20.12.2.jar
[30Sep2026 19:51:14.641] [main/DEBUG] [net.minecraftforge.server.ServerLifecycleHooks/CORE]: Generating PackInfo named mod:epicfight for mod file /opt/minecraft/sa/mods/epic-fight-20.14.17-mc1.20.1-forge.jar
[30Sep2026 19:51:14.641] [main/DEBUG] [net.minecraftforge.server.ServerLifecycleHooks/CORE]: Generating PackInfo named mod:wom for mod file /opt/minecraft/sa/mods/WeaponsOfMiracles-2.0.171-mc1.20.1-forge.jar
[30Sep2026 19:51:14.641] [main/DEBUG] [net.minecraftforge.server.ServerLifecycleHooks/CORE]: Generating PackInfo named mod:dungeons_arise for mod file /opt/minecraft/sa/mods/DungeonsArise-1.20.x-2.1.58-release.jar
[30Sep2026 19:51:15.086] [main/DEBUG] [mixin/]: Mixing PrimaryLevelDataMixin from citadel.mixins.json into net.minecraft.world.level.storage.PrimaryLevelData
[30Sep2026 19:51:15.106] [main/DEBUG] [mixin/]: Mixing LootTablesMixin from placebo.mixins.json into net.minecraft.world.level.storage.loot.LootDataManager
[30Sep2026 19:51:15.106] [main/DEBUG] [mixin/]: Renaming synthetic method lambda$apply$0(Lnet/minecraft/world/level/storage/loot/LootDataId;Lnet/minecraft/world/level/storage/loot/LootTable;)V to mdcf8e3f$lambda$apply$0$0 in placebo.mixins.json:LootTablesMixin
[30Sep2026 19:51:15.201] [main/DEBUG] [net.minecraftforge.coremod.transformer.CoreModBaseTransformer/COREMOD]: Transforming net/minecraft/server/commands/SummonCommand
[30Sep2026 19:51:15.323] [main/DEBUG] [mixin/]: Mixing RecipeManagerMixin from ricks_stuff.mixins.json into net.minecraft.world.item.crafting.RecipeManager
[30Sep2026 19:51:15.323] [main/DEBUG] [mixin/]: ricks_stuff.mixins.json:RecipeManagerMixin: Class version 61 required is higher than the class version supported by the current version of Mixin (JAVA_8 supports class version 52)
[30Sep2026 19:51:15.565] [Worker-Main-2/DEBUG] [mixin/]: Mixing MixinNbtPredicate from curios.mixins.json into net.minecraft.advancements.critereon.NbtPredicate
[30Sep2026 19:51:15.583] [Worker-Main-2/DEBUG] [net.minecraftforge.coremod.transformer.CoreModBaseTransformer/COREMOD]: Transforming net/minecraft/world/entity/raid/Raid
[30Sep2026 19:51:15.632] [Worker-Main-2/DEBUG] [mixin/]: Mixing MapDecorationTypeMixin from alexscaves.mixins.json into net.minecraft.world.level.saveddata.maps.MapDecoration$Type
[30Sep2026 19:51:15.633] [Worker-Main-2/DEBUG] [mixin/]: Renaming @Invoker method ac_invokeInit(Ljava/lang/String;IZIZ)Lnet/minecraft/world/level/saveddata/maps/MapDecoration$Type; to ac_invokeInit_$md$cf8e3f$0 in alexscaves.mixins.json:MapDecorationTypeMixin
[30Sep2026 19:51:15.639] [Worker-Main-2/ERROR] [net.minecraftforge.common.ForgeHooks/]: Couldn't parse element loot_tables:irons_spellbooks:chests/catacombs/crypt_loot
com.google.gson.JsonSyntaxException: Missing name, expected to find a string
	at net.minecraft.util.GsonHelper.m_13906_(GsonHelper.java:127) ~[server-1.20.1-20230612.114412-srg.jar%23147!/:?]
	at net.minecraft.world.level.storage.loot.entries.LootTableReference$Serializer.m_7267_(LootTableReference.java:67) ~[server-1.20.1-20230612.114412-srg.jar%23147!/:?]
	at net.minecraft.world.level.storage.loot.entries.LootTableReference$Serializer.m_7267_(LootTableReference.java:58) ~[server-1.20.1-20230612.114412-srg.jar%23147!/:?]
	at net.minecraft.world.level.storage.loot.entries.LootPoolSingletonContainer$Serializer.m_5921_(LootPoolSingletonContainer.java:151) ~[server-1.20.1-20230612.114412-srg.jar%23147!/:?]
	at net.minecraft.world.level.storage.loot.entries.LootPoolSingletonContainer$Serializer.m_5921_(LootPoolSingletonContainer.java:129) ~[server-1.20.1-20230612.114412-srg.jar%23147!/:?]
	at net.minecraft.world.level.storage.loot.entries.LootPoolEntryContainer$Serializer.m_7561_(LootPoolEntryContainer.java:86) ~[server-1.20.1-20230612.114412-srg.jar%23147!/:?]
	at net.minecraft.world.level.storage.loot.entries.LootPoolEntryContainer$Serializer.m_7561_(LootPoolEntryContainer.java:74) ~[server-1.20.1-20230612.114412-srg.jar%23147!/:?]
	at net.minecraft.world.level.storage.loot.GsonAdapterFactory$JsonAdapter.deserialize(GsonAdapterFactory.java:102) ~[server-1.20.1-20230612.114412-srg.jar%23147!/:?]
	at com.google.gson.internal.bind.TreeTypeAdapter.read(TreeTypeAdapter.java:76) ~[gson-2.10.jar%2372!/:?]
	at com.google.gson.internal.bind.TypeAdapterRuntimeTypeWrapper.read(TypeAdapterRuntimeTypeWrapper.java:40) ~[gson-2.10.jar%2372!/:?]
	at com.google.gson.internal.bind.ArrayTypeAdapter.read(ArrayTypeAdapter.java:72) ~[gson-2.10.jar%2372!/:?]
	at com.google.gson.Gson.fromJson(Gson.java:1214) ~[gson-2.10.jar%2372!/:?]
	at com.google.gson.Gson.fromJson(Gson.java:1319) ~[gson-2.10.jar%2372!/:?]
	at com.google.gson.Gson.fromJson(Gson.java:1290) ~[gson-2.10.jar%2372!/:?]
	at com.google.gson.internal.bind.TreeTypeAdapter$GsonContextImpl.deserialize(TreeTypeAdapter.java:179) ~[gson-2.10.jar%2372!/:?]
	at net.minecraft.util.GsonHelper.m_13808_(GsonHelper.java:463) ~[server-1.20.1-20230612.114412-srg.jar%23147!/:?]
	at net.minecraft.util.GsonHelper.m_13836_(GsonHelper.java:471) ~[server-1.20.1-20230612.114412-srg.jar%23147!/:?]
	at net.minecraft.world.level.storage.loot.LootPool$Serializer.deserialize(LootPool.java:192) ~[server-1.20.1-20230612.114412-srg.jar%23147!/:?]
	at net.minecraft.world.level.storage.loot.LootPool$Serializer.deserialize(LootPool.java:189) ~[server-1.20.1-20230612.114412-srg.jar%23147!/:?]
	at com.google.gson.internal.bind.TreeTypeAdapter.read(TreeTypeAdapter.java:76) ~[gson-2.10.jar%2372!/:?]
	at com.google.gson.internal.bind.TypeAdapterRuntimeTypeWrapper.read(TypeAdapterRuntimeTypeWrapper.java:40) ~[gson-2.10.jar%2372!/:?]
	at com.google.gson.internal.bind.ArrayTypeAdapter.read(ArrayTypeAdapter.java:72) ~[gson-2.10.jar%2372!/:?]
	at com.google.gson.Gson.fromJson(Gson.java:1214) ~[gson-2.10.jar%2372!/:?]
	at com.google.gson.Gson.fromJson(Gson.java:1319) ~[gson-2.10.jar%2372!/:?]
	at com.google.gson.Gson.fromJson(Gson.java:1290) ~[gson-2.10.jar%2372!/:?]
	at com.google.gson.internal.bind.TreeTypeAdapter$GsonContextImpl.deserialize(TreeTypeAdapter.java:179) ~[gson-2.10.jar%2372!/:?]
	at net.minecraft.util.GsonHelper.m_13808_(GsonHelper.java:463) ~[server-1.20.1-20230612.114412-srg.jar%23147!/:?]
	at net.minecraft.util.GsonHelper.m_13845_(GsonHelper.java:481) ~[server-1.20.1-20230612.114412-srg.jar%23147!/:?]
	at net.minecraft.world.level.storage.loot.LootTable$Serializer.deserialize(LootTable.java:294) ~[server-1.20.1-20230612.114412-srg.jar%23147!/:?]
	at net.minecraft.world.level.storage.loot.LootTable$Serializer.deserialize(LootTable.java:291) ~[server-1.20.1-20230612.114412-srg.jar%23147!/:?]
	at com.google.gson.internal.bind.TreeTypeAdapter.read(TreeTypeAdapter.java:76) ~[gson-2.10.jar%2372!/:?]
	at com.google.gson.Gson.fromJson(Gson.java:1214) ~[gson-2.10.jar%2372!/:?]
	at com.google.gson.Gson.fromJson(Gson.java:1319) ~[gson-2.10.jar%2372!/:?]
	at com.google.gson.Gson.fromJson(Gson.java:1261) ~[gson-2.10.jar%2372!/:?]
	at net.minecraftforge.common.ForgeHooks.loadLootTable(ForgeHooks.java:872) ~[forge-1.20.1-47.4.10-universal.jar%23152!/:?]
	at net.minecraftforge.common.ForgeHooks.lambda$getLootTableDeserializer$3(ForgeHooks.java:849) ~[forge-1.20.1-47.4.10-universal.jar%23152!/:?]
	at net.minecraft.world.level.storage.loot.LootDataType.deserialize(LootDataType.java:45) ~[server-1.20.1-20230612.114412-srg.jar%23147!/:?]
	at net.minecraft.world.level.storage.loot.LootDataManager.lambda$scheduleElementParse$4(LootDataManager.java:56) ~[server-1.20.1-20230612.114412-srg.jar%23147!/:?]
	at java.util.HashMap.forEach(HashMap.java:1421) ~[?:?]
	at net.minecraft.world.level.storage.loot.LootDataManager.m_278660_(LootDataManager.java:55) ~[server-1.20.1-20230612.114412-srg.jar%23147!/:?]
	at java.util.concurrent.CompletableFuture$AsyncRun.run(CompletableFuture.java:1804) ~[?:?]
	at java.util.concurrent.CompletableFuture$AsyncRun.exec(CompletableFuture.java:1796) ~[?:?]
	at java.util.concurrent.ForkJoinTask.doExec(ForkJoinTask.java:373) ~[?:?]
	at java.util.concurrent.ForkJoinPool$WorkQueue.topLevelExec(ForkJoinPool.java:1182) ~[?:?]
	at java.util.concurrent.ForkJoinPool.scan(ForkJoinPool.java:1655) ~[?:?]
	at java.util.concurrent.ForkJoinPool.runWorker(ForkJoinPool.java:1622) ~[?:?]
	at java.util.concurrent.ForkJoinWorkerThread.run(ForkJoinWorkerThread.java:165) ~[?:?]
[30Sep2026 19:51:15.812] [Worker-Main-2/ERROR] [net.minecraftforge.common.ForgeHooks/]: Couldn't parse element loot_tables:traveloptics:chests/abyssal_ruins_additions
com.google.gson.JsonSyntaxException: Expected name to be an item, was unknown string 'traveloptics:augment_chaos_epic'
	at net.minecraft.util.GsonHelper.m_13866_(GsonHelper.java:145) ~[server-1.20.1-20230612.114412-srg.jar%23147!/:?]
	at java.util.Optional.orElseThrow(Optional.java:403) ~[?:?]
	at net.minecraft.util.GsonHelper.m_13874_(GsonHelper.java:145) ~[server-1.20.1-20230612.114412-srg.jar%23147!/:?]
	at net.minecraft.util.GsonHelper.m_13909_(GsonHelper.java:153) ~[server-1.20.1-20230612.114412-srg.jar%23147!/:?]
	at net.minecraft.world.level.storage.loot.entries.LootItem$Serializer.m_7267_(LootItem.java:55) ~[server-1.20.1-20230612.114412-srg.jar%23147!/:?]
	at net.minecraft.world.level.storage.loot.entries.LootItem$Serializer.m_7267_(LootItem.java:40) ~[server-1.20.1-20230612.114412-srg.jar%23147!/:?]
	at net.minecraft.world.level.storage.loot.entries.LootPoolSingletonContainer$Serializer.m_5921_(LootPoolSingletonContainer.java:151) ~[server-1.20.1-20230612.114412-srg.jar%23147!/:?]
	at net.minecraft.world.level.storage.loot.entries.LootPoolSingletonContainer$Serializer.m_5921_(LootPoolSingletonContainer.java:129) ~[server-1.20.1-20230612.114412-srg.jar%23147!/:?]
	at net.minecraft.world.level.storage.loot.entries.LootPoolEntryContainer$Serializer.m_7561_(LootPoolEntryContainer.java:86) ~[server-1.20.1-20230612.114412-srg.jar%23147!/:?]
	at net.minecraft.world.level.storage.loot.entries.LootPoolEntryContainer$Serializer.m_7561_(LootPoolEntryContainer.java:74) ~[server-1.20.1-20230612.114412-srg.jar%23147!/:?]
	at net.minecraft.world.level.storage.loot.GsonAdapterFactory$JsonAdapter.deserialize(GsonAdapterFactory.java:102) ~[server-1.20.1-20230612.114412-srg.jar%23147!/:?]
	at com.google.gson.internal.bind.TreeTypeAdapter.read(TreeTypeAdapter.java:76) ~[gson-2.10.jar%2372!/:?]
	at com.google.gson.internal.bind.TypeAdapterRuntimeTypeWrapper.read(TypeAdapterRuntimeTypeWrapper.java:40) ~[gson-2.10.jar%2372!/:?]
	at com.google.gson.internal.bind.ArrayTypeAdapter.read(ArrayTypeAdapter.java:72) ~[gson-2.10.jar%2372!/:?]
	at com.google.gson.Gson.fromJson(Gson.java:1214) ~[gson-2.10.jar%2372!/:?]
	at com.google.gson.Gson.fromJson(Gson.java:1319) ~[gson-2.10.jar%2372!/:?]
	at com.google.gson.Gson.fromJson(Gson.java:1290) ~[gson-2.10.jar%2372!/:?]
	at com.google.gson.internal.bind.TreeTypeAdapter$GsonContextImpl.deserialize(TreeTypeAdapter.java:179) ~[gson-2.10.jar%2372!/:?]
	at net.minecraft.util.GsonHelper.m_13808_(GsonHelper.java:463) ~[server-1.20.1-20230612.114412-srg.jar%23147!/:?]
	at net.minecraft.util.GsonHelper.m_13836_(GsonHelper.java:471) ~[server-1.20.1-20230612.114412-srg.jar%23147!/:?]
	at net.minecraft.world.level.storage.loot.LootPool$Serializer.deserialize(LootPool.java:192) ~[server-1.20.1-20230612.114412-srg.jar%23147!/:?]
	at net.minecraft.world.level.storage.loot.LootPool$Serializer.deserialize(LootPool.java:189) ~[server-1.20.1-20230612.114412-srg.jar%23147!/:?]
	at com.google.gson.internal.bind.TreeTypeAdapter.read(TreeTypeAdapter.java:76) ~[gson-2.10.jar%2372!/:?]
	at com.google.gson.internal.bind.TypeAdapterRuntimeTypeWrapper.read(TypeAdapterRuntimeTypeWrapper.java:40) ~[gson-2.10.jar%2372!/:?]
	at com.google.gson.internal.bind.ArrayTypeAdapter.read(ArrayTypeAdapter.java:72) ~[gson-2.10.jar%2372!/:?]
	at com.google.gson.Gson.fromJson(Gson.java:1214) ~[gson-2.10.jar%2372!/:?]
	at com.google.gson.Gson.fromJson(Gson.java:1319) ~[gson-2.10.jar%2372!/:?]
	at com.google.gson.Gson.fromJson(Gson.java:1290) ~[gson-2.10.jar%2372!/:?]
	at com.google.gson.internal.bind.TreeTypeAdapter$GsonContextImpl.deserialize(TreeTypeAdapter.java:179) ~[gson-2.10.jar%2372!/:?]
	at net.minecraft.util.GsonHelper.m_13808_(GsonHelper.java:463) ~[server-1.20.1-20230612.114412-srg.jar%23147!/:?]
	at net.minecraft.util.GsonHelper.m_13845_(GsonHelper.java:481) ~[server-1.20.1-20230612.114412-srg.jar%23147!/:?]
	at net.minecraft.world.level.storage.loot.LootTable$Serializer.deserialize(LootTable.java:294) ~[server-1.20.1-20230612.114412-srg.jar%23147!/:?]
	at net.minecraft.world.level.storage.loot.LootTable$Serializer.deserialize(LootTable.java:291) ~[server-1.20.1-20230612.114412-srg.jar%23147!/:?]
	at com.google.gson.internal.bind.TreeTypeAdapter.read(TreeTypeAdapter.java:76) ~[gson-2.10.jar%2372!/:?]
	at com.google.gson.Gson.fromJson(Gson.java:1214) ~[gson-2.10.jar%2372!/:?]
	at com.google.gson.Gson.fromJson(Gson.java:1319) ~[gson-2.10.jar%2372!/:?]
	at com.google.gson.Gson.fromJson(Gson.java:1261) ~[gson-2.10.jar%2372!/:?]
	at net.minecraftforge.common.ForgeHooks.loadLootTable(ForgeHooks.java:872) ~[forge-1.20.1-47.4.10-universal.jar%23152!/:?]
	at net.minecraftforge.common.ForgeHooks.lambda$getLootTableDeserializer$3(ForgeHooks.java:849) ~[forge-1.20.1-47.4.10-universal.jar%23152!/:?]
	at net.minecraft.world.level.storage.loot.LootDataType.deserialize(LootDataType.java:45) ~[server-1.20.1-20230612.114412-srg.jar%23147!/:?]
	at net.minecraft.world.level.storage.loot.LootDataManager.lambda$scheduleElementParse$4(LootDataManager.java:56) ~[server-1.20.1-20230612.114412-srg.jar%23147!/:?]
	at java.util.HashMap.forEach(HashMap.java:1421) ~[?:?]
	at net.minecraft.world.level.storage.loot.LootDataManager.m_278660_(LootDataManager.java:55) ~[server-1.20.1-20230612.114412-srg.jar%23147!/:?]
	at java.util.concurrent.CompletableFuture$AsyncRun.run(CompletableFuture.java:1804) ~[?:?]
	at java.util.concurrent.CompletableFuture$AsyncRun.exec(CompletableFuture.java:1796) ~[?:?]
	at java.util.concurrent.ForkJoinTask.doExec(ForkJoinTask.java:373) ~[?:?]
	at java.util.concurrent.ForkJoinPool$WorkQueue.topLevelExec(ForkJoinPool.java:1182) ~[?:?]
	at java.util.concurrent.ForkJoinPool.scan(ForkJoinPool.java:1655) ~[?:?]
	at java.util.concurrent.ForkJoinPool.runWorker(ForkJoinPool.java:1622) ~[?:?]
	at java.util.concurrent.ForkJoinWorkerThread.run(ForkJoinWorkerThread.java:165) ~[?:?]
[30Sep2026 19:51:15.816] [Worker-Main-2/ERROR] [net.minecraftforge.common.ForgeHooks/]: Couldn't parse element loot_tables:irons_spellbooks:chests/citadel/citadel_tomes
com.google.gson.JsonSyntaxException: Unknown type 'minecraft:set_written_book_pages'
	at net.minecraft.world.level.storage.loot.GsonAdapterFactory$JsonAdapter.deserialize(GsonAdapterFactory.java:99) ~[server-1.20.1-20230612.114412-srg.jar%23147!/:?]
	at com.google.gson.internal.bind.TreeTypeAdapter.read(TreeTypeAdapter.java:76) ~[gson-2.10.jar%2372!/:?]
	at com.google.gson.internal.bind.TypeAdapterRuntimeTypeWrapper.read(TypeAdapterRuntimeTypeWrapper.java:40) ~[gson-2.10.jar%2372!/:?]
	at com.google.gson.internal.bind.ArrayTypeAdapter.read(ArrayTypeAdapter.java:72) ~[gson-2.10.jar%2372!/:?]
	at com.google.gson.Gson.fromJson(Gson.java:1214) ~[gson-2.10.jar%2372!/:?]
	at com.google.gson.Gson.fromJson(Gson.java:1319) ~[gson-2.10.jar%2372!/:?]
	at com.google.gson.Gson.fromJson(Gson.java:1290) ~[gson-2.10.jar%2372!/:?]
	at com.google.gson.internal.bind.TreeTypeAdapter$GsonContextImpl.deserialize(TreeTypeAdapter.java:179) ~[gson-2.10.jar%2372!/:?]
	at net.minecraft.util.GsonHelper.m_13808_(GsonHelper.java:463) ~[server-1.20.1-20230612.114412-srg.jar%23147!/:?]
	at net.minecraft.util.GsonHelper.m_13845_(GsonHelper.java:481) ~[server-1.20.1-20230612.114412-srg.jar%23147!/:?]
	at net.minecraft.world.level.storage.loot.entries.LootPoolSingletonContainer$Serializer.m_5921_(LootPoolSingletonContainer.java:149) ~[server-1.20.1-20230612.114412-srg.jar%23147!/:?]
	at net.minecraft.world.level.storage.loot.entries.LootPoolSingletonContainer$Serializer.m_5921_(LootPoolSingletonContainer.java:129) ~[server-1.20.1-20230612.114412-srg.jar%23147!/:?]
	at net.minecraft.world.level.storage.loot.entries.LootPoolEntryContainer$Serializer.m_7561_(LootPoolEntryContainer.java:86) ~[server-1.20.1-20230612.114412-srg.jar%23147!/:?]
	at net.minecraft.world.level.storage.loot.entries.LootPoolEntryContainer$Serializer.m_7561_(LootPoolEntryContainer.java:74) ~[server-1.20.1-20230612.114412-srg.jar%23147!/:?]
	at net.minecraft.world.level.storage.loot.GsonAdapterFactory$JsonAdapter.deserialize(GsonAdapterFactory.java:102) ~[server-1.20.1-20230612.114412-srg.jar%23147!/:?]
	at com.google.gson.internal.bind.TreeTypeAdapter.read(TreeTypeAdapter.java:76) ~[gson-2.10.jar%2372!/:?]
	at com.google.gson.internal.bind.TypeAdapterRuntimeTypeWrapper.read(TypeAdapterRuntimeTypeWrapper.java:40) ~[gson-2.10.jar%2372!/:?]
	at com.google.gson.internal.bind.ArrayTypeAdapter.read(ArrayTypeAdapter.java:72) ~[gson-2.10.jar%2372!/:?]
	at com.google.gson.Gson.fromJson(Gson.java:1214) ~[gson-2.10.jar%2372!/:?]
	at com.google.gson.Gson.fromJson(Gson.java:1319) ~[gson-2.10.jar%2372!/:?]
	at com.google.gson.Gson.fromJson(Gson.java:1290) ~[gson-2.10.jar%2372!/:?]
	at com.google.gson.internal.bind.TreeTypeAdapter$GsonContextImpl.deserialize(TreeTypeAdapter.java:179) ~[gson-2.10.jar%2372!/:?]
	at net.minecraft.util.GsonHelper.m_13808_(GsonHelper.java:463) ~[server-1.20.1-20230612.114412-srg.jar%23147!/:?]
	at net.minecraft.util.GsonHelper.m_13836_(GsonHelper.java:471) ~[server-1.20.1-20230612.114412-srg.jar%23147!/:?]
	at net.minecraft.world.level.storage.loot.LootPool$Serializer.deserialize(LootPool.java:192) ~[server-1.20.1-20230612.114412-srg.jar%23147!/:?]
	at net.minecraft.world.level.storage.loot.LootPool$Serializer.deserialize(LootPool.java:189) ~[server-1.20.1-20230612.114412-srg.jar%23147!/:?]
	at com.google.gson.internal.bind.TreeTypeAdapter.read(TreeTypeAdapter.java:76) ~[gson-2.10.jar%2372!/:?]
	at com.google.gson.internal.bind.TypeAdapterRuntimeTypeWrapper.read(TypeAdapterRuntimeTypeWrapper.java:40) ~[gson-2.10.jar%2372!/:?]
	at com.google.gson.internal.bind.ArrayTypeAdapter.read(ArrayTypeAdapter.java:72) ~[gson-2.10.jar%2372!/:?]
	at com.google.gson.Gson.fromJson(Gson.java:1214) ~[gson-2.10.jar%2372!/:?]
	at com.google.gson.Gson.fromJson(Gson.java:1319) ~[gson-2.10.jar%2372!/:?]
	at com.google.gson.Gson.fromJson(Gson.java:1290) ~[gson-2.10.jar%2372!/:?]
	at com.google.gson.internal.bind.TreeTypeAdapter$GsonContextImpl.deserialize(TreeTypeAdapter.java:179) ~[gson-2.10.jar%2372!/:?]
	at net.minecraft.util.GsonHelper.m_13808_(GsonHelper.java:463) ~[server-1.20.1-20230612.114412-srg.jar%23147!/:?]
	at net.minecraft.util.GsonHelper.m_13845_(GsonHelper.java:481) ~[server-1.20.1-20230612.114412-srg.jar%23147!/:?]
	at net.minecraft.world.level.storage.loot.LootTable$Serializer.deserialize(LootTable.java:294) ~[server-1.20.1-20230612.114412-srg.jar%23147!/:?]
	at net.minecraft.world.level.storage.loot.LootTable$Serializer.deserialize(LootTable.java:291) ~[server-1.20.1-20230612.114412-srg.jar%23147!/:?]
	at com.google.gson.internal.bind.TreeTypeAdapter.read(TreeTypeAdapter.java:76) ~[gson-2.10.jar%2372!/:?]
	at com.google.gson.Gson.fromJson(Gson.java:1214) ~[gson-2.10.jar%2372!/:?]
	at com.google.gson.Gson.fromJson(Gson.java:1319) ~[gson-2.10.jar%2372!/:?]
	at com.google.gson.Gson.fromJson(Gson.java:1261) ~[gson-2.10.jar%2372!/:?]
	at net.minecraftforge.common.ForgeHooks.loadLootTable(ForgeHooks.java:872) ~[forge-1.20.1-47.4.10-universal.jar%23152!/:?]
	at net.minecraftforge.common.ForgeHooks.lambda$getLootTableDeserializer$3(ForgeHooks.java:849) ~[forge-1.20.1-47.4.10-universal.jar%23152!/:?]
	at net.minecraft.world.level.storage.loot.LootDataType.deserialize(LootDataType.java:45) ~[server-1.20.1-20230612.114412-srg.jar%23147!/:?]
	at net.minecraft.world.level.storage.loot.LootDataManager.lambda$scheduleElementParse$4(LootDataManager.java:56) ~[server-1.20.1-20230612.114412-srg.jar%23147!/:?]
	at java.util.HashMap.forEach(HashMap.java:1421) ~[?:?]
	at net.minecraft.world.level.storage.loot.LootDataManager.m_278660_(LootDataManager.java:55) ~[server-1.20.1-20230612.114412-srg.jar%23147!/:?]
	at java.util.concurrent.CompletableFuture$AsyncRun.run(CompletableFuture.java:1804) ~[?:?]
	at java.util.concurrent.CompletableFuture$AsyncRun.exec(CompletableFuture.java:1796) ~[?:?]
	at java.util.concurrent.ForkJoinTask.doExec(ForkJoinTask.java:373) ~[?:?]
	at java.util.concurrent.ForkJoinPool$WorkQueue.topLevelExec(ForkJoinPool.java:1182) ~[?:?]
	at java.util.concurrent.ForkJoinPool.scan(ForkJoinPool.java:1655) ~[?:?]
	at java.util.concurrent.ForkJoinPool.runWorker(ForkJoinPool.java:1622) ~[?:?]
	at java.util.concurrent.ForkJoinWorkerThread.run(ForkJoinWorkerThread.java:165) ~[?:?]
[30Sep2026 19:51:15.926] [main/WARN] [net.minecraft.world.level.storage.loot.LootDataManager/]: Found loot table element validation problem in {loot_tables:irons_spellbooks:chests/citadel/citadel_bookshelf}.pools[8].entries[0]: Unknown loot table called irons_spellbooks:chests/citadel/citadel_tomes
[30Sep2026 19:51:15.936] [main/DEBUG] [mixin/]: Mixing SmithingRecipeMixin from mixins.irons_spellbooks.json into net.minecraft.world.item.crafting.SmithingTransformRecipe
[30Sep2026 19:51:15.996] [main/INFO] [net.minecraft.world.item.crafting.RecipeManager/]: Loaded 15 recipes
[30Sep2026 19:51:16.058] [main/INFO] [net.minecraft.advancements.AdvancementList/]: Loaded 1636 advancements
[30Sep2026 19:51:16.062] [main/INFO] [placebo/]: Registered 0 additional recipes.
[30Sep2026 19:51:18.353] [main/INFO] [top.theillusivec4.curios.Curios/]: Loaded 17 curio slots
[30Sep2026 19:51:18.356] [main/INFO] [top.theillusivec4.curios.Curios/]: Loaded 1 curio entities
[30Sep2026 19:51:18.358] [main/INFO] [saintsdragons/]: Loaded 9 dragon attribute configuration(s)
[30Sep2026 19:51:18.358] [main/INFO] [saintsdragons/]: Loaded 7 dragon variant definition(s)
[30Sep2026 19:51:18.376] [main/INFO] [saintsdragons/]: Loaded Draconic Crucible thermal data
[30Sep2026 19:51:18.383] [main/WARN] [epicfight/]: Skill cdmoveset:fatalslash doesn't exist in the registry.
[30Sep2026 19:51:18.383] [main/WARN] [epicfight/]: Skill cdmoveset:sstep doesn't exist in the registry.
[30Sep2026 19:51:18.393] [main/WARN] [epicfight/]: traveloptics:cursed_blast is not a hit particle type in epicfight:wraithblade_cursed_22
[30Sep2026 19:51:18.394] [main/WARN] [epicfight/]: Item Capability Exception: No item named wo_traveloptics:invincible_combos/extinction_gauntlet_combo
[30Sep2026 19:51:18.395] [main/WARN] [epicfight/]: traveloptics:cursed_blast is not a hit particle type in epicfight:wraithblade_cursed_22
[30Sep2026 19:51:18.395] [main/WARN] [epicfight/]: traveloptics:water_bubble is not a hit particle type in wo_traveloptics:trident_of_the_eternal_maelstrom
[30Sep2026 19:51:18.396] [main/WARN] [epicfight/]: Can't find an animation named wom:biped/skill/ruine_counterattack in wo_traveloptics:mechanized_wraithblade
[30Sep2026 19:51:18.399] [main/WARN] [epicfight/]: alexscaves:tremorzilla_explosion is not a hit particle type in wo_traveloptics:thorns_of_oblivion
[30Sep2026 19:51:18.399] [main/WARN] [epicfight/]: No animation named wom:biped/skill/ruine_block
[30Sep2026 19:51:18.401] [main/WARN] [epicfight/]: alexscaves:tremorzilla_explosion is not a hit particle type in wo_traveloptics:thorns_of_oblivion
[30Sep2026 19:51:18.401] [main/WARN] [epicfight/]: No animation named wom:biped/skill/ruine_block
[30Sep2026 19:51:18.402] [main/WARN] [epicfight/]: Item Capability Exception: No item named wo_traveloptics:invincible_combos/aqua_trident_combo
[30Sep2026 19:51:18.403] [main/WARN] [epicfight/]: Item Capability Exception: No item named wo_traveloptics:invincible_combos/voidstrike_scythe_combo
[30Sep2026 19:51:18.404] [main/WARN] [epicfight/]: traveloptics:cursed_blast is not a hit particle type in epicfight:wraithblade_cursed_22
[30Sep2026 19:51:18.405] [main/WARN] [epicfight/]: Can't find a particle type cataclysm:sandstorm in wo_traveloptics:scourge_of_the_sands
[30Sep2026 19:51:18.406] [main/WARN] [epicfight/]: Item Capability Exception: No item named cdmoveset:t_yamato
[30Sep2026 19:51:18.407] [main/WARN] [epicfight/]: Can't find an animation named wom:biped/skill/ruine_counterattack in wo_traveloptics:mechanized_wraithblade
[30Sep2026 19:51:18.409] [main/WARN] [epicfight/]: alexscaves:magnet_lightning is not a hit particle type in epicfight:harbinger_wrath
[30Sep2026 19:51:18.409] [main/WARN] [epicfight/]: traveloptics:cursed_blast is not a hit particle type in epicfight:wraithblade_cursed_22
[30Sep2026 19:51:18.409] [main/WARN] [epicfight/]: Can't find a particle type cataclysm:sandstorm in wo_traveloptics:scourge_of_the_sands
[30Sep2026 19:51:18.409] [main/WARN] [epicfight/]: Item Capability Exception: No item named wo_traveloptics:invincible_combos/natural_spear_combo
[30Sep2026 19:51:18.409] [main/WARN] [epicfight/]: Can't find a particle type epicfight:entity.hit.blunt in invincible:custom_combo_demo
[30Sep2026 19:51:18.413] [main/WARN] [epicfight/]: alexscaves:tremorzilla_explosion is not a hit particle type in wo_traveloptics:thorns_of_oblivion
[30Sep2026 19:51:18.413] [main/WARN] [epicfight/]: No animation named wom:biped/skill/ruine_block
[30Sep2026 19:51:18.414] [main/WARN] [epicfight/]: Can't find a particle type cataclysm:sandstorm in wo_traveloptics:scourge_of_the_sands
[30Sep2026 19:51:18.414] [main/WARN] [epicfight/]: alexscaves:magnet_lightning is not a hit particle type in epicfight:harbinger_wrath
[30Sep2026 19:51:18.415] [main/WARN] [epicfight/]: traveloptics:water_bubble is not a hit particle type in wo_traveloptics:trident_of_the_eternal_maelstrom
[30Sep2026 19:51:18.415] [main/WARN] [epicfight/]: alexscaves:magnet_lightning is not a hit particle type in epicfight:harbinger_wrath
[30Sep2026 19:51:18.415] [main/WARN] [epicfight/]: alexscaves:tremorzilla_explosion is not a hit particle type in wo_traveloptics:thorns_of_oblivion
[30Sep2026 19:51:18.415] [main/WARN] [epicfight/]: No animation named wom:biped/skill/ruine_block
[30Sep2026 19:51:18.416] [main/WARN] [epicfight/]: traveloptics:water_bubble is not a hit particle type in wo_traveloptics:trident_of_the_eternal_maelstrom
[30Sep2026 19:51:18.417] [main/WARN] [epicfight/]: alexscaves:magnet_lightning is not a hit particle type in epicfight:harbinger_wrath
[30Sep2026 19:51:18.417] [main/WARN] [epicfight/]: Can't find an animation named wom:biped/skill/ruine_counterattack in wo_traveloptics:mechanized_wraithblade
[30Sep2026 19:51:18.417] [main/WARN] [epicfight/]: Can't find an animation named wom:biped/skill/ruine_counterattack in wo_traveloptics:mechanized_wraithblade
[30Sep2026 19:51:18.417] [main/WARN] [epicfight/]: traveloptics:water_bubble is not a hit particle type in wo_traveloptics:trident_of_the_eternal_maelstrom
[30Sep2026 19:51:18.418] [main/WARN] [epicfight/]: Can't find a particle type cataclysm:sandstorm in wo_traveloptics:scourge_of_the_sands
[30Sep2026 19:51:18.441] [main/INFO] [placebo/]: Registered 0 gear_sets.
[30Sep2026 19:51:18.959] [main/DEBUG] [net.minecraftforge.common.ForgeHooks/WP]: Gathering id map for writing to world save world
[30Sep2026 19:51:18.981] [main/DEBUG] [net.minecraftforge.common.ForgeHooks/WP]: ID Map collection complete world
[30Sep2026 19:51:19.010] [Server thread/INFO] [net.minecraft.server.dedicated.DedicatedServer/]: Starting minecraft server version 1.20.1
[30Sep2026 19:51:19.034] [Server thread/INFO] [net.minecraft.server.dedicated.DedicatedServer/]: Loading properties
[30Sep2026 19:51:19.035] [Server thread/INFO] [net.minecraft.server.dedicated.DedicatedServer/]: Default game type: SURVIVAL
[30Sep2026 19:51:19.035] [Server thread/INFO] [net.minecraft.server.MinecraftServer/]: Generating keypair
[30Sep2026 19:51:19.150] [Server thread/INFO] [net.minecraft.server.dedicated.DedicatedServer/]: Starting Minecraft server on *:8880
[30Sep2026 19:51:19.152] [Server thread/DEBUG] [net.minecraftforge.network.DualStackUtils/]: Detected IPv6 address: "0:0:0:0:0:0:0:0"
[30Sep2026 19:51:19.160] [Server thread/DEBUG] [io.netty.util.internal.NativeLibraryLoader/]: -Dio.netty.native.workdir: /tmp (io.netty.tmpdir)
[30Sep2026 19:51:19.160] [Server thread/DEBUG] [io.netty.util.internal.NativeLibraryLoader/]: -Dio.netty.native.deleteLibAfterLoading: true
[30Sep2026 19:51:19.160] [Server thread/DEBUG] [io.netty.util.internal.NativeLibraryLoader/]: -Dio.netty.native.tryPatchShadedId: true
[30Sep2026 19:51:19.160] [Server thread/DEBUG] [io.netty.util.internal.NativeLibraryLoader/]: -Dio.netty.native.detectNativeLibraryDuplicates: true
[30Sep2026 19:51:19.169] [Server thread/DEBUG] [io.netty.util.internal.NativeLibraryLoader/]: Successfully loaded the library /tmp/libnetty_transport_native_epoll_x86_6412861109210492651307.so
[30Sep2026 19:51:19.171] [Server thread/DEBUG] [io.netty.util.NetUtil/]: -Djava.net.preferIPv4Stack: false
[30Sep2026 19:51:19.171] [Server thread/DEBUG] [io.netty.util.NetUtil/]: -Djava.net.preferIPv6Addresses: true
[30Sep2026 19:51:19.172] [Server thread/DEBUG] [io.netty.util.NetUtilInitializations/]: Loopback interface: lo (lo, 0:0:0:0:0:0:0:1%lo)
[30Sep2026 19:51:19.173] [Server thread/DEBUG] [io.netty.util.NetUtil/]: /proc/sys/net/core/somaxconn: 4096
[30Sep2026 19:51:19.176] [Server thread/INFO] [net.minecraft.server.network.ServerConnectionListener/]: Using epoll channel type
[30Sep2026 19:51:19.189] [Server thread/DEBUG] [io.netty.channel.MultithreadEventLoopGroup/]: -Dio.netty.eventLoopThreads: 8
[30Sep2026 19:51:19.202] [Server thread/DEBUG] [io.netty.util.internal.PlatformDependent/]: org.jctools-core.MpscChunkedArrayQueue: available
[30Sep2026 19:51:19.211] [Server thread/DEBUG] [io.netty.channel.DefaultChannelId/]: -Dio.netty.processId: 21023 (auto-detected)
[30Sep2026 19:51:19.212] [Server thread/DEBUG] [io.netty.channel.DefaultChannelId/]: -Dio.netty.machineId: e6:de:66:ff:fe:25:4a:b1 (auto-detected)
[30Sep2026 19:51:19.233] [Server thread/DEBUG] [io.netty.buffer.PooledByteBufAllocator/]: -Dio.netty.allocator.numHeapArenas: 8
[30Sep2026 19:51:19.233] [Server thread/DEBUG] [io.netty.buffer.PooledByteBufAllocator/]: -Dio.netty.allocator.numDirectArenas: 8
[30Sep2026 19:51:19.233] [Server thread/DEBUG] [io.netty.buffer.PooledByteBufAllocator/]: -Dio.netty.allocator.pageSize: 8192
[30Sep2026 19:51:19.233] [Server thread/DEBUG] [io.netty.buffer.PooledByteBufAllocator/]: -Dio.netty.allocator.maxOrder: 9
[30Sep2026 19:51:19.233] [Server thread/DEBUG] [io.netty.buffer.PooledByteBufAllocator/]: -Dio.netty.allocator.chunkSize: 4194304
[30Sep2026 19:51:19.233] [Server thread/DEBUG] [io.netty.buffer.PooledByteBufAllocator/]: -Dio.netty.allocator.smallCacheSize: 256
[30Sep2026 19:51:19.233] [Server thread/DEBUG] [io.netty.buffer.PooledByteBufAllocator/]: -Dio.netty.allocator.normalCacheSize: 64
[30Sep2026 19:51:19.233] [Server thread/DEBUG] [io.netty.buffer.PooledByteBufAllocator/]: -Dio.netty.allocator.maxCachedBufferCapacity: 32768
[30Sep2026 19:51:19.233] [Server thread/DEBUG] [io.netty.buffer.PooledByteBufAllocator/]: -Dio.netty.allocator.cacheTrimInterval: 8192
[30Sep2026 19:51:19.233] [Server thread/DEBUG] [io.netty.buffer.PooledByteBufAllocator/]: -Dio.netty.allocator.cacheTrimIntervalMillis: 0
[30Sep2026 19:51:19.233] [Server thread/DEBUG] [io.netty.buffer.PooledByteBufAllocator/]: -Dio.netty.allocator.useCacheForAllThreads: false
[30Sep2026 19:51:19.233] [Server thread/DEBUG] [io.netty.buffer.PooledByteBufAllocator/]: -Dio.netty.allocator.maxCachedByteBuffersPerChunk: 1023
[30Sep2026 19:51:19.240] [Server thread/DEBUG] [io.netty.buffer.ByteBufUtil/]: -Dio.netty.allocator.type: pooled
[30Sep2026 19:51:19.240] [Server thread/DEBUG] [io.netty.buffer.ByteBufUtil/]: -Dio.netty.threadLocalDirectBufferSize: 0
[30Sep2026 19:51:19.240] [Server thread/DEBUG] [io.netty.buffer.ByteBufUtil/]: -Dio.netty.maxThreadLocalCharBufferSize: 16384
[30Sep2026 19:51:19.247] [Server thread/WARN] [net.minecraft.server.dedicated.DedicatedServer/]: **** SERVER IS RUNNING IN OFFLINE/INSECURE MODE!
[30Sep2026 19:51:19.248] [Server thread/WARN] [net.minecraft.server.dedicated.DedicatedServer/]: The server will make no attempt to authenticate usernames. Beware.
[30Sep2026 19:51:19.248] [Server thread/WARN] [net.minecraft.server.dedicated.DedicatedServer/]: While this makes the game possible to play without internet access, it also opens up the ability for hackers to connect with any username they choose.
[30Sep2026 19:51:19.248] [Server thread/WARN] [net.minecraft.server.dedicated.DedicatedServer/]: To change this, set "online-mode" to "true" in the server.properties file.
[30Sep2026 19:51:19.260] [Server thread/DEBUG] [net.minecraftforge.fml.config.ConfigTracker/CONFIG]: Loading configs type SERVER
[30Sep2026 19:51:19.261] [Server thread/DEBUG] [net.minecraftforge.fml.config.ConfigFileTypeHandler/CONFIG]: Built TOML config for ./world/serverconfig/curios-server.toml
[30Sep2026 19:51:19.261] [Server thread/DEBUG] [net.minecraftforge.fml.config.ConfigFileTypeHandler/CONFIG]: Loaded TOML config file ./world/serverconfig/curios-server.toml
[30Sep2026 19:51:19.261] [Server thread/DEBUG] [net.minecraftforge.fml.config.ConfigFileTypeHandler/CONFIG]: Watching TOML config file ./world/serverconfig/curios-server.toml for changes
[30Sep2026 19:51:19.262] [Server thread/DEBUG] [net.minecraftforge.fml.config.ConfigFileTypeHandler/CONFIG]: Built TOML config for ./world/serverconfig/irons_spellbooks-server.toml
[30Sep2026 19:51:19.262] [Thread-2/DEBUG] [net.minecraftforge.fml.config.ConfigFileTypeHandler/CONFIG]: Config file curios-server.toml changed, sending notifies
[30Sep2026 19:51:19.262] [Server thread/DEBUG] [net.minecraftforge.fml.config.ConfigFileTypeHandler/CONFIG]: Loaded TOML config file ./world/serverconfig/irons_spellbooks-server.toml
[30Sep2026 19:51:19.263] [Server thread/DEBUG] [net.minecraftforge.fml.config.ConfigFileTypeHandler/CONFIG]: Watching TOML config file ./world/serverconfig/irons_spellbooks-server.toml for changes
[30Sep2026 19:51:19.263] [Server thread/DEBUG] [io.redspace.ironsspellbooks.IronsSpellbooks/]: ServerConfigs load item blacklists:
[30Sep2026 19:51:19.263] [Thread-2/DEBUG] [net.minecraftforge.fml.config.ConfigFileTypeHandler/CONFIG]: Config file irons_spellbooks-server.toml changed, sending notifies
[30Sep2026 19:51:19.263] [Thread-2/DEBUG] [io.redspace.ironsspellbooks.IronsSpellbooks/]: ServerConfigs load item blacklists:
[30Sep2026 19:51:19.263] [Server thread/DEBUG] [net.minecraftforge.fml.config.ConfigFileTypeHandler/CONFIG]: Built TOML config for ./world/serverconfig/forge-server.toml
[30Sep2026 19:51:19.264] [Server thread/DEBUG] [net.minecraftforge.fml.config.ConfigFileTypeHandler/CONFIG]: Loaded TOML config file ./world/serverconfig/forge-server.toml
[30Sep2026 19:51:19.264] [Thread-2/DEBUG] [net.minecraftforge.fml.config.ConfigFileTypeHandler/CONFIG]: Config file irons_spellbooks-server.toml changed, sending notifies
[30Sep2026 19:51:19.264] [Server thread/DEBUG] [net.minecraftforge.fml.config.ConfigFileTypeHandler/CONFIG]: Watching TOML config file ./world/serverconfig/forge-server.toml for changes
[30Sep2026 19:51:19.264] [Server thread/DEBUG] [net.minecraftforge.common.ForgeConfig/FORGEMOD]: Loaded forge config file forge-server.toml
[30Sep2026 19:51:19.264] [Server thread/DEBUG] [net.minecraftforge.fml.config.ConfigFileTypeHandler/CONFIG]: Built TOML config for ./world/serverconfig/epicfight-server.toml
[30Sep2026 19:51:19.264] [Server thread/DEBUG] [net.minecraftforge.fml.config.ConfigFileTypeHandler/CONFIG]: Loaded TOML config file ./world/serverconfig/epicfight-server.toml
[30Sep2026 19:51:19.264] [Thread-2/DEBUG] [io.redspace.ironsspellbooks.IronsSpellbooks/]: ServerConfigs load item blacklists:
[30Sep2026 19:51:19.265] [Server thread/DEBUG] [net.minecraftforge.fml.config.ConfigFileTypeHandler/CONFIG]: Watching TOML config file ./world/serverconfig/epicfight-server.toml for changes
[30Sep2026 19:51:19.293] [Server thread/INFO] [net.minecraft.server.dedicated.DedicatedServer/]: Preparing level "world"
[30Sep2026 19:51:19.299] [Server thread/DEBUG] [net.minecraftforge.coremod.transformer.CoreModBaseTransformer/COREMOD]: Transforming net/minecraft/world/level/levelgen/PhantomSpawner
[30Sep2026 19:51:19.302] [Server thread/DEBUG] [net.minecraftforge.coremod.transformer.CoreModBaseTransformer/COREMOD]: Transforming net/minecraft/world/level/levelgen/PatrolSpawner
[30Sep2026 19:51:19.304] [Server thread/DEBUG] [net.minecraftforge.coremod.transformer.CoreModBaseTransformer/COREMOD]: Transforming net/minecraft/world/entity/npc/CatSpawner
[30Sep2026 19:51:19.305] [Server thread/DEBUG] [net.minecraftforge.coremod.transformer.CoreModBaseTransformer/COREMOD]: Transforming net/minecraft/world/entity/ai/village/VillageSiege
[30Sep2026 19:51:19.426] [Server thread/DEBUG] [mixin/]: Mixing ChunkGeneratorStructureStateMixin from saintsdragons.mixins.json into net.minecraft.world.level.chunk.ChunkGeneratorStructureState
[30Sep2026 19:51:19.474] [Server thread/DEBUG] [mixin/]: Mixing accessor.StructureManagerAccessor from cataclysm.mixins.json into net.minecraft.world.level.StructureManager
[30Sep2026 19:51:21.055] [Server thread/INFO] [net.minecraft.server.MinecraftServer/]: Preparing start region for dimension minecraft:overworld
[30Sep2026 19:51:22.094] [Server thread/DEBUG] [mixin/]: Mixing accessor.BoundingBoxAccessor from cataclysm.mixins.json into net.minecraft.world.level.levelgen.structure.BoundingBox
[30Sep2026 19:51:22.099] [Server thread/DEBUG] [net.minecraftforge.coremod.transformer.CoreModBaseTransformer/COREMOD]: Transforming net/minecraft/world/level/levelgen/structure/templatesystem/StructureTemplate
[30Sep2026 19:51:22.106] [Server thread/DEBUG] [mixin/]: Mixing StructureTemplateMixin from cataclysm.mixins.json into net.minecraft.world.level.levelgen.structure.templatesystem.StructureTemplate
[30Sep2026 19:51:22.107] [Server thread/DEBUG] [mixin/]: Renaming synthetic method lambda$repurposedstructures_preventAutoWaterlogging$0(Lnet/minecraft/world/level/levelgen/structure/templatesystem/StructureProcessor;)Z to mdcf8e3f$lambda$repurposedstructures_preventAutoWaterlogging$0$0 in cataclysm.mixins.json:StructureTemplateMixin
[30Sep2026 19:51:22.107] [Server thread/DEBUG] [mixin/]: Mixing StructureTemplateEntityMixin from saintsdragons.mixins.json into net.minecraft.world.level.levelgen.structure.templatesystem.StructureTemplate
[30Sep2026 19:51:22.109] [Server thread/DEBUG] [mixin/]: Mixing StructureTemplateMixin from ricks_stuff.mixins.json into net.minecraft.world.level.levelgen.structure.templatesystem.StructureTemplate
[30Sep2026 19:51:22.109] [Server thread/DEBUG] [mixin/]: ricks_stuff.mixins.json:StructureTemplateMixin: Class version 61 required is higher than the class version supported by the current version of Mixin (JAVA_8 supports class version 52)
[30Sep2026 19:51:23.535] [Worker-Main-3/INFO] [net.minecraft.server.level.progress.LoggerChunkProgressListener/]: Preparing spawn area: 0%
[30Sep2026 19:51:23.562] [Worker-Main-3/INFO] [net.minecraft.server.level.progress.LoggerChunkProgressListener/]: Preparing spawn area: 0%
[30Sep2026 19:51:23.582] [Worker-Main-1/INFO] [net.minecraft.server.level.progress.LoggerChunkProgressListener/]: Preparing spawn area: 0%
[30Sep2026 19:51:23.602] [Worker-Main-1/INFO] [net.minecraft.server.level.progress.LoggerChunkProgressListener/]: Preparing spawn area: 0%
[30Sep2026 19:51:23.608] [Worker-Main-2/INFO] [net.minecraft.server.level.progress.LoggerChunkProgressListener/]: Preparing spawn area: 0%
[30Sep2026 19:51:23.612] [Worker-Main-1/INFO] [net.minecraft.server.level.progress.LoggerChunkProgressListener/]: Preparing spawn area: 0%
[30Sep2026 19:51:24.063] [Worker-Main-2/INFO] [net.minecraft.server.level.progress.LoggerChunkProgressListener/]: Preparing spawn area: 0%
[30Sep2026 19:51:24.363] [Server thread/DEBUG] [mixin/]: Mixing CurioHooksMixin from mixins.irons_spellbooks.json into top.theillusivec4.curios.mixin.CuriosImplMixinHooks
[30Sep2026 19:51:24.403] [Server thread/DEBUG] [io.netty.buffer.AbstractByteBuf/]: -Dio.netty.buffer.checkAccessible: true
[30Sep2026 19:51:24.403] [Server thread/DEBUG] [io.netty.buffer.AbstractByteBuf/]: -Dio.netty.buffer.checkBounds: true
[30Sep2026 19:51:24.403] [Server thread/DEBUG] [io.netty.util.ResourceLeakDetectorFactory/]: Loaded default ResourceLeakDetector: io.netty.util.ResourceLeakDetector@4345ca49
[30Sep2026 19:51:24.418] [Server thread/DEBUG] [mixin/]: Mixing AnimationPlayerMixin from invincible.mixins.json into yesman.epicfight.api.animation.AnimationPlayer
[30Sep2026 19:51:24.418] [Server thread/DEBUG] [mixin/]: Renaming synthetic method lambda$invincible$injectTick$0(Lyesman/epicfight/world/capabilities/entitypatch/LivingEntityPatch;Lyesman/epicfight/world/capabilities/entitypatch/player/PlayerPatch;Lcom/p1nero/invincible/capability/InvinciblePlayer;)V to mdcf8e3f$lambda$invincible$injectTick$0$0 in invincible.mixins.json:AnimationPlayerMixin
[30Sep2026 19:51:24.478] [Server thread/DEBUG] [mixin/]: Mixing MixinPiglinAi from curios.mixins.json into net.minecraft.world.entity.monster.piglin.PiglinAi
[30Sep2026 19:51:24.501] [Server thread/DEBUG] [mixin/]: Mixing common.MixinCrossbowAttack from mixins.epicfight.json into net.minecraft.world.entity.ai.behavior.CrossbowAttack
[30Sep2026 19:51:24.502] [Server thread/DEBUG] [mixin/]: Renaming synthetic method lambda$epicfight$crossbowAttack$0(Lyesman/epicfight/world/capabilities/entitypatch/LivingEntityPatch;)V to mdcf8e3f$lambda$epicfight$crossbowAttack$0$0 in mixins.epicfight.json:common.MixinCrossbowAttack
[30Sep2026 19:51:24.557] [Worker-Main-2/INFO] [net.minecraft.server.level.progress.LoggerChunkProgressListener/]: Preparing spawn area: 10%
[30Sep2026 19:51:24.817] [Server thread/INFO] [net.minecraft.server.level.progress.LoggerChunkProgressListener/]: Time elapsed: 3760 ms
[30Sep2026 19:51:24.817] [Server thread/INFO] [net.minecraft.server.dedicated.DedicatedServer/]: Done (5.557s)! For help, type "help"
[30Sep2026 19:51:24.825] [Server thread/DEBUG] [net.minecraftforge.network.DualStackUtils/]: Detected IPv6 address: "0:0:0:0:0:0:0:0"
[30Sep2026 19:51:24.843] [Server thread/DEBUG] [net.minecraftforge.common.ForgeI18n/CORE]: Loading I18N data entries: 9542
[30Sep2026 19:51:24.846] [Server thread/INFO] [net.minecraftforge.server.permission.PermissionAPI/]: Successfully initialized permission handler forge:default_handler
[30Sep2026 19:51:24.851] [Server thread/INFO] [org.ExtraTortik.ricks_stuff.RicksStuff/]: RicksStuff server starting
[30Sep2026 19:51:24.880] [Server thread/DEBUG] [net.minecraftforge.coremod.transformer.CoreModBaseTransformer/COREMOD]: Transforming net/minecraft/world/level/NaturalSpawner
[30Sep2026 19:51:24.884] [Server thread/DEBUG] [mixin/]: Mixing NaturalSpawnerMixin from alexscaves.mixins.json into net.minecraft.world.level.NaturalSpawner
[30Sep2026 19:51:25.164] [Server thread/DEBUG] [mixin/]: Mixing MixinClientboundSetEntityMotionPacket from mixins.wom.json into net.minecraft.network.protocol.game.ClientboundSetEntityMotionPacket
[30Sep2026 19:51:25.729] [ForkJoinPool.commonPool-worker-1/INFO] [io.redspace.ironslib.IronsLib/]: Loaded 233
[30Sep2026 19:53:15.400] [Netty Epoll Server IO #1/DEBUG] [mixin/]: Mixing v1_19_4_forge.Varint21FrameDecoderMixin from packetfixer.v1_19_4.forge.mixins.json into net.minecraft.network.Varint21FrameDecoder
[30Sep2026 19:53:15.405] [Netty Epoll Server IO #1/DEBUG] [mixin/]: Mixing v1_19_4_forge.Varint21LengthFieldPrependerMixin from packetfixer.v1_19_4.forge.mixins.json into net.minecraft.network.Varint21LengthFieldPrepender
[30Sep2026 19:53:15.407] [Netty Epoll Server IO #1/DEBUG] [mixin/]: Mixing v1_19_4_forge.PacketEncoderMixin from packetfixer.v1_19_4.forge.mixins.json into net.minecraft.network.PacketEncoder
[30Sep2026 19:53:15.463] [Netty Epoll Server IO #1/DEBUG] [io.netty.util.Recycler/]: -Dio.netty.recycler.maxCapacityPerThread: 4096
[30Sep2026 19:53:15.463] [Netty Epoll Server IO #1/DEBUG] [io.netty.util.Recycler/]: -Dio.netty.recycler.ratio: 8
[30Sep2026 19:53:15.463] [Netty Epoll Server IO #1/DEBUG] [io.netty.util.Recycler/]: -Dio.netty.recycler.chunkSize: 32
[30Sep2026 19:53:15.463] [Netty Epoll Server IO #1/DEBUG] [io.netty.util.Recycler/]: -Dio.netty.recycler.blocking: false
[30Sep2026 19:53:15.497] [Netty Epoll Server IO #1/DEBUG] [net.minecraftforge.network.HandshakeHandler/FMLHANDSHAKE]: Starting new modded impl connection. Found 31 messages to dispatch.
[30Sep2026 19:53:15.498] [Netty Epoll Server IO #1/DEBUG] [mixin/]: Mixing v1_19_4_forge.ServerLoginPacketListenerImplMixin from packetfixer.v1_19_4.forge.mixins.json into net.minecraft.server.network.ServerLoginPacketListenerImpl
[30Sep2026 19:53:15.552] [Server thread/DEBUG] [net.minecraftforge.network.HandshakeHandler/FMLHANDSHAKE]: Sending ticking packet info 'net.minecraftforge.network.HandshakeMessages$S2CModData' to 'fml:handshake' sequence 0
[30Sep2026 19:53:15.602] [Server thread/DEBUG] [net.minecraftforge.network.HandshakeHandler/FMLHANDSHAKE]: Sending ticking packet info 'net.minecraftforge.network.HandshakeMessages$S2CModList' to 'fml:handshake' sequence 1
[30Sep2026 19:53:15.649] [Netty Epoll Server IO #1/DEBUG] [net.minecraftforge.network.LoginWrapper/FMLHANDSHAKE]: Recieved login wrapper packet event for channel fml:handshake with index 1
[30Sep2026 19:53:15.651] [Netty Epoll Server IO #1/DEBUG] [net.minecraftforge.network.HandshakeHandler/FMLHANDSHAKE]: Received client indexed reply 1 of type net.minecraftforge.network.HandshakeMessages$C2SModListReply
[30Sep2026 19:53:15.651] [Netty Epoll Server IO #1/DEBUG] [net.minecraftforge.network.HandshakeHandler/FMLHANDSHAKE]: Received client connection with modlist [minecraft, invincible, daindicator, playeranimator, jei, irons_lib, xaerolib, lionfishapi, trender, traveloptics, notenoughanimations, cataclysm, curios, xaerominimap, xaeroworldmap, placebo, citadel, alexscaves, irons_spellbooks, cataclysm_magic_compat, attributeslib, saintsdragons, geckolib, pointblank, damageindicator, wo_traveloptics, transition, forge, ricks_stuff, packetfixer, embeddium, rubidium, oculus, distanthorizons, cdmoveset, epicfight, wom, dungeons_arise]
[30Sep2026 19:53:15.652] [Netty Epoll Server IO #1/DEBUG] [net.minecraftforge.network.NetworkRegistry/NETREGISTRY]: Channel 'lionfishapi:main_channel' : Version test of '1' from client : ACCEPTED
[30Sep2026 19:53:15.652] [Netty Epoll Server IO #1/DEBUG] [net.minecraftforge.network.NetworkRegistry/NETREGISTRY]: Channel 'irons_spellbooks:messages' : Version test of '1.0' from client : ACCEPTED
[30Sep2026 19:53:15.652] [Netty Epoll Server IO #1/DEBUG] [net.minecraftforge.network.NetworkRegistry/NETREGISTRY]: Channel 'wo_traveloptics:wo_traveloptics' : Version test of '1' from client : ACCEPTED
[30Sep2026 19:53:15.652] [Netty Epoll Server IO #1/DEBUG] [net.minecraftforge.network.NetworkRegistry/NETREGISTRY]: Channel 'fml:loginwrapper' : Version test of 'FML3' from client : ACCEPTED
[30Sep2026 19:53:15.652] [Netty Epoll Server IO #1/DEBUG] [net.minecraftforge.network.NetworkRegistry/NETREGISTRY]: Channel 'forge:tier_sorting' : Version test of '1.0' from client : ACCEPTED
[30Sep2026 19:53:15.652] [Netty Epoll Server IO #1/DEBUG] [net.minecraftforge.network.NetworkRegistry/NETREGISTRY]: Channel 'alexscaves:main_channel' : Version test of '1' from client : ACCEPTED
[30Sep2026 19:53:15.652] [Netty Epoll Server IO #1/DEBUG] [net.minecraftforge.network.NetworkRegistry/NETREGISTRY]: Channel 'pointblank:pointblank' : Version test of '2' from client : ACCEPTED
[30Sep2026 19:53:15.652] [Netty Epoll Server IO #1/DEBUG] [net.minecraftforge.network.NetworkRegistry/NETREGISTRY]: Channel 'saintsdragons:main' : Version test of '2' from client : ACCEPTED
[30Sep2026 19:53:15.652] [Netty Epoll Server IO #1/DEBUG] [net.minecraftforge.network.NetworkRegistry/NETREGISTRY]: Channel 'minecraft:unregister' : Version test of 'FML3' from client : ACCEPTED
[30Sep2026 19:53:15.652] [Netty Epoll Server IO #1/DEBUG] [net.minecraftforge.network.NetworkRegistry/NETREGISTRY]: Channel 'fml:play' : Version test of 'FML3' from client : ACCEPTED
[30Sep2026 19:53:15.652] [Netty Epoll Server IO #1/DEBUG] [net.minecraftforge.network.NetworkRegistry/NETREGISTRY]: Channel 'citadel:main_channel' : Version test of '1' from client : ACCEPTED
[30Sep2026 19:53:15.652] [Netty Epoll Server IO #1/DEBUG] [net.minecraftforge.network.NetworkRegistry/NETREGISTRY]: Channel 'cdmoveset:network_manager' : Version test of '1' from client : ACCEPTED
[30Sep2026 19:53:15.652] [Netty Epoll Server IO #1/DEBUG] [net.minecraftforge.network.NetworkRegistry/NETREGISTRY]: Channel 'ricks_stuff:messages' : Version test of '1.0' from client : ACCEPTED
[30Sep2026 19:53:15.652] [Netty Epoll Server IO #1/DEBUG] [net.minecraftforge.network.NetworkRegistry/NETREGISTRY]: Channel 'epicfight:network_manager' : Version test of '1' from client : ACCEPTED
[30Sep2026 19:53:15.652] [Netty Epoll Server IO #1/DEBUG] [net.minecraftforge.network.NetworkRegistry/NETREGISTRY]: Channel 'irons_lib:messages' : Version test of '1.0' from client : ACCEPTED
[30Sep2026 19:53:15.652] [Netty Epoll Server IO #1/DEBUG] [net.minecraftforge.network.NetworkRegistry/NETREGISTRY]: Channel 'fml:handshake' : Version test of 'FML3' from client : ACCEPTED
[30Sep2026 19:53:15.652] [Netty Epoll Server IO #1/DEBUG] [net.minecraftforge.network.NetworkRegistry/NETREGISTRY]: Channel 'curios:main' : Version test of '1' from client : ACCEPTED
[30Sep2026 19:53:15.652] [Netty Epoll Server IO #1/DEBUG] [net.minecraftforge.network.NetworkRegistry/NETREGISTRY]: Channel 'placebo:placebo' : Version test of '1.0.0' from client : ACCEPTED
[30Sep2026 19:53:15.652] [Netty Epoll Server IO #1/DEBUG] [net.minecraftforge.network.NetworkRegistry/NETREGISTRY]: Channel 'traveloptics:messages' : Version test of '1.0' from client : ACCEPTED
[30Sep2026 19:53:15.652] [Netty Epoll Server IO #1/DEBUG] [net.minecraftforge.network.NetworkRegistry/NETREGISTRY]: Channel 'minecraft:register' : Version test of 'FML3' from client : ACCEPTED
[30Sep2026 19:53:15.652] [Netty Epoll Server IO #1/DEBUG] [net.minecraftforge.network.NetworkRegistry/NETREGISTRY]: Channel 'forge:split' : Version test of '1.1' from client : ACCEPTED
[30Sep2026 19:53:15.652] [Netty Epoll Server IO #1/DEBUG] [net.minecraftforge.network.NetworkRegistry/NETREGISTRY]: Channel 'attributeslib:attributeslib' : Version test of '1.0.0' from client : ACCEPTED
[30Sep2026 19:53:15.652] [Netty Epoll Server IO #1/DEBUG] [net.minecraftforge.network.NetworkRegistry/NETREGISTRY]: Channel 'geckolib:main' : Version test of '1' from client : ACCEPTED
[30Sep2026 19:53:15.652] [Netty Epoll Server IO #1/DEBUG] [net.minecraftforge.network.NetworkRegistry/NETREGISTRY]: Channel 'cataclysm:main_channel' : Version test of '1' from client : ACCEPTED
[30Sep2026 19:53:15.652] [Netty Epoll Server IO #1/DEBUG] [net.minecraftforge.network.NetworkRegistry/NETREGISTRY]: Accepting channel list from client
[30Sep2026 19:53:15.653] [Netty Epoll Server IO #1/DEBUG] [net.minecraftforge.network.HandshakeHandler/FMLHANDSHAKE]: Accepted client connection mod list
[30Sep2026 19:53:15.653] [Server thread/DEBUG] [net.minecraftforge.network.HandshakeHandler/FMLHANDSHAKE]: Sending ticking packet info 'Registry minecraft:command_argument_type' to 'fml:handshake' sequence 2
[30Sep2026 19:53:15.702] [Server thread/DEBUG] [net.minecraftforge.network.HandshakeHandler/FMLHANDSHAKE]: Sending ticking packet info 'Registry irons_spellbooks:schools' to 'fml:handshake' sequence 3
[30Sep2026 19:53:15.708] [Netty Epoll Server IO #1/DEBUG] [net.minecraftforge.network.LoginWrapper/FMLHANDSHAKE]: Recieved login wrapper packet event for channel fml:handshake with index 2
[30Sep2026 19:53:15.709] [Netty Epoll Server IO #1/DEBUG] [net.minecraftforge.network.HandshakeHandler/FMLHANDSHAKE]: Received client indexed reply 2 of type net.minecraftforge.network.HandshakeMessages$C2SAcknowledge
[30Sep2026 19:53:15.709] [Netty Epoll Server IO #1/DEBUG] [net.minecraftforge.network.HandshakeHandler/FMLHANDSHAKE]: Received acknowledgement from client
[30Sep2026 19:53:15.741] [Netty Epoll Server IO #1/DEBUG] [net.minecraftforge.network.LoginWrapper/FMLHANDSHAKE]: Recieved login wrapper packet event for channel fml:handshake with index 3
[30Sep2026 19:53:15.741] [Netty Epoll Server IO #1/DEBUG] [net.minecraftforge.network.HandshakeHandler/FMLHANDSHAKE]: Received client indexed reply 3 of type net.minecraftforge.network.HandshakeMessages$C2SAcknowledge
[30Sep2026 19:53:15.741] [Netty Epoll Server IO #1/DEBUG] [net.minecraftforge.network.HandshakeHandler/FMLHANDSHAKE]: Received acknowledgement from client
[30Sep2026 19:53:15.752] [Server thread/DEBUG] [net.minecraftforge.network.HandshakeHandler/FMLHANDSHAKE]: Sending ticking packet info 'Registry minecraft:villager_profession' to 'fml:handshake' sequence 4
[30Sep2026 19:53:15.793] [Netty Epoll Server IO #1/DEBUG] [net.minecraftforge.network.LoginWrapper/FMLHANDSHAKE]: Recieved login wrapper packet event for channel fml:handshake with index 4
[30Sep2026 19:53:15.793] [Netty Epoll Server IO #1/DEBUG] [net.minecraftforge.network.HandshakeHandler/FMLHANDSHAKE]: Received client indexed reply 4 of type net.minecraftforge.network.HandshakeMessages$C2SAcknowledge
[30Sep2026 19:53:15.793] [Netty Epoll Server IO #1/DEBUG] [net.minecraftforge.network.HandshakeHandler/FMLHANDSHAKE]: Received acknowledgement from client
[30Sep2026 19:53:15.802] [Server thread/DEBUG] [net.minecraftforge.network.HandshakeHandler/FMLHANDSHAKE]: Sending ticking packet info 'Registry minecraft:item' to 'fml:handshake' sequence 5
[30Sep2026 19:53:15.852] [Server thread/DEBUG] [net.minecraftforge.network.HandshakeHandler/FMLHANDSHAKE]: Sending ticking packet info 'Registry minecraft:potion' to 'fml:handshake' sequence 6
[30Sep2026 19:53:15.902] [Server thread/DEBUG] [net.minecraftforge.network.HandshakeHandler/FMLHANDSHAKE]: Sending ticking packet info 'Registry minecraft:block_entity_type' to 'fml:handshake' sequence 7
[30Sep2026 19:53:15.924] [Netty Epoll Server IO #1/DEBUG] [net.minecraftforge.network.LoginWrapper/FMLHANDSHAKE]: Recieved login wrapper packet event for channel fml:handshake with index 5
[30Sep2026 19:53:15.924] [Netty Epoll Server IO #1/DEBUG] [net.minecraftforge.network.HandshakeHandler/FMLHANDSHAKE]: Received client indexed reply 5 of type net.minecraftforge.network.HandshakeMessages$C2SAcknowledge
[30Sep2026 19:53:15.924] [Netty Epoll Server IO #1/DEBUG] [net.minecraftforge.network.HandshakeHandler/FMLHANDSHAKE]: Received acknowledgement from client
[30Sep2026 19:53:15.924] [Netty Epoll Server IO #1/DEBUG] [net.minecraftforge.network.LoginWrapper/FMLHANDSHAKE]: Recieved login wrapper packet event for channel fml:handshake with index 6
[30Sep2026 19:53:15.924] [Netty Epoll Server IO #1/DEBUG] [net.minecraftforge.network.HandshakeHandler/FMLHANDSHAKE]: Received client indexed reply 6 of type net.minecraftforge.network.HandshakeMessages$C2SAcknowledge
[30Sep2026 19:53:15.925] [Netty Epoll Server IO #1/DEBUG] [net.minecraftforge.network.HandshakeHandler/FMLHANDSHAKE]: Received acknowledgement from client
[30Sep2026 19:53:15.952] [Server thread/DEBUG] [net.minecraftforge.network.HandshakeHandler/FMLHANDSHAKE]: Sending ticking packet info 'Registry forge:display_contexts' to 'fml:handshake' sequence 8
[30Sep2026 19:53:16.002] [Server thread/DEBUG] [net.minecraftforge.network.HandshakeHandler/FMLHANDSHAKE]: Sending ticking packet info 'Registry irons_spellbooks:spells' to 'fml:handshake' sequence 9
[30Sep2026 19:53:16.036] [Netty Epoll Server IO #1/DEBUG] [net.minecraftforge.network.LoginWrapper/FMLHANDSHAKE]: Recieved login wrapper packet event for channel fml:handshake with index 7
[30Sep2026 19:53:16.036] [Netty Epoll Server IO #1/DEBUG] [net.minecraftforge.network.HandshakeHandler/FMLHANDSHAKE]: Received client indexed reply 7 of type net.minecraftforge.network.HandshakeMessages$C2SAcknowledge
[30Sep2026 19:53:16.036] [Netty Epoll Server IO #1/DEBUG] [net.minecraftforge.network.HandshakeHandler/FMLHANDSHAKE]: Received acknowledgement from client
[30Sep2026 19:53:16.036] [Netty Epoll Server IO #1/DEBUG] [net.minecraftforge.network.LoginWrapper/FMLHANDSHAKE]: Recieved login wrapper packet event for channel fml:handshake with index 8
[30Sep2026 19:53:16.036] [Netty Epoll Server IO #1/DEBUG] [net.minecraftforge.network.HandshakeHandler/FMLHANDSHAKE]: Received client indexed reply 8 of type net.minecraftforge.network.HandshakeMessages$C2SAcknowledge
[30Sep2026 19:53:16.036] [Netty Epoll Server IO #1/DEBUG] [net.minecraftforge.network.HandshakeHandler/FMLHANDSHAKE]: Received acknowledgement from client
[30Sep2026 19:53:16.044] [Netty Epoll Server IO #1/DEBUG] [net.minecraftforge.network.LoginWrapper/FMLHANDSHAKE]: Recieved login wrapper packet event for channel fml:handshake with index 9
[30Sep2026 19:53:16.044] [Netty Epoll Server IO #1/DEBUG] [net.minecraftforge.network.HandshakeHandler/FMLHANDSHAKE]: Received client indexed reply 9 of type net.minecraftforge.network.HandshakeMessages$C2SAcknowledge
[30Sep2026 19:53:16.044] [Netty Epoll Server IO #1/DEBUG] [net.minecraftforge.network.HandshakeHandler/FMLHANDSHAKE]: Received acknowledgement from client
[30Sep2026 19:53:16.052] [Server thread/DEBUG] [net.minecraftforge.network.HandshakeHandler/FMLHANDSHAKE]: Sending ticking packet info 'Registry minecraft:stat_type' to 'fml:handshake' sequence 10
[30Sep2026 19:53:16.092] [Netty Epoll Server IO #1/DEBUG] [net.minecraftforge.network.LoginWrapper/FMLHANDSHAKE]: Recieved login wrapper packet event for channel fml:handshake with index 10
[30Sep2026 19:53:16.092] [Netty Epoll Server IO #1/DEBUG] [net.minecraftforge.network.HandshakeHandler/FMLHANDSHAKE]: Received client indexed reply 10 of type net.minecraftforge.network.HandshakeMessages$C2SAcknowledge
[30Sep2026 19:53:16.092] [Netty Epoll Server IO #1/DEBUG] [net.minecraftforge.network.HandshakeHandler/FMLHANDSHAKE]: Received acknowledgement from client
[30Sep2026 19:53:16.102] [Server thread/DEBUG] [net.minecraftforge.network.HandshakeHandler/FMLHANDSHAKE]: Sending ticking packet info 'Registry epicfight:synched_animation_variable_keys' to 'fml:handshake' sequence 11
[30Sep2026 19:53:16.140] [Netty Epoll Server IO #1/DEBUG] [net.minecraftforge.network.LoginWrapper/FMLHANDSHAKE]: Recieved login wrapper packet event for channel fml:handshake with index 11
[30Sep2026 19:53:16.140] [Netty Epoll Server IO #1/DEBUG] [net.minecraftforge.network.HandshakeHandler/FMLHANDSHAKE]: Received client indexed reply 11 of type net.minecraftforge.network.HandshakeMessages$C2SAcknowledge
[30Sep2026 19:53:16.140] [Netty Epoll Server IO #1/DEBUG] [net.minecraftforge.network.HandshakeHandler/FMLHANDSHAKE]: Received acknowledgement from client
[30Sep2026 19:53:16.152] [Server thread/DEBUG] [net.minecraftforge.network.HandshakeHandler/FMLHANDSHAKE]: Sending ticking packet info 'Registry minecraft:menu' to 'fml:handshake' sequence 12
[30Sep2026 19:53:16.192] [Netty Epoll Server IO #1/DEBUG] [net.minecraftforge.network.LoginWrapper/FMLHANDSHAKE]: Recieved login wrapper packet event for channel fml:handshake with index 12
[30Sep2026 19:53:16.192] [Netty Epoll Server IO #1/DEBUG] [net.minecraftforge.network.HandshakeHandler/FMLHANDSHAKE]: Received client indexed reply 12 of type net.minecraftforge.network.HandshakeMessages$C2SAcknowledge
[30Sep2026 19:53:16.192] [Netty Epoll Server IO #1/DEBUG] [net.minecraftforge.network.HandshakeHandler/FMLHANDSHAKE]: Received acknowledgement from client
[30Sep2026 19:53:16.202] [Server thread/DEBUG] [net.minecraftforge.network.HandshakeHandler/FMLHANDSHAKE]: Sending ticking packet info 'Registry minecraft:fluid' to 'fml:handshake' sequence 13
[30Sep2026 19:53:16.240] [Netty Epoll Server IO #1/DEBUG] [net.minecraftforge.network.LoginWrapper/FMLHANDSHAKE]: Recieved login wrapper packet event for channel fml:handshake with index 13
[30Sep2026 19:53:16.240] [Netty Epoll Server IO #1/DEBUG] [net.minecraftforge.network.HandshakeHandler/FMLHANDSHAKE]: Received client indexed reply 13 of type net.minecraftforge.network.HandshakeMessages$C2SAcknowledge
[30Sep2026 19:53:16.240] [Netty Epoll Server IO #1/DEBUG] [net.minecraftforge.network.HandshakeHandler/FMLHANDSHAKE]: Received acknowledgement from client
[30Sep2026 19:53:16.252] [Server thread/DEBUG] [net.minecraftforge.network.HandshakeHandler/FMLHANDSHAKE]: Sending ticking packet info 'Registry epicfight:skill' to 'fml:handshake' sequence 14
[30Sep2026 19:53:16.292] [Netty Epoll Server IO #1/DEBUG] [net.minecraftforge.network.LoginWrapper/FMLHANDSHAKE]: Recieved login wrapper packet event for channel fml:handshake with index 14
[30Sep2026 19:53:16.292] [Netty Epoll Server IO #1/DEBUG] [net.minecraftforge.network.HandshakeHandler/FMLHANDSHAKE]: Received client indexed reply 14 of type net.minecraftforge.network.HandshakeMessages$C2SAcknowledge
[30Sep2026 19:53:16.292] [Netty Epoll Server IO #1/DEBUG] [net.minecraftforge.network.HandshakeHandler/FMLHANDSHAKE]: Received acknowledgement from client
[30Sep2026 19:53:16.302] [Server thread/DEBUG] [net.minecraftforge.network.HandshakeHandler/FMLHANDSHAKE]: Sending ticking packet info 'Registry minecraft:recipe_serializer' to 'fml:handshake' sequence 15
[30Sep2026 19:53:16.340] [Netty Epoll Server IO #1/DEBUG] [net.minecraftforge.network.LoginWrapper/FMLHANDSHAKE]: Recieved login wrapper packet event for channel fml:handshake with index 15
[30Sep2026 19:53:16.340] [Netty Epoll Server IO #1/DEBUG] [net.minecraftforge.network.HandshakeHandler/FMLHANDSHAKE]: Received client indexed reply 15 of type net.minecraftforge.network.HandshakeMessages$C2SAcknowledge
[30Sep2026 19:53:16.341] [Netty Epoll Server IO #1/DEBUG] [net.minecraftforge.network.HandshakeHandler/FMLHANDSHAKE]: Received acknowledgement from client
[30Sep2026 19:53:16.352] [Server thread/DEBUG] [net.minecraftforge.network.HandshakeHandler/FMLHANDSHAKE]: Sending ticking packet info 'Registry minecraft:sound_event' to 'fml:handshake' sequence 16
[30Sep2026 19:53:16.402] [Server thread/DEBUG] [net.minecraftforge.network.HandshakeHandler/FMLHANDSHAKE]: Sending ticking packet info 'Registry minecraft:particle_type' to 'fml:handshake' sequence 17
[30Sep2026 19:53:16.428] [Netty Epoll Server IO #1/DEBUG] [net.minecraftforge.network.LoginWrapper/FMLHANDSHAKE]: Recieved login wrapper packet event for channel fml:handshake with index 16
[30Sep2026 19:53:16.428] [Netty Epoll Server IO #1/DEBUG] [net.minecraftforge.network.HandshakeHandler/FMLHANDSHAKE]: Received client indexed reply 16 of type net.minecraftforge.network.HandshakeMessages$C2SAcknowledge
[30Sep2026 19:53:16.428] [Netty Epoll Server IO #1/DEBUG] [net.minecraftforge.network.HandshakeHandler/FMLHANDSHAKE]: Received acknowledgement from client
[30Sep2026 19:53:16.444] [Netty Epoll Server IO #1/DEBUG] [net.minecraftforge.network.LoginWrapper/FMLHANDSHAKE]: Recieved login wrapper packet event for channel fml:handshake with index 17
[30Sep2026 19:53:16.444] [Netty Epoll Server IO #1/DEBUG] [net.minecraftforge.network.HandshakeHandler/FMLHANDSHAKE]: Received client indexed reply 17 of type net.minecraftforge.network.HandshakeMessages$C2SAcknowledge
[30Sep2026 19:53:16.444] [Netty Epoll Server IO #1/DEBUG] [net.minecraftforge.network.HandshakeHandler/FMLHANDSHAKE]: Received acknowledgement from client
[30Sep2026 19:53:16.452] [Server thread/DEBUG] [net.minecraftforge.network.HandshakeHandler/FMLHANDSHAKE]: Sending ticking packet info 'Registry minecraft:painting_variant' to 'fml:handshake' sequence 18
[30Sep2026 19:53:16.502] [Server thread/DEBUG] [net.minecraftforge.network.HandshakeHandler/FMLHANDSHAKE]: Sending ticking packet info 'Registry forge:fluid_type' to 'fml:handshake' sequence 19
[30Sep2026 19:53:16.552] [Server thread/DEBUG] [net.minecraftforge.network.HandshakeHandler/FMLHANDSHAKE]: Sending ticking packet info 'Registry epicfight:skill_data_keys' to 'fml:handshake' sequence 20
[30Sep2026 19:53:16.560] [Netty Epoll Server IO #1/DEBUG] [net.minecraftforge.network.LoginWrapper/FMLHANDSHAKE]: Recieved login wrapper packet event for channel fml:handshake with index 18
[30Sep2026 19:53:16.560] [Netty Epoll Server IO #1/DEBUG] [net.minecraftforge.network.HandshakeHandler/FMLHANDSHAKE]: Received client indexed reply 18 of type net.minecraftforge.network.HandshakeMessages$C2SAcknowledge
[30Sep2026 19:53:16.560] [Netty Epoll Server IO #1/DEBUG] [net.minecraftforge.network.HandshakeHandler/FMLHANDSHAKE]: Received acknowledgement from client
[30Sep2026 19:53:16.563] [Netty Epoll Server IO #1/DEBUG] [net.minecraftforge.network.LoginWrapper/FMLHANDSHAKE]: Recieved login wrapper packet event for channel fml:handshake with index 19
[30Sep2026 19:53:16.563] [Netty Epoll Server IO #1/DEBUG] [net.minecraftforge.network.HandshakeHandler/FMLHANDSHAKE]: Received client indexed reply 19 of type net.minecraftforge.network.HandshakeMessages$C2SAcknowledge
[30Sep2026 19:53:16.563] [Netty Epoll Server IO #1/DEBUG] [net.minecraftforge.network.HandshakeHandler/FMLHANDSHAKE]: Received acknowledgement from client
[30Sep2026 19:53:16.591] [Netty Epoll Server IO #1/DEBUG] [net.minecraftforge.network.LoginWrapper/FMLHANDSHAKE]: Recieved login wrapper packet event for channel fml:handshake with index 20
[30Sep2026 19:53:16.592] [Netty Epoll Server IO #1/DEBUG] [net.minecraftforge.network.HandshakeHandler/FMLHANDSHAKE]: Received client indexed reply 20 of type net.minecraftforge.network.HandshakeMessages$C2SAcknowledge
[30Sep2026 19:53:16.592] [Netty Epoll Server IO #1/DEBUG] [net.minecraftforge.network.HandshakeHandler/FMLHANDSHAKE]: Received acknowledgement from client
[30Sep2026 19:53:16.602] [Server thread/DEBUG] [net.minecraftforge.network.HandshakeHandler/FMLHANDSHAKE]: Sending ticking packet info 'Registry minecraft:block' to 'fml:handshake' sequence 21
[30Sep2026 19:53:16.644] [Netty Epoll Server IO #1/DEBUG] [net.minecraftforge.network.LoginWrapper/FMLHANDSHAKE]: Recieved login wrapper packet event for channel fml:handshake with index 21
[30Sep2026 19:53:16.644] [Netty Epoll Server IO #1/DEBUG] [net.minecraftforge.network.HandshakeHandler/FMLHANDSHAKE]: Received client indexed reply 21 of type net.minecraftforge.network.HandshakeMessages$C2SAcknowledge
[30Sep2026 19:53:16.644] [Netty Epoll Server IO #1/DEBUG] [net.minecraftforge.network.HandshakeHandler/FMLHANDSHAKE]: Received acknowledgement from client
[30Sep2026 19:53:16.652] [Server thread/DEBUG] [net.minecraftforge.network.HandshakeHandler/FMLHANDSHAKE]: Sending ticking packet info 'Registry forge:entity_data_serializers' to 'fml:handshake' sequence 22
[30Sep2026 19:53:16.692] [Netty Epoll Server IO #1/DEBUG] [net.minecraftforge.network.LoginWrapper/FMLHANDSHAKE]: Recieved login wrapper packet event for channel fml:handshake with index 22
[30Sep2026 19:53:16.692] [Netty Epoll Server IO #1/DEBUG] [net.minecraftforge.network.HandshakeHandler/FMLHANDSHAKE]: Received client indexed reply 22 of type net.minecraftforge.network.HandshakeMessages$C2SAcknowledge
[30Sep2026 19:53:16.692] [Netty Epoll Server IO #1/DEBUG] [net.minecraftforge.network.HandshakeHandler/FMLHANDSHAKE]: Received acknowledgement from client
[30Sep2026 19:53:16.702] [Server thread/DEBUG] [net.minecraftforge.network.HandshakeHandler/FMLHANDSHAKE]: Sending ticking packet info 'Registry minecraft:mob_effect' to 'fml:handshake' sequence 23
[30Sep2026 19:53:16.740] [Netty Epoll Server IO #1/DEBUG] [net.minecraftforge.network.LoginWrapper/FMLHANDSHAKE]: Recieved login wrapper packet event for channel fml:handshake with index 23
[30Sep2026 19:53:16.740] [Netty Epoll Server IO #1/DEBUG] [net.minecraftforge.network.HandshakeHandler/FMLHANDSHAKE]: Received client indexed reply 23 of type net.minecraftforge.network.HandshakeMessages$C2SAcknowledge
[30Sep2026 19:53:16.740] [Netty Epoll Server IO #1/DEBUG] [net.minecraftforge.network.HandshakeHandler/FMLHANDSHAKE]: Received acknowledgement from client
[30Sep2026 19:53:16.752] [Server thread/DEBUG] [net.minecraftforge.network.HandshakeHandler/FMLHANDSHAKE]: Sending ticking packet info 'Registry epicfight:conditions' to 'fml:handshake' sequence 24
[30Sep2026 19:53:16.792] [Netty Epoll Server IO #1/DEBUG] [net.minecraftforge.network.LoginWrapper/FMLHANDSHAKE]: Recieved login wrapper packet event for channel fml:handshake with index 24
[30Sep2026 19:53:16.792] [Netty Epoll Server IO #1/DEBUG] [net.minecraftforge.network.HandshakeHandler/FMLHANDSHAKE]: Received client indexed reply 24 of type net.minecraftforge.network.HandshakeMessages$C2SAcknowledge
[30Sep2026 19:53:16.792] [Netty Epoll Server IO #1/DEBUG] [net.minecraftforge.network.HandshakeHandler/FMLHANDSHAKE]: Received acknowledgement from client
[30Sep2026 19:53:16.802] [Server thread/DEBUG] [net.minecraftforge.network.HandshakeHandler/FMLHANDSHAKE]: Sending ticking packet info 'Registry minecraft:enchantment' to 'fml:handshake' sequence 25
[30Sep2026 19:53:16.840] [Netty Epoll Server IO #1/DEBUG] [net.minecraftforge.network.LoginWrapper/FMLHANDSHAKE]: Recieved login wrapper packet event for channel fml:handshake with index 25
[30Sep2026 19:53:16.840] [Netty Epoll Server IO #1/DEBUG] [net.minecraftforge.network.HandshakeHandler/FMLHANDSHAKE]: Received client indexed reply 25 of type net.minecraftforge.network.HandshakeMessages$C2SAcknowledge
[30Sep2026 19:53:16.840] [Netty Epoll Server IO #1/DEBUG] [net.minecraftforge.network.HandshakeHandler/FMLHANDSHAKE]: Received acknowledgement from client
[30Sep2026 19:53:16.852] [Server thread/DEBUG] [net.minecraftforge.network.HandshakeHandler/FMLHANDSHAKE]: Sending ticking packet info 'Registry minecraft:entity_type' to 'fml:handshake' sequence 26
[30Sep2026 19:53:16.902] [Server thread/DEBUG] [net.minecraftforge.network.HandshakeHandler/FMLHANDSHAKE]: Sending ticking packet info 'Config curios-server.toml' to 'fml:handshake' sequence 27
[30Sep2026 19:53:16.952] [Server thread/DEBUG] [net.minecraftforge.network.HandshakeHandler/FMLHANDSHAKE]: Sending ticking packet info 'Config irons_spellbooks-server.toml' to 'fml:handshake' sequence 28
[30Sep2026 19:53:17.002] [Server thread/DEBUG] [net.minecraftforge.network.HandshakeHandler/FMLHANDSHAKE]: Sending ticking packet info 'Config epicfight-server.toml' to 'fml:handshake' sequence 29
[30Sep2026 19:53:17.052] [Server thread/DEBUG] [net.minecraftforge.network.HandshakeHandler/FMLHANDSHAKE]: Sending ticking packet info 'Config forge-server.toml' to 'fml:handshake' sequence 30
[30Sep2026 19:53:17.820] [Netty Epoll Server IO #1/DEBUG] [net.minecraftforge.network.LoginWrapper/FMLHANDSHAKE]: Recieved login wrapper packet event for channel fml:handshake with index 26
[30Sep2026 19:53:17.820] [Netty Epoll Server IO #1/DEBUG] [net.minecraftforge.network.HandshakeHandler/FMLHANDSHAKE]: Received client indexed reply 26 of type net.minecraftforge.network.HandshakeMessages$C2SAcknowledge
[30Sep2026 19:53:17.820] [Netty Epoll Server IO #1/DEBUG] [net.minecraftforge.network.HandshakeHandler/FMLHANDSHAKE]: Received acknowledgement from client
[30Sep2026 19:53:17.824] [Netty Epoll Server IO #1/DEBUG] [net.minecraftforge.network.LoginWrapper/FMLHANDSHAKE]: Recieved login wrapper packet event for channel fml:handshake with index 27
[30Sep2026 19:53:17.824] [Netty Epoll Server IO #1/DEBUG] [net.minecraftforge.network.HandshakeHandler/FMLHANDSHAKE]: Received client indexed reply 27 of type net.minecraftforge.network.HandshakeMessages$C2SAcknowledge
[30Sep2026 19:53:17.824] [Netty Epoll Server IO #1/DEBUG] [net.minecraftforge.network.HandshakeHandler/FMLHANDSHAKE]: Received acknowledgement from client
[30Sep2026 19:53:17.827] [Netty Epoll Server IO #1/DEBUG] [net.minecraftforge.network.LoginWrapper/FMLHANDSHAKE]: Recieved login wrapper packet event for channel fml:handshake with index 28
[30Sep2026 19:53:17.828] [Netty Epoll Server IO #1/DEBUG] [net.minecraftforge.network.HandshakeHandler/FMLHANDSHAKE]: Received client indexed reply 28 of type net.minecraftforge.network.HandshakeMessages$C2SAcknowledge
[30Sep2026 19:53:17.828] [Netty Epoll Server IO #1/DEBUG] [net.minecraftforge.network.HandshakeHandler/FMLHANDSHAKE]: Received acknowledgement from client
[30Sep2026 19:53:17.828] [Netty Epoll Server IO #1/DEBUG] [net.minecraftforge.network.LoginWrapper/FMLHANDSHAKE]: Recieved login wrapper packet event for channel fml:handshake with index 29
[30Sep2026 19:53:17.828] [Netty Epoll Server IO #1/DEBUG] [net.minecraftforge.network.HandshakeHandler/FMLHANDSHAKE]: Received client indexed reply 29 of type net.minecraftforge.network.HandshakeMessages$C2SAcknowledge
[30Sep2026 19:53:17.828] [Netty Epoll Server IO #1/DEBUG] [net.minecraftforge.network.HandshakeHandler/FMLHANDSHAKE]: Received acknowledgement from client
[30Sep2026 19:53:17.831] [Netty Epoll Server IO #1/DEBUG] [net.minecraftforge.network.LoginWrapper/FMLHANDSHAKE]: Recieved login wrapper packet event for channel fml:handshake with index 30
[30Sep2026 19:53:17.831] [Netty Epoll Server IO #1/DEBUG] [net.minecraftforge.network.HandshakeHandler/FMLHANDSHAKE]: Received client indexed reply 30 of type net.minecraftforge.network.HandshakeMessages$C2SAcknowledge
[30Sep2026 19:53:17.831] [Netty Epoll Server IO #1/DEBUG] [net.minecraftforge.network.HandshakeHandler/FMLHANDSHAKE]: Received acknowledgement from client
[30Sep2026 19:53:17.852] [Server thread/DEBUG] [net.minecraftforge.network.HandshakeHandler/FMLHANDSHAKE]: Handshake complete!
[30Sep2026 19:53:17.904] [Netty Epoll Server IO #1/DEBUG] [mixin/]: Mixing v1_19_4_forge.CompressionDecoderMixin from packetfixer.v1_19_4.forge.mixins.json into net.minecraft.network.CompressionDecoder
[30Sep2026 19:53:17.905] [Netty Epoll Server IO #1/DEBUG] [mixin/]: Mixing v1_19_4_forge.CompressionEncoderMixin from packetfixer.v1_19_4.forge.mixins.json into net.minecraft.network.CompressionEncoder
[30Sep2026 19:53:17.916] [Server thread/DEBUG] [mixin/]: Mixing FoodDataMixin from cataclysm.mixins.json into net.minecraft.world.food.FoodData
[30Sep2026 19:53:17.916] [Server thread/DEBUG] [mixin/]: Mixing FoodDataMixin from alexscaves.mixins.json into net.minecraft.world.food.FoodData
[30Sep2026 19:53:17.930] [Server thread/DEBUG] [mixin/]: Mixing AbilitiesMixin from attributeslib.mixins.json into net.minecraft.world.entity.player.Abilities
[30Sep2026 19:53:17.949] [Server thread/INFO] [net.minecraft.server.players.PlayerList/]: Jingeiei[/27.130.213.172:59187] logged in with entity id 234 at (-5.5, 72.0, 57.5)
[30Sep2026 19:53:17.956] [Server thread/DEBUG] [net.minecraftforge.network.filters.NetworkFilters/]: Injected net.minecraftforge.network.filters.ForgeConnectionNetworkFilter@53d45d2e into net.minecraft.network.Connection@779fb3fe
[30Sep2026 19:53:17.997] [Server thread/INFO] [net.minecraft.server.MinecraftServer/]: Jingeiei joined the game
[30Sep2026 19:53:18.008] [Server thread/DEBUG] [mixin/]: Mixing v1_19_4_forge.ClientboundLevelChunkPacketDataMixin from packetfixer.v1_19_4.forge.mixins.json into net.minecraft.network.protocol.game.ClientboundLevelChunkPacketData
[30Sep2026 19:53:18.185] [Server thread/INFO] [net.minecraft.server.MinecraftServer/]: Jingeiei has made the advancement [T.O Magic 'n Extras]
[30Sep2026 19:53:47.081] [Server thread/INFO] [net.minecraft.server.MinecraftServer/]: Made Jingeiei a server operator
[30Sep2026 19:53:48.447] [Netty Epoll Server IO #2/DEBUG] [net.minecraftforge.network.HandshakeHandler/FMLHANDSHAKE]: Starting new modded impl connection. Found 31 messages to dispatch.
[30Sep2026 19:53:48.459] [Server thread/DEBUG] [net.minecraftforge.network.HandshakeHandler/FMLHANDSHAKE]: Sending ticking packet info 'net.minecraftforge.network.HandshakeMessages$S2CModData' to 'fml:handshake' sequence 0
[30Sep2026 19:53:48.509] [Server thread/DEBUG] [net.minecraftforge.network.HandshakeHandler/FMLHANDSHAKE]: Sending ticking packet info 'net.minecraftforge.network.HandshakeMessages$S2CModList' to 'fml:handshake' sequence 1
[30Sep2026 19:53:48.546] [Netty Epoll Server IO #2/DEBUG] [net.minecraftforge.network.LoginWrapper/FMLHANDSHAKE]: Recieved login wrapper packet event for channel fml:handshake with index 1
[30Sep2026 19:53:48.546] [Netty Epoll Server IO #2/DEBUG] [net.minecraftforge.network.HandshakeHandler/FMLHANDSHAKE]: Received client indexed reply 1 of type net.minecraftforge.network.HandshakeMessages$C2SModListReply
[30Sep2026 19:53:48.546] [Netty Epoll Server IO #2/DEBUG] [net.minecraftforge.network.HandshakeHandler/FMLHANDSHAKE]: Received client connection with modlist [minecraft, invincible, daindicator, playeranimator, jei, irons_lib, xaerolib, lionfishapi, trender, traveloptics, notenoughanimations, cataclysm, curios, xaerominimap, xaeroworldmap, placebo, citadel, alexscaves, irons_spellbooks, cataclysm_magic_compat, attributeslib, saintsdragons, geckolib, pointblank, damageindicator, wo_traveloptics, transition, forge, ricks_stuff, packetfixer, embeddium, rubidium, oculus, distanthorizons, cdmoveset, epicfight, wom, dungeons_arise]
[30Sep2026 19:53:48.547] [Netty Epoll Server IO #2/DEBUG] [net.minecraftforge.network.NetworkRegistry/NETREGISTRY]: Channel 'lionfishapi:main_channel' : Version test of '1' from client : ACCEPTED
[30Sep2026 19:53:48.547] [Netty Epoll Server IO #2/DEBUG] [net.minecraftforge.network.NetworkRegistry/NETREGISTRY]: Channel 'irons_spellbooks:messages' : Version test of '1.0' from client : ACCEPTED
[30Sep2026 19:53:48.547] [Netty Epoll Server IO #2/DEBUG] [net.minecraftforge.network.NetworkRegistry/NETREGISTRY]: Channel 'wo_traveloptics:wo_traveloptics' : Version test of '1' from client : ACCEPTED
[30Sep2026 19:53:48.547] [Netty Epoll Server IO #2/DEBUG] [net.minecraftforge.network.NetworkRegistry/NETREGISTRY]: Channel 'fml:loginwrapper' : Version test of 'FML3' from client : ACCEPTED
[30Sep2026 19:53:48.547] [Netty Epoll Server IO #2/DEBUG] [net.minecraftforge.network.NetworkRegistry/NETREGISTRY]: Channel 'forge:tier_sorting' : Version test of '1.0' from client : ACCEPTED
[30Sep2026 19:53:48.547] [Netty Epoll Server IO #2/DEBUG] [net.minecraftforge.network.NetworkRegistry/NETREGISTRY]: Channel 'alexscaves:main_channel' : Version test of '1' from client : ACCEPTED
[30Sep2026 19:53:48.547] [Netty Epoll Server IO #2/DEBUG] [net.minecraftforge.network.NetworkRegistry/NETREGISTRY]: Channel 'pointblank:pointblank' : Version test of '2' from client : ACCEPTED
[30Sep2026 19:53:48.547] [Netty Epoll Server IO #2/DEBUG] [net.minecraftforge.network.NetworkRegistry/NETREGISTRY]: Channel 'saintsdragons:main' : Version test of '2' from client : ACCEPTED
[30Sep2026 19:53:48.547] [Netty Epoll Server IO #2/DEBUG] [net.minecraftforge.network.NetworkRegistry/NETREGISTRY]: Channel 'minecraft:unregister' : Version test of 'FML3' from client : ACCEPTED
[30Sep2026 19:53:48.547] [Netty Epoll Server IO #2/DEBUG] [net.minecraftforge.network.NetworkRegistry/NETREGISTRY]: Channel 'fml:play' : Version test of 'FML3' from client : ACCEPTED
[30Sep2026 19:53:48.547] [Netty Epoll Server IO #2/DEBUG] [net.minecraftforge.network.NetworkRegistry/NETREGISTRY]: Channel 'citadel:main_channel' : Version test of '1' from client : ACCEPTED
[30Sep2026 19:53:48.547] [Netty Epoll Server IO #2/DEBUG] [net.minecraftforge.network.NetworkRegistry/NETREGISTRY]: Channel 'cdmoveset:network_manager' : Version test of '1' from client : ACCEPTED
[30Sep2026 19:53:48.547] [Netty Epoll Server IO #2/DEBUG] [net.minecraftforge.network.NetworkRegistry/NETREGISTRY]: Channel 'ricks_stuff:messages' : Version test of '1.0' from client : ACCEPTED
[30Sep2026 19:53:48.547] [Netty Epoll Server IO #2/DEBUG] [net.minecraftforge.network.NetworkRegistry/NETREGISTRY]: Channel 'epicfight:network_manager' : Version test of '1' from client : ACCEPTED
[30Sep2026 19:53:48.547] [Netty Epoll Server IO #2/DEBUG] [net.minecraftforge.network.NetworkRegistry/NETREGISTRY]: Channel 'irons_lib:messages' : Version test of '1.0' from client : ACCEPTED
[30Sep2026 19:53:48.547] [Netty Epoll Server IO #2/DEBUG] [net.minecraftforge.network.NetworkRegistry/NETREGISTRY]: Channel 'fml:handshake' : Version test of 'FML3' from client : ACCEPTED
[30Sep2026 19:53:48.547] [Netty Epoll Server IO #2/DEBUG] [net.minecraftforge.network.NetworkRegistry/NETREGISTRY]: Channel 'curios:main' : Version test of '1' from client : ACCEPTED
[30Sep2026 19:53:48.547] [Netty Epoll Server IO #2/DEBUG] [net.minecraftforge.network.NetworkRegistry/NETREGISTRY]: Channel 'placebo:placebo' : Version test of '1.0.0' from client : ACCEPTED
[30Sep2026 19:53:48.547] [Netty Epoll Server IO #2/DEBUG] [net.minecraftforge.network.NetworkRegistry/NETREGISTRY]: Channel 'traveloptics:messages' : Version test of '1.0' from client : ACCEPTED
[30Sep2026 19:53:48.547] [Netty Epoll Server IO #2/DEBUG] [net.minecraftforge.network.NetworkRegistry/NETREGISTRY]: Channel 'minecraft:register' : Version test of 'FML3' from client : ACCEPTED
[30Sep2026 19:53:48.547] [Netty Epoll Server IO #2/DEBUG] [net.minecraftforge.network.NetworkRegistry/NETREGISTRY]: Channel 'forge:split' : Version test of '1.1' from client : ACCEPTED
[30Sep2026 19:53:48.547] [Netty Epoll Server IO #2/DEBUG] [net.minecraftforge.network.NetworkRegistry/NETREGISTRY]: Channel 'attributeslib:attributeslib' : Version test of '1.0.0' from client : ACCEPTED
[30Sep2026 19:53:48.547] [Netty Epoll Server IO #2/DEBUG] [net.minecraftforge.network.NetworkRegistry/NETREGISTRY]: Channel 'geckolib:main' : Version test of '1' from client : ACCEPTED
[30Sep2026 19:53:48.547] [Netty Epoll Server IO #2/DEBUG] [net.minecraftforge.network.NetworkRegistry/NETREGISTRY]: Channel 'cataclysm:main_channel' : Version test of '1' from client : ACCEPTED
[30Sep2026 19:53:48.547] [Netty Epoll Server IO #2/DEBUG] [net.minecraftforge.network.NetworkRegistry/NETREGISTRY]: Accepting channel list from client
[30Sep2026 19:53:48.547] [Netty Epoll Server IO #2/DEBUG] [net.minecraftforge.network.HandshakeHandler/FMLHANDSHAKE]: Accepted client connection mod list
[30Sep2026 19:53:48.559] [Server thread/DEBUG] [net.minecraftforge.network.HandshakeHandler/FMLHANDSHAKE]: Sending ticking packet info 'Registry minecraft:command_argument_type' to 'fml:handshake' sequence 2
[30Sep2026 19:53:48.594] [Netty Epoll Server IO #2/DEBUG] [net.minecraftforge.network.LoginWrapper/FMLHANDSHAKE]: Recieved login wrapper packet event for channel fml:handshake with index 2
[30Sep2026 19:53:48.594] [Netty Epoll Server IO #2/DEBUG] [net.minecraftforge.network.HandshakeHandler/FMLHANDSHAKE]: Received client indexed reply 2 of type net.minecraftforge.network.HandshakeMessages$C2SAcknowledge
[30Sep2026 19:53:48.594] [Netty Epoll Server IO #2/DEBUG] [net.minecraftforge.network.HandshakeHandler/FMLHANDSHAKE]: Received acknowledgement from client
[30Sep2026 19:53:48.611] [Server thread/DEBUG] [net.minecraftforge.network.HandshakeHandler/FMLHANDSHAKE]: Sending ticking packet info 'Registry irons_spellbooks:schools' to 'fml:handshake' sequence 3
[30Sep2026 19:53:48.646] [Netty Epoll Server IO #2/DEBUG] [net.minecraftforge.network.LoginWrapper/FMLHANDSHAKE]: Recieved login wrapper packet event for channel fml:handshake with index 3
[30Sep2026 19:53:48.646] [Netty Epoll Server IO #2/DEBUG] [net.minecraftforge.network.HandshakeHandler/FMLHANDSHAKE]: Received client indexed reply 3 of type net.minecraftforge.network.HandshakeMessages$C2SAcknowledge
[30Sep2026 19:53:48.646] [Netty Epoll Server IO #2/DEBUG] [net.minecraftforge.network.HandshakeHandler/FMLHANDSHAKE]: Received acknowledgement from client
[30Sep2026 19:53:48.661] [Server thread/DEBUG] [net.minecraftforge.network.HandshakeHandler/FMLHANDSHAKE]: Sending ticking packet info 'Registry minecraft:villager_profession' to 'fml:handshake' sequence 4
[30Sep2026 19:53:48.694] [Netty Epoll Server IO #2/DEBUG] [net.minecraftforge.network.LoginWrapper/FMLHANDSHAKE]: Recieved login wrapper packet event for channel fml:handshake with index 4
[30Sep2026 19:53:48.694] [Netty Epoll Server IO #2/DEBUG] [net.minecraftforge.network.HandshakeHandler/FMLHANDSHAKE]: Received client indexed reply 4 of type net.minecraftforge.network.HandshakeMessages$C2SAcknowledge
[30Sep2026 19:53:48.694] [Netty Epoll Server IO #2/DEBUG] [net.minecraftforge.network.HandshakeHandler/FMLHANDSHAKE]: Received acknowledgement from client
[30Sep2026 19:53:48.709] [Server thread/DEBUG] [net.minecraftforge.network.HandshakeHandler/FMLHANDSHAKE]: Sending ticking packet info 'Registry minecraft:item' to 'fml:handshake' sequence 5
[30Sep2026 19:53:48.761] [Server thread/DEBUG] [net.minecraftforge.network.HandshakeHandler/FMLHANDSHAKE]: Sending ticking packet info 'Registry minecraft:potion' to 'fml:handshake' sequence 6
[30Sep2026 19:53:48.809] [Server thread/DEBUG] [net.minecraftforge.network.HandshakeHandler/FMLHANDSHAKE]: Sending ticking packet info 'Registry minecraft:block_entity_type' to 'fml:handshake' sequence 7
[30Sep2026 19:53:48.822] [Netty Epoll Server IO #2/DEBUG] [net.minecraftforge.network.LoginWrapper/FMLHANDSHAKE]: Recieved login wrapper packet event for channel fml:handshake with index 5
[30Sep2026 19:53:48.822] [Netty Epoll Server IO #2/DEBUG] [net.minecraftforge.network.HandshakeHandler/FMLHANDSHAKE]: Received client indexed reply 5 of type net.minecraftforge.network.HandshakeMessages$C2SAcknowledge
[30Sep2026 19:53:48.822] [Netty Epoll Server IO #2/DEBUG] [net.minecraftforge.network.HandshakeHandler/FMLHANDSHAKE]: Received acknowledgement from client
[30Sep2026 19:53:48.822] [Netty Epoll Server IO #2/DEBUG] [net.minecraftforge.network.LoginWrapper/FMLHANDSHAKE]: Recieved login wrapper packet event for channel fml:handshake with index 6
[30Sep2026 19:53:48.822] [Netty Epoll Server IO #2/DEBUG] [net.minecraftforge.network.HandshakeHandler/FMLHANDSHAKE]: Received client indexed reply 6 of type net.minecraftforge.network.HandshakeMessages$C2SAcknowledge
[30Sep2026 19:53:48.822] [Netty Epoll Server IO #2/DEBUG] [net.minecraftforge.network.HandshakeHandler/FMLHANDSHAKE]: Received acknowledgement from client
[30Sep2026 19:53:48.846] [Netty Epoll Server IO #2/DEBUG] [net.minecraftforge.network.LoginWrapper/FMLHANDSHAKE]: Recieved login wrapper packet event for channel fml:handshake with index 7
[30Sep2026 19:53:48.846] [Netty Epoll Server IO #2/DEBUG] [net.minecraftforge.network.HandshakeHandler/FMLHANDSHAKE]: Received client indexed reply 7 of type net.minecraftforge.network.HandshakeMessages$C2SAcknowledge
[30Sep2026 19:53:48.846] [Netty Epoll Server IO #2/DEBUG] [net.minecraftforge.network.HandshakeHandler/FMLHANDSHAKE]: Received acknowledgement from client
[30Sep2026 19:53:48.858] [Server thread/DEBUG] [net.minecraftforge.network.HandshakeHandler/FMLHANDSHAKE]: Sending ticking packet info 'Registry forge:display_contexts' to 'fml:handshake' sequence 8
[30Sep2026 19:53:48.894] [Netty Epoll Server IO #2/DEBUG] [net.minecraftforge.network.LoginWrapper/FMLHANDSHAKE]: Recieved login wrapper packet event for channel fml:handshake with index 8
[30Sep2026 19:53:48.894] [Netty Epoll Server IO #2/DEBUG] [net.minecraftforge.network.HandshakeHandler/FMLHANDSHAKE]: Received client indexed reply 8 of type net.minecraftforge.network.HandshakeMessages$C2SAcknowledge
[30Sep2026 19:53:48.894] [Netty Epoll Server IO #2/DEBUG] [net.minecraftforge.network.HandshakeHandler/FMLHANDSHAKE]: Received acknowledgement from client
[30Sep2026 19:53:48.910] [Server thread/DEBUG] [net.minecraftforge.network.HandshakeHandler/FMLHANDSHAKE]: Sending ticking packet info 'Registry irons_spellbooks:spells' to 'fml:handshake' sequence 9
[30Sep2026 19:53:48.946] [Netty Epoll Server IO #2/DEBUG] [net.minecraftforge.network.LoginWrapper/FMLHANDSHAKE]: Recieved login wrapper packet event for channel fml:handshake with index 9
[30Sep2026 19:53:48.946] [Netty Epoll Server IO #2/DEBUG] [net.minecraftforge.network.HandshakeHandler/FMLHANDSHAKE]: Received client indexed reply 9 of type net.minecraftforge.network.HandshakeMessages$C2SAcknowledge
[30Sep2026 19:53:48.946] [Netty Epoll Server IO #2/DEBUG] [net.minecraftforge.network.HandshakeHandler/FMLHANDSHAKE]: Received acknowledgement from client
[30Sep2026 19:53:48.959] [Server thread/DEBUG] [net.minecraftforge.network.HandshakeHandler/FMLHANDSHAKE]: Sending ticking packet info 'Registry minecraft:stat_type' to 'fml:handshake' sequence 10
[30Sep2026 19:53:48.994] [Netty Epoll Server IO #2/DEBUG] [net.minecraftforge.network.LoginWrapper/FMLHANDSHAKE]: Recieved login wrapper packet event for channel fml:handshake with index 10
[30Sep2026 19:53:48.994] [Netty Epoll Server IO #2/DEBUG] [net.minecraftforge.network.HandshakeHandler/FMLHANDSHAKE]: Received client indexed reply 10 of type net.minecraftforge.network.HandshakeMessages$C2SAcknowledge
[30Sep2026 19:53:48.994] [Netty Epoll Server IO #2/DEBUG] [net.minecraftforge.network.HandshakeHandler/FMLHANDSHAKE]: Received acknowledgement from client
[30Sep2026 19:53:49.008] [Server thread/DEBUG] [net.minecraftforge.network.HandshakeHandler/FMLHANDSHAKE]: Sending ticking packet info 'Registry epicfight:synched_animation_variable_keys' to 'fml:handshake' sequence 11
[30Sep2026 19:53:49.042] [Netty Epoll Server IO #2/DEBUG] [net.minecraftforge.network.LoginWrapper/FMLHANDSHAKE]: Recieved login wrapper packet event for channel fml:handshake with index 11
[30Sep2026 19:53:49.042] [Netty Epoll Server IO #2/DEBUG] [net.minecraftforge.network.HandshakeHandler/FMLHANDSHAKE]: Received client indexed reply 11 of type net.minecraftforge.network.HandshakeMessages$C2SAcknowledge
[30Sep2026 19:53:49.042] [Netty Epoll Server IO #2/DEBUG] [net.minecraftforge.network.HandshakeHandler/FMLHANDSHAKE]: Received acknowledgement from client
[30Sep2026 19:53:49.059] [Server thread/DEBUG] [net.minecraftforge.network.HandshakeHandler/FMLHANDSHAKE]: Sending ticking packet info 'Registry minecraft:menu' to 'fml:handshake' sequence 12
[30Sep2026 19:53:49.094] [Netty Epoll Server IO #2/DEBUG] [net.minecraftforge.network.LoginWrapper/FMLHANDSHAKE]: Recieved login wrapper packet event for channel fml:handshake with index 12
[30Sep2026 19:53:49.094] [Netty Epoll Server IO #2/DEBUG] [net.minecraftforge.network.HandshakeHandler/FMLHANDSHAKE]: Received client indexed reply 12 of type net.minecraftforge.network.HandshakeMessages$C2SAcknowledge
[30Sep2026 19:53:49.094] [Netty Epoll Server IO #2/DEBUG] [net.minecraftforge.network.HandshakeHandler/FMLHANDSHAKE]: Received acknowledgement from client
[30Sep2026 19:53:49.109] [Server thread/DEBUG] [net.minecraftforge.network.HandshakeHandler/FMLHANDSHAKE]: Sending ticking packet info 'Registry minecraft:fluid' to 'fml:handshake' sequence 13
[30Sep2026 19:53:49.142] [Netty Epoll Server IO #2/DEBUG] [net.minecraftforge.network.LoginWrapper/FMLHANDSHAKE]: Recieved login wrapper packet event for channel fml:handshake with index 13
[30Sep2026 19:53:49.142] [Netty Epoll Server IO #2/DEBUG] [net.minecraftforge.network.HandshakeHandler/FMLHANDSHAKE]: Received client indexed reply 13 of type net.minecraftforge.network.HandshakeMessages$C2SAcknowledge
[30Sep2026 19:53:49.142] [Netty Epoll Server IO #2/DEBUG] [net.minecraftforge.network.HandshakeHandler/FMLHANDSHAKE]: Received acknowledgement from client
[30Sep2026 19:53:49.159] [Server thread/DEBUG] [net.minecraftforge.network.HandshakeHandler/FMLHANDSHAKE]: Sending ticking packet info 'Registry epicfight:skill' to 'fml:handshake' sequence 14
[30Sep2026 19:53:49.194] [Netty Epoll Server IO #2/DEBUG] [net.minecraftforge.network.LoginWrapper/FMLHANDSHAKE]: Recieved login wrapper packet event for channel fml:handshake with index 14
[30Sep2026 19:53:49.194] [Netty Epoll Server IO #2/DEBUG] [net.minecraftforge.network.HandshakeHandler/FMLHANDSHAKE]: Received client indexed reply 14 of type net.minecraftforge.network.HandshakeMessages$C2SAcknowledge
[30Sep2026 19:53:49.194] [Netty Epoll Server IO #2/DEBUG] [net.minecraftforge.network.HandshakeHandler/FMLHANDSHAKE]: Received acknowledgement from client
[30Sep2026 19:53:49.213] [Server thread/DEBUG] [net.minecraftforge.network.HandshakeHandler/FMLHANDSHAKE]: Sending ticking packet info 'Registry minecraft:recipe_serializer' to 'fml:handshake' sequence 15
[30Sep2026 19:53:49.250] [Netty Epoll Server IO #2/DEBUG] [net.minecraftforge.network.LoginWrapper/FMLHANDSHAKE]: Recieved login wrapper packet event for channel fml:handshake with index 15
[30Sep2026 19:53:49.250] [Netty Epoll Server IO #2/DEBUG] [net.minecraftforge.network.HandshakeHandler/FMLHANDSHAKE]: Received client indexed reply 15 of type net.minecraftforge.network.HandshakeMessages$C2SAcknowledge
[30Sep2026 19:53:49.250] [Netty Epoll Server IO #2/DEBUG] [net.minecraftforge.network.HandshakeHandler/FMLHANDSHAKE]: Received acknowledgement from client
[30Sep2026 19:53:49.263] [Server thread/DEBUG] [net.minecraftforge.network.HandshakeHandler/FMLHANDSHAKE]: Sending ticking packet info 'Registry minecraft:sound_event' to 'fml:handshake' sequence 16
[30Sep2026 19:53:49.314] [Server thread/DEBUG] [net.minecraftforge.network.HandshakeHandler/FMLHANDSHAKE]: Sending ticking packet info 'Registry minecraft:particle_type' to 'fml:handshake' sequence 17
[30Sep2026 19:53:49.338] [Netty Epoll Server IO #2/DEBUG] [net.minecraftforge.network.LoginWrapper/FMLHANDSHAKE]: Recieved login wrapper packet event for channel fml:handshake with index 16
[30Sep2026 19:53:49.338] [Netty Epoll Server IO #2/DEBUG] [net.minecraftforge.network.HandshakeHandler/FMLHANDSHAKE]: Received client indexed reply 16 of type net.minecraftforge.network.HandshakeMessages$C2SAcknowledge
[30Sep2026 19:53:49.338] [Netty Epoll Server IO #2/DEBUG] [net.minecraftforge.network.HandshakeHandler/FMLHANDSHAKE]: Received acknowledgement from client
[30Sep2026 19:53:49.350] [Netty Epoll Server IO #2/DEBUG] [net.minecraftforge.network.LoginWrapper/FMLHANDSHAKE]: Recieved login wrapper packet event for channel fml:handshake with index 17
[30Sep2026 19:53:49.350] [Netty Epoll Server IO #2/DEBUG] [net.minecraftforge.network.HandshakeHandler/FMLHANDSHAKE]: Received client indexed reply 17 of type net.minecraftforge.network.HandshakeMessages$C2SAcknowledge
[30Sep2026 19:53:49.350] [Netty Epoll Server IO #2/DEBUG] [net.minecraftforge.network.HandshakeHandler/FMLHANDSHAKE]: Received acknowledgement from client
[30Sep2026 19:53:49.363] [Server thread/DEBUG] [net.minecraftforge.network.HandshakeHandler/FMLHANDSHAKE]: Sending ticking packet info 'Registry minecraft:painting_variant' to 'fml:handshake' sequence 18
[30Sep2026 19:53:49.398] [Netty Epoll Server IO #2/DEBUG] [net.minecraftforge.network.LoginWrapper/FMLHANDSHAKE]: Recieved login wrapper packet event for channel fml:handshake with index 18
[30Sep2026 19:53:49.398] [Netty Epoll Server IO #2/DEBUG] [net.minecraftforge.network.HandshakeHandler/FMLHANDSHAKE]: Received client indexed reply 18 of type net.minecraftforge.network.HandshakeMessages$C2SAcknowledge
[30Sep2026 19:53:49.398] [Netty Epoll Server IO #2/DEBUG] [net.minecraftforge.network.HandshakeHandler/FMLHANDSHAKE]: Received acknowledgement from client
[30Sep2026 19:53:49.413] [Server thread/DEBUG] [net.minecraftforge.network.HandshakeHandler/FMLHANDSHAKE]: Sending ticking packet info 'Registry forge:fluid_type' to 'fml:handshake' sequence 19
[30Sep2026 19:53:49.446] [Netty Epoll Server IO #2/DEBUG] [net.minecraftforge.network.LoginWrapper/FMLHANDSHAKE]: Recieved login wrapper packet event for channel fml:handshake with index 19
[30Sep2026 19:53:49.447] [Netty Epoll Server IO #2/DEBUG] [net.minecraftforge.network.HandshakeHandler/FMLHANDSHAKE]: Received client indexed reply 19 of type net.minecraftforge.network.HandshakeMessages$C2SAcknowledge
[30Sep2026 19:53:49.447] [Netty Epoll Server IO #2/DEBUG] [net.minecraftforge.network.HandshakeHandler/FMLHANDSHAKE]: Received acknowledgement from client
[30Sep2026 19:53:49.458] [Server thread/DEBUG] [net.minecraftforge.network.HandshakeHandler/FMLHANDSHAKE]: Sending ticking packet info 'Registry epicfight:skill_data_keys' to 'fml:handshake' sequence 20
[30Sep2026 19:53:49.494] [Netty Epoll Server IO #2/DEBUG] [net.minecraftforge.network.LoginWrapper/FMLHANDSHAKE]: Recieved login wrapper packet event for channel fml:handshake with index 20
[30Sep2026 19:53:49.494] [Netty Epoll Server IO #2/DEBUG] [net.minecraftforge.network.HandshakeHandler/FMLHANDSHAKE]: Received client indexed reply 20 of type net.minecraftforge.network.HandshakeMessages$C2SAcknowledge
[30Sep2026 19:53:49.494] [Netty Epoll Server IO #2/DEBUG] [net.minecraftforge.network.HandshakeHandler/FMLHANDSHAKE]: Received acknowledgement from client
[30Sep2026 19:53:49.508] [Server thread/DEBUG] [net.minecraftforge.network.HandshakeHandler/FMLHANDSHAKE]: Sending ticking packet info 'Registry minecraft:block' to 'fml:handshake' sequence 21
[30Sep2026 19:53:49.546] [Netty Epoll Server IO #2/DEBUG] [net.minecraftforge.network.LoginWrapper/FMLHANDSHAKE]: Recieved login wrapper packet event for channel fml:handshake with index 21
[30Sep2026 19:53:49.546] [Netty Epoll Server IO #2/DEBUG] [net.minecraftforge.network.HandshakeHandler/FMLHANDSHAKE]: Received client indexed reply 21 of type net.minecraftforge.network.HandshakeMessages$C2SAcknowledge
[30Sep2026 19:53:49.546] [Netty Epoll Server IO #2/DEBUG] [net.minecraftforge.network.HandshakeHandler/FMLHANDSHAKE]: Received acknowledgement from client
[30Sep2026 19:53:49.560] [Server thread/DEBUG] [net.minecraftforge.network.HandshakeHandler/FMLHANDSHAKE]: Sending ticking packet info 'Registry forge:entity_data_serializers' to 'fml:handshake' sequence 22
[30Sep2026 19:53:49.594] [Netty Epoll Server IO #2/DEBUG] [net.minecraftforge.network.LoginWrapper/FMLHANDSHAKE]: Recieved login wrapper packet event for channel fml:handshake with index 22
[30Sep2026 19:53:49.594] [Netty Epoll Server IO #2/DEBUG] [net.minecraftforge.network.HandshakeHandler/FMLHANDSHAKE]: Received client indexed reply 22 of type net.minecraftforge.network.HandshakeMessages$C2SAcknowledge
[30Sep2026 19:53:49.594] [Netty Epoll Server IO #2/DEBUG] [net.minecraftforge.network.HandshakeHandler/FMLHANDSHAKE]: Received acknowledgement from client
[30Sep2026 19:53:49.610] [Server thread/DEBUG] [net.minecraftforge.network.HandshakeHandler/FMLHANDSHAKE]: Sending ticking packet info 'Registry minecraft:mob_effect' to 'fml:handshake' sequence 23
[30Sep2026 19:53:49.646] [Netty Epoll Server IO #2/DEBUG] [net.minecraftforge.network.LoginWrapper/FMLHANDSHAKE]: Recieved login wrapper packet event for channel fml:handshake with index 23
[30Sep2026 19:53:49.646] [Netty Epoll Server IO #2/DEBUG] [net.minecraftforge.network.HandshakeHandler/FMLHANDSHAKE]: Received client indexed reply 23 of type net.minecraftforge.network.HandshakeMessages$C2SAcknowledge
[30Sep2026 19:53:49.646] [Netty Epoll Server IO #2/DEBUG] [net.minecraftforge.network.HandshakeHandler/FMLHANDSHAKE]: Received acknowledgement from client
[30Sep2026 19:53:49.659] [Server thread/DEBUG] [net.minecraftforge.network.HandshakeHandler/FMLHANDSHAKE]: Sending ticking packet info 'Registry epicfight:conditions' to 'fml:handshake' sequence 24
[30Sep2026 19:53:49.694] [Netty Epoll Server IO #2/DEBUG] [net.minecraftforge.network.LoginWrapper/FMLHANDSHAKE]: Recieved login wrapper packet event for channel fml:handshake with index 24
[30Sep2026 19:53:49.694] [Netty Epoll Server IO #2/DEBUG] [net.minecraftforge.network.HandshakeHandler/FMLHANDSHAKE]: Received client indexed reply 24 of type net.minecraftforge.network.HandshakeMessages$C2SAcknowledge
[30Sep2026 19:53:49.694] [Netty Epoll Server IO #2/DEBUG] [net.minecraftforge.network.HandshakeHandler/FMLHANDSHAKE]: Received acknowledgement from client
[30Sep2026 19:53:49.708] [Server thread/DEBUG] [net.minecraftforge.network.HandshakeHandler/FMLHANDSHAKE]: Sending ticking packet info 'Registry minecraft:enchantment' to 'fml:handshake' sequence 25
[30Sep2026 19:53:49.742] [Netty Epoll Server IO #2/DEBUG] [net.minecraftforge.network.LoginWrapper/FMLHANDSHAKE]: Recieved login wrapper packet event for channel fml:handshake with index 25
[30Sep2026 19:53:49.742] [Netty Epoll Server IO #2/DEBUG] [net.minecraftforge.network.HandshakeHandler/FMLHANDSHAKE]: Received client indexed reply 25 of type net.minecraftforge.network.HandshakeMessages$C2SAcknowledge
[30Sep2026 19:53:49.742] [Netty Epoll Server IO #2/DEBUG] [net.minecraftforge.network.HandshakeHandler/FMLHANDSHAKE]: Received acknowledgement from client
[30Sep2026 19:53:49.758] [Server thread/DEBUG] [net.minecraftforge.network.HandshakeHandler/FMLHANDSHAKE]: Sending ticking packet info 'Registry minecraft:entity_type' to 'fml:handshake' sequence 26
[30Sep2026 19:53:49.809] [Server thread/DEBUG] [net.minecraftforge.network.HandshakeHandler/FMLHANDSHAKE]: Sending ticking packet info 'Config curios-server.toml' to 'fml:handshake' sequence 27
[30Sep2026 19:53:49.860] [Server thread/DEBUG] [net.minecraftforge.network.HandshakeHandler/FMLHANDSHAKE]: Sending ticking packet info 'Config irons_spellbooks-server.toml' to 'fml:handshake' sequence 28
[30Sep2026 19:53:49.910] [Server thread/DEBUG] [net.minecraftforge.network.HandshakeHandler/FMLHANDSHAKE]: Sending ticking packet info 'Config epicfight-server.toml' to 'fml:handshake' sequence 29
[30Sep2026 19:53:49.959] [Server thread/DEBUG] [net.minecraftforge.network.HandshakeHandler/FMLHANDSHAKE]: Sending ticking packet info 'Config forge-server.toml' to 'fml:handshake' sequence 30
[30Sep2026 19:53:51.106] [Netty Epoll Server IO #2/DEBUG] [net.minecraftforge.network.LoginWrapper/FMLHANDSHAKE]: Recieved login wrapper packet event for channel fml:handshake with index 26
[30Sep2026 19:53:51.106] [Netty Epoll Server IO #2/DEBUG] [net.minecraftforge.network.HandshakeHandler/FMLHANDSHAKE]: Received client indexed reply 26 of type net.minecraftforge.network.HandshakeMessages$C2SAcknowledge
[30Sep2026 19:53:51.106] [Netty Epoll Server IO #2/DEBUG] [net.minecraftforge.network.HandshakeHandler/FMLHANDSHAKE]: Received acknowledgement from client
[30Sep2026 19:53:51.110] [Netty Epoll Server IO #2/DEBUG] [net.minecraftforge.network.LoginWrapper/FMLHANDSHAKE]: Recieved login wrapper packet event for channel fml:handshake with index 27
[30Sep2026 19:53:51.110] [Netty Epoll Server IO #2/DEBUG] [net.minecraftforge.network.HandshakeHandler/FMLHANDSHAKE]: Received client indexed reply 27 of type net.minecraftforge.network.HandshakeMessages$C2SAcknowledge
[30Sep2026 19:53:51.110] [Netty Epoll Server IO #2/DEBUG] [net.minecraftforge.network.HandshakeHandler/FMLHANDSHAKE]: Received acknowledgement from client
[30Sep2026 19:53:51.110] [Netty Epoll Server IO #2/DEBUG] [net.minecraftforge.network.LoginWrapper/FMLHANDSHAKE]: Recieved login wrapper packet event for channel fml:handshake with index 28
[30Sep2026 19:53:51.110] [Netty Epoll Server IO #2/DEBUG] [net.minecraftforge.network.HandshakeHandler/FMLHANDSHAKE]: Received client indexed reply 28 of type net.minecraftforge.network.HandshakeMessages$C2SAcknowledge
[30Sep2026 19:53:51.110] [Netty Epoll Server IO #2/DEBUG] [net.minecraftforge.network.HandshakeHandler/FMLHANDSHAKE]: Received acknowledgement from client
[30Sep2026 19:53:51.110] [Netty Epoll Server IO #2/DEBUG] [net.minecraftforge.network.LoginWrapper/FMLHANDSHAKE]: Recieved login wrapper packet event for channel fml:handshake with index 29
[30Sep2026 19:53:51.110] [Netty Epoll Server IO #2/DEBUG] [net.minecraftforge.network.HandshakeHandler/FMLHANDSHAKE]: Received client indexed reply 29 of type net.minecraftforge.network.HandshakeMessages$C2SAcknowledge
[30Sep2026 19:53:51.110] [Netty Epoll Server IO #2/DEBUG] [net.minecraftforge.network.HandshakeHandler/FMLHANDSHAKE]: Received acknowledgement from client
[30Sep2026 19:53:51.110] [Netty Epoll Server IO #2/DEBUG] [net.minecraftforge.network.LoginWrapper/FMLHANDSHAKE]: Recieved login wrapper packet event for channel fml:handshake with index 30
[30Sep2026 19:53:51.110] [Netty Epoll Server IO #2/DEBUG] [net.minecraftforge.network.HandshakeHandler/FMLHANDSHAKE]: Received client indexed reply 30 of type net.minecraftforge.network.HandshakeMessages$C2SAcknowledge
[30Sep2026 19:53:51.110] [Netty Epoll Server IO #2/DEBUG] [net.minecraftforge.network.HandshakeHandler/FMLHANDSHAKE]: Received acknowledgement from client
[30Sep2026 19:53:51.159] [Server thread/DEBUG] [net.minecraftforge.network.HandshakeHandler/FMLHANDSHAKE]: Handshake complete!
[30Sep2026 19:53:51.217] [Server thread/INFO] [net.minecraft.server.players.PlayerList/]: JobjebI[/27.130.213.172:52957] logged in with entity id 340 at (-7.5, 73.0, 63.5)
[30Sep2026 19:53:51.217] [Server thread/DEBUG] [net.minecraftforge.network.filters.NetworkFilters/]: Injected net.minecraftforge.network.filters.ForgeConnectionNetworkFilter@4089ab5c into net.minecraft.network.Connection@30c62eca
[30Sep2026 19:53:51.222] [Server thread/INFO] [net.minecraft.server.MinecraftServer/]: JobjebI joined the game
[30Sep2026 19:53:51.308] [Server thread/INFO] [net.minecraft.server.MinecraftServer/]: JobjebI has made the advancement [T.O Magic 'n Extras]
[30Sep2026 19:54:17.647] [Server thread/WARN] [net.minecraft.server.level.ServerPlayerGameMode/]: Mismatch in destroy block pos: BlockPos{x=0, y=0, z=0} BlockPos{x=-3, y=73, z=62}
[30Sep2026 19:54:20.549] [Server thread/INFO] [net.minecraft.server.MinecraftServer/]: Jingeiei has made the advancement [Sweet Dreams]
[30Sep2026 19:54:39.919] [Server thread/DEBUG] [mixin/]: Mixing CombatRulesMixin from attributeslib.mixins.json into net.minecraft.world.damagesource.CombatRules
[30Sep2026 19:54:56.960] [Server thread/INFO] [net.minecraft.server.MinecraftServer/]: JobjebI was slain by Piglin Brute
[30Sep2026 19:55:14.007] [Server thread/INFO] [net.minecraft.server.MinecraftServer/]: JobjebI was slain by Piglin Brute
[30Sep2026 19:55:15.264] [Server thread/INFO] [net.minecraft.server.MinecraftServer/]: Made JobjebI a server operator
[30Sep2026 19:55:30.957] [Server thread/INFO] [net.minecraft.server.MinecraftServer/]: Jingeiei was slain by Zombie
[30Sep2026 19:55:38.721] [Server thread/INFO] [net.minecraft.server.MinecraftServer/]: [Jingeiei: Set the time to 1000]
[30Sep2026 19:55:41.241] [Server thread/INFO] [net.minecraft.server.MinecraftServer/]: [JobjebI: Gamerule keepInventory is now set to: true]
[30Sep2026 19:55:53.301] [Server thread/INFO] [net.minecraft.server.MinecraftServer/]: [Jingeiei: Teleported Jingeiei to JobjebI]
[30Sep2026 19:56:24.832] [Server thread/DEBUG] [net.minecraftforge.common.ForgeHooks/WP]: Gathering id map for writing to world save world
[30Sep2026 19:56:24.839] [Server thread/DEBUG] [net.minecraftforge.common.ForgeHooks/WP]: ID Map collection complete world
[30Sep2026 19:56:58.764] [Worker-Main-3/DEBUG] [mixin/]: Mixing accessor.WorldGenRegionAccessor from cataclysm.mixins.json into net.minecraft.server.level.WorldGenRegion
[30Sep2026 19:56:58.968] [Worker-Main-1/DEBUG] [mixin/]: Mixing NoiseChunkMixin from mixins.irons_spellbooks.json into net.minecraft.world.level.levelgen.NoiseChunk
[30Sep2026 19:56:58.979] [Worker-Main-1/DEBUG] [mixin/]: Mixing accessor.BeardifierAccessor from cataclysm.mixins.json into net.minecraft.world.level.levelgen.Beardifier
[30Sep2026 19:56:58.979] [Worker-Main-1/DEBUG] [mixin/]: Mixing BeardifierMixin from mixins.irons_spellbooks.json into net.minecraft.world.level.levelgen.Beardifier
[30Sep2026 19:56:59.142] [Worker-Main-3/INFO] [citadel/]: merged 6 surface rules with vanilla rule SequenceRuleSource
[30Sep2026 19:56:59.142] [Worker-Main-3/DEBUG] [citadel/]: surface rule recursive depth: 15
[30Sep2026 19:59:16.167] [Server thread/INFO] [net.minecraft.server.MinecraftServer/]: [JobjebI: Teleported JobjebI to -117.500000, 95.500000, -29.500000]
[30Sep2026 19:59:16.199] [Server thread/WARN] [net.minecraft.server.network.ServerGamePacketListenerImpl/]: JobjebI moved too quickly! -111.86971998202904,21.5,-91.43244418952962
[30Sep2026 20:00:17.140] [Server thread/INFO] [net.minecraft.server.MinecraftServer/]: [JobjebI: Teleported JobjebI to Jingeiei]
[30Sep2026 20:00:30.413] [Server thread/INFO] [net.minecraft.server.MinecraftServer/]: Jingeiei has made the advancement [Stone Age]
[30Sep2026 20:00:48.650] [Server thread/INFO] [net.minecraft.server.MinecraftServer/]: [JobjebI: The difficulty has been set to Normal]
[30Sep2026 20:01:24.829] [Server thread/DEBUG] [citadel/]: saving unmodified surface rules as type SequenceRuleSource
[30Sep2026 20:01:24.829] [Server thread/DEBUG] [citadel/]: modified surface rules to type CitadelSurfaceRuleWrapper
[30Sep2026 20:01:24.830] [Server thread/DEBUG] [net.minecraftforge.common.ForgeHooks/WP]: Gathering id map for writing to world save world
[30Sep2026 20:01:24.837] [Server thread/DEBUG] [net.minecraftforge.common.ForgeHooks/WP]: ID Map collection complete world
[30Sep2026 20:01:33.346] [Server thread/INFO] [net.minecraft.server.MinecraftServer/]: Jingeiei has made the advancement [Getting an Upgrade]
[30Sep2026 20:01:38.808] [Server thread/INFO] [net.minecraft.server.MinecraftServer/]: JobjebI has made the advancement [Getting an Upgrade]
[30Sep2026 20:01:42.559] [Server thread/INFO] [net.minecraft.server.MinecraftServer/]: JobjebI has made the advancement [Stone Age]
[30Sep2026 20:05:09.045] [Server thread/INFO] [net.minecraft.server.MinecraftServer/]: [JobjebI: Teleported JobjebI to -166.500000, 139.500000, 278.500000]
[30Sep2026 20:05:20.838] [Server thread/INFO] [net.minecraft.server.MinecraftServer/]: [JobjebI: Set the time to 1000]
[30Sep2026 20:06:01.949] [Server thread/INFO] [net.minecraft.server.MinecraftServer/]: [JobjebI: Teleported JobjebI to -40.500000, 71.500000, 295.500000]
[30Sep2026 20:06:24.820] [Server thread/DEBUG] [citadel/]: saving unmodified surface rules as type SequenceRuleSource
[30Sep2026 20:06:24.821] [Server thread/DEBUG] [citadel/]: modified surface rules to type CitadelSurfaceRuleWrapper
[30Sep2026 20:06:24.821] [Server thread/DEBUG] [net.minecraftforge.common.ForgeHooks/WP]: Gathering id map for writing to world save world
[30Sep2026 20:06:24.828] [Server thread/DEBUG] [net.minecraftforge.common.ForgeHooks/WP]: ID Map collection complete world
[30Sep2026 20:06:57.963] [Server thread/INFO] [net.minecraft.server.MinecraftServer/]: JobjebI was slain by Volitans
[30Sep2026 20:07:06.596] [Server thread/INFO] [net.minecraft.server.MinecraftServer/]: [JobjebI: Teleported JobjebI to -19.500000, 67.500000, 270.500000]
[30Sep2026 20:07:15.223] [Server thread/INFO] [net.minecraft.server.MinecraftServer/]: JobjebI has made the advancement [Acquire Hardware]
[30Sep2026 20:08:24.717] [Server thread/INFO] [net.minecraft.server.MinecraftServer/]: [Jingeiei: Teleported Jingeiei to -62.500000, 142.500000, 401.500000]
[30Sep2026 20:08:53.068] [Server thread/INFO] [net.minecraft.server.MinecraftServer/]: JobjebI has made the advancement [Isn't It Iron Pick]
[30Sep2026 20:09:13.494] [Server thread/INFO] [net.minecraft.server.MinecraftServer/]: [JobjebI: Gamerule keepInventory is now set to: true]
[30Sep2026 20:09:48.112] [Server thread/INFO] [net.minecraft.server.MinecraftServer/]: Jingeiei has made the advancement [Isn't It Iron Pick]
[30Sep2026 20:11:24.826] [Server thread/DEBUG] [citadel/]: saving unmodified surface rules as type SequenceRuleSource
[30Sep2026 20:11:24.826] [Server thread/DEBUG] [citadel/]: modified surface rules to type CitadelSurfaceRuleWrapper
[30Sep2026 20:11:24.826] [Server thread/DEBUG] [net.minecraftforge.common.ForgeHooks/WP]: Gathering id map for writing to world save world
[30Sep2026 20:11:24.834] [Server thread/DEBUG] [net.minecraftforge.common.ForgeHooks/WP]: ID Map collection complete world
[30Sep2026 20:12:31.864] [Server thread/INFO] [net.minecraft.server.MinecraftServer/]: Jingeiei has made the advancement [Acquire Hardware]
[30Sep2026 20:13:40.370] [Server thread/INFO] [net.minecraft.server.MinecraftServer/]: JobjebI has made the advancement [Monster Hunter]
[30Sep2026 20:14:13.816] [Server thread/INFO] [net.minecraft.server.MinecraftServer/]: [JobjebI: Teleported JobjebI to 96.500000, 171.500000, 612.500000]
[30Sep2026 20:14:40.574] [Server thread/INFO] [net.minecraft.server.MinecraftServer/]: [JobjebI: Gamerule keepSkills is now set to: true]
[30Sep2026 20:14:46.608] [Worker-Main-3/ERROR] [net.minecraft.world.entity.decoration.HangingEntity/]: Hanging entity at invalid position: BlockPos{x=-10, y=-56, z=36}
[30Sep2026 20:14:46.608] [Worker-Main-3/ERROR] [net.minecraft.world.entity.decoration.HangingEntity/]: Hanging entity at invalid position: BlockPos{x=-8, y=-56, z=35}
[30Sep2026 20:14:46.609] [Worker-Main-3/ERROR] [net.minecraft.world.entity.decoration.HangingEntity/]: Hanging entity at invalid position: BlockPos{x=-6, y=-56, z=35}
[30Sep2026 20:14:46.609] [Worker-Main-3/ERROR] [net.minecraft.world.entity.decoration.HangingEntity/]: Hanging entity at invalid position: BlockPos{x=-10, y=-55, z=38}
[30Sep2026 20:14:46.609] [Worker-Main-3/ERROR] [net.minecraft.world.entity.decoration.HangingEntity/]: Hanging entity at invalid position: BlockPos{x=-8, y=-56, z=39}
[30Sep2026 20:14:46.609] [Worker-Main-3/ERROR] [net.minecraft.world.entity.decoration.HangingEntity/]: Hanging entity at invalid position: BlockPos{x=-13, y=-59, z=41}
[30Sep2026 20:14:58.020] [Server thread/INFO] [net.minecraft.server.MinecraftServer/]: [JobjebI: Set the time to 1000]
[30Sep2026 20:16:24.825] [Server thread/DEBUG] [citadel/]: saving unmodified surface rules as type SequenceRuleSource
[30Sep2026 20:16:24.825] [Server thread/DEBUG] [citadel/]: modified surface rules to type CitadelSurfaceRuleWrapper
[30Sep2026 20:16:24.825] [Server thread/DEBUG] [net.minecraftforge.common.ForgeHooks/WP]: Gathering id map for writing to world save world
[30Sep2026 20:16:24.832] [Server thread/DEBUG] [net.minecraftforge.common.ForgeHooks/WP]: ID Map collection complete world
[30Sep2026 20:19:20.660] [Server thread/INFO] [net.minecraft.server.MinecraftServer/]: Jingeiei was slain by Husk
[30Sep2026 20:19:23.909] [Server thread/INFO] [net.minecraft.server.MinecraftServer/]: JobjebI was slain by Husk
[30Sep2026 20:19:32.046] [Server thread/INFO] [net.minecraft.server.MinecraftServer/]: [JobjebI: Teleported JobjebI to 35.500000, 170.500000, 644.500000]
[30Sep2026 20:19:38.560] [Server thread/INFO] [net.minecraft.server.MinecraftServer/]: JobjebI was slain by Husk
[30Sep2026 20:19:47.213] [Server thread/INFO] [net.minecraft.server.MinecraftServer/]: [JobjebI: Teleported JobjebI to 35.500000, 170.500000, 643.500000]
[30Sep2026 20:19:55.559] [Server thread/INFO] [net.minecraft.server.MinecraftServer/]: JobjebI was slain by Husk
[30Sep2026 20:19:58.323] [Server thread/INFO] [net.minecraft.server.MinecraftServer/]: [JobjebI: Teleported JobjebI to 43.500000, 169.500000, 645.500000]
[30Sep2026 20:20:16.111] [Server thread/INFO] [net.minecraft.server.MinecraftServer/]: JobjebI was slain by Husk
[30Sep2026 20:20:18.982] [Server thread/INFO] [net.minecraft.server.MinecraftServer/]: [JobjebI: Teleported JobjebI to 55.500000, 170.500000, 647.500000]
[30Sep2026 20:20:22.459] [Server thread/INFO] [net.minecraft.server.MinecraftServer/]: JobjebI was slain by Husk
[30Sep2026 20:20:30.379] [Server thread/INFO] [net.minecraft.server.MinecraftServer/]: [JobjebI: Teleported JobjebI to 58.500000, 170.500000, 645.500000]
[30Sep2026 20:20:50.497] [Server thread/INFO] [net.minecraft.server.MinecraftServer/]: [Jingeiei: Teleported Jingeiei to JobjebI]
[30Sep2026 20:20:52.363] [Server thread/INFO] [net.minecraft.server.MinecraftServer/]: JobjebI has made the advancement [Suit Up]
[30Sep2026 20:21:06.391] [Server thread/INFO] [net.minecraft.server.MinecraftServer/]: Jingeiei has made the advancement [Suit Up]
[30Sep2026 20:21:24.822] [Server thread/DEBUG] [citadel/]: saving unmodified surface rules as type SequenceRuleSource
[30Sep2026 20:21:24.823] [Server thread/DEBUG] [citadel/]: modified surface rules to type CitadelSurfaceRuleWrapper
[30Sep2026 20:21:24.823] [Server thread/DEBUG] [net.minecraftforge.common.ForgeHooks/WP]: Gathering id map for writing to world save world
[30Sep2026 20:21:24.830] [Server thread/DEBUG] [net.minecraftforge.common.ForgeHooks/WP]: ID Map collection complete world
[30Sep2026 20:22:15.463] [Server thread/INFO] [net.minecraft.server.MinecraftServer/]: [Jingeiei: Teleported Jingeiei to JobjebI]
[30Sep2026 20:22:30.591] [Server thread/INFO] [net.minecraft.server.MinecraftServer/]: [JobjebI: Teleported JobjebI to 68.500000, 164.500000, 673.500000]
[30Sep2026 20:22:42.374] [Server thread/INFO] [net.minecraft.server.MinecraftServer/]: [Jingeiei: Teleported Jingeiei to JobjebI]
[30Sep2026 20:23:34.432] [Server thread/INFO] [net.minecraft.server.MinecraftServer/]: [Jingeiei: Teleported Jingeiei to JobjebI]
[30Sep2026 20:24:27.527] [Server thread/INFO] [net.minecraft.server.MinecraftServer/]: [Jingeiei: Teleported Jingeiei to JobjebI]
[30Sep2026 20:24:53.016] [Server thread/INFO] [net.minecraft.server.MinecraftServer/]: [Jingeiei: Teleported Jingeiei to JobjebI]
[30Sep2026 20:25:40.543] [Server thread/INFO] [net.minecraft.server.MinecraftServer/]: [JobjebI: Teleported JobjebI to -268.500000, 127.500000, 283.500000]
[30Sep2026 20:25:42.921] [Server thread/INFO] [net.minecraft.server.MinecraftServer/]: [Jingeiei: Teleported Jingeiei to JobjebI]
[30Sep2026 20:26:24.819] [Server thread/DEBUG] [citadel/]: saving unmodified surface rules as type SequenceRuleSource
[30Sep2026 20:26:24.819] [Server thread/DEBUG] [citadel/]: modified surface rules to type CitadelSurfaceRuleWrapper
[30Sep2026 20:26:24.819] [Server thread/DEBUG] [net.minecraftforge.common.ForgeHooks/WP]: Gathering id map for writing to world save world
[30Sep2026 20:26:24.827] [Server thread/DEBUG] [net.minecraftforge.common.ForgeHooks/WP]: ID Map collection complete world
[30Sep2026 20:28:11.921] [Server thread/INFO] [net.minecraft.server.MinecraftServer/]: [Jingeiei: Set the time to 1000]
[30Sep2026 20:30:48.687] [Server thread/INFO] [net.minecraft.server.MinecraftServer/]: [Jingeiei: Teleported Jingeiei to -376.500000, 113.500000, 221.500000]
[30Sep2026 20:30:55.792] [Server thread/INFO] [net.minecraft.server.MinecraftServer/]: [Jingeiei: Teleported Jingeiei to -381.500000, 113.500000, 202.500000]
[30Sep2026 20:31:05.136] [Server thread/INFO] [net.minecraft.server.MinecraftServer/]: [Jingeiei: Teleported Jingeiei to -345.500000, 131.500000, 140.500000]
[30Sep2026 20:31:24.831] [Server thread/DEBUG] [citadel/]: saving unmodified surface rules as type SequenceRuleSource
[30Sep2026 20:31:24.831] [Server thread/DEBUG] [citadel/]: modified surface rules to type CitadelSurfaceRuleWrapper
[30Sep2026 20:31:24.831] [Server thread/DEBUG] [net.minecraftforge.common.ForgeHooks/WP]: Gathering id map for writing to world save world
[30Sep2026 20:31:24.839] [Server thread/DEBUG] [net.minecraftforge.common.ForgeHooks/WP]: ID Map collection complete world
[30Sep2026 20:31:34.619] [Server thread/INFO] [net.minecraft.server.MinecraftServer/]: [JobjebI: Gave 1 [Draconic Codex] to 2]
[30Sep2026 20:32:07.115] [Server thread/INFO] [net.minecraft.server.MinecraftServer/]: [JobjebI: Teleported JobjebI to -414.500000, 129.500000, 253.500000]
[30Sep2026 20:32:07.150] [Server thread/WARN] [net.minecraft.server.network.ServerGamePacketListenerImpl/]: JobjebI moved too quickly! -135.73471827339273,16.5,-37.17166867745772
[30Sep2026 20:32:09.482] [Server thread/INFO] [net.minecraft.server.MinecraftServer/]: [JobjebI: Teleported JobjebI to -527.500000, 88.500000, 214.500000]
[30Sep2026 20:32:09.699] [Worker-Main-3/ERROR] [net.minecraft.world.entity.decoration.HangingEntity/]: Hanging entity at invalid position: BlockPos{x=-10, y=-56, z=36}
[30Sep2026 20:32:09.700] [Worker-Main-3/ERROR] [net.minecraft.world.entity.decoration.HangingEntity/]: Hanging entity at invalid position: BlockPos{x=-8, y=-56, z=35}
[30Sep2026 20:32:09.700] [Worker-Main-3/ERROR] [net.minecraft.world.entity.decoration.HangingEntity/]: Hanging entity at invalid position: BlockPos{x=-6, y=-56, z=35}
[30Sep2026 20:32:09.700] [Worker-Main-3/ERROR] [net.minecraft.world.entity.decoration.HangingEntity/]: Hanging entity at invalid position: BlockPos{x=-10, y=-55, z=38}
[30Sep2026 20:32:09.700] [Worker-Main-3/ERROR] [net.minecraft.world.entity.decoration.HangingEntity/]: Hanging entity at invalid position: BlockPos{x=-8, y=-56, z=39}
[30Sep2026 20:32:09.700] [Worker-Main-3/ERROR] [net.minecraft.world.entity.decoration.HangingEntity/]: Hanging entity at invalid position: BlockPos{x=-13, y=-59, z=41}
[30Sep2026 20:32:11.436] [Worker-Main-1/WARN] [net.minecraft.world.level.levelgen.structure.pools.JigsawPlacement/]: Empty or non-existent pool: minecraft:
[30Sep2026 20:32:15.823] [Server thread/INFO] [net.minecraft.server.MinecraftServer/]: [Jingeiei: Teleported Jingeiei to -373.500000, 139.500000, 5.500000]
[30Sep2026 20:32:16.043] [Server thread/INFO] [net.minecraft.server.MinecraftServer/]: [JobjebI: Teleported JobjebI to -601.500000, 115.500000, 336.500000]
[30Sep2026 20:32:19.501] [Server thread/INFO] [net.minecraft.server.MinecraftServer/]: [JobjebI: Teleported JobjebI to -598.500000, 124.500000, 340.500000]
[30Sep2026 20:32:23.984] [Server thread/INFO] [net.minecraft.server.MinecraftServer/]: [Jingeiei: Teleported Jingeiei to -336.500000, 174.500000, -91.500000]
[30Sep2026 20:32:25.333] [Server thread/INFO] [net.minecraft.server.MinecraftServer/]: [JobjebI: Teleported JobjebI to -613.500000, 118.500000, 308.500000]
[30Sep2026 20:32:33.223] [Server thread/INFO] [net.minecraft.server.MinecraftServer/]: [Jingeiei: Set the time to 1000]
[30Sep2026 20:32:35.326] [Server thread/INFO] [net.minecraft.server.MinecraftServer/]: [Jingeiei: Teleported Jingeiei to JobjebI]
[30Sep2026 20:32:40.562] [Server thread/INFO] [net.minecraft.server.MinecraftServer/]: Jingeiei has made the advancement [Grace Conceals]
[30Sep2026 20:33:41.362] [Server thread/INFO] [net.minecraft.server.MinecraftServer/]: JobjebI has made the advancement [Grace Conceals]
[30Sep2026 20:34:22.524] [Server thread/INFO] [net.minecraft.server.MinecraftServer/]: [JobjebI: Teleported JobjebI to -395.500000, 94.500000, 408.500000]
[30Sep2026 20:34:35.337] [Server thread/INFO] [net.minecraft.server.MinecraftServer/]: [JobjebI: Teleported JobjebI to -245.500000, 53.500000, 445.500000]
[30Sep2026 20:34:40.099] [Server thread/INFO] [net.minecraft.server.MinecraftServer/]: [Jingeiei: Teleported Jingeiei to -846.500000, 78.500000, 279.500000]
[30Sep2026 20:34:40.182] [Worker-Main-3/WARN] [net.minecraft.world.level.levelgen.structure.pools.JigsawPlacement/]: Empty or non-existent pool: minecraft:
[30Sep2026 20:34:40.183] [Worker-Main-3/WARN] [net.minecraft.world.level.levelgen.structure.pools.JigsawPlacement/]: Empty or non-existent pool: minecraft:
[30Sep2026 20:34:46.433] [Server thread/INFO] [net.minecraft.server.MinecraftServer/]: [JobjebI: Teleported JobjebI to -617.500000, 123.500000, 491.500000]
[30Sep2026 20:34:54.196] [Server thread/INFO] [net.minecraft.server.MinecraftServer/]: [JobjebI: Teleported JobjebI to -631.500000, 136.500000, 627.500000]
[30Sep2026 20:35:03.440] [Server thread/INFO] [net.minecraft.server.MinecraftServer/]: [JobjebI: Teleported JobjebI to Jingeiei]
[30Sep2026 20:36:03.273] [Server thread/INFO] [net.minecraft.server.MinecraftServer/]: JobjebI has made the advancement [Diamonds!]
[30Sep2026 20:36:05.088] [Server thread/INFO] [net.minecraft.server.MinecraftServer/]: JobjebI has made the advancement [Tools of the Trade]
[30Sep2026 20:36:09.038] [Server thread/INFO] [net.minecraft.server.MinecraftServer/]: [Jingeiei: Teleported Jingeiei to JobjebI]
[30Sep2026 20:36:24.823] [Server thread/DEBUG] [citadel/]: saving unmodified surface rules as type SequenceRuleSource
[30Sep2026 20:36:24.824] [Server thread/DEBUG] [citadel/]: modified surface rules to type CitadelSurfaceRuleWrapper
[30Sep2026 20:36:24.824] [Server thread/DEBUG] [net.minecraftforge.common.ForgeHooks/WP]: Gathering id map for writing to world save world
[30Sep2026 20:36:24.831] [Server thread/DEBUG] [net.minecraftforge.common.ForgeHooks/WP]: ID Map collection complete world
[30Sep2026 20:37:04.212] [Server thread/DEBUG] [io.redspace.ironsspellbooks.IronsSpellbooks/]: GustCollider<init>: -193.82275 17.748413
[30Sep2026 20:37:08.874] [Server thread/INFO] [net.minecraft.server.MinecraftServer/]: [Jingeiei: Teleported Jingeiei to JobjebI]
[30Sep2026 20:37:11.814] [Server thread/INFO] [net.minecraft.server.MinecraftServer/]: JobjebI was caught by Archevoker's fangs
[30Sep2026 20:37:14.242] [Server thread/DEBUG] [io.redspace.ironsspellbooks.IronsSpellbooks/]: ClientboundSyncTargetingData.toBytes: irons_spellbooks:arrow_volley 1: [236e8212-62d3-4bda-befc-8c22e349ba40]
[30Sep2026 20:37:16.326] [Server thread/INFO] [net.minecraft.server.MinecraftServer/]: [JobjebI: Teleported JobjebI to -890.500000, 102.500000, 281.500000]
[30Sep2026 20:37:17.260] [Server thread/INFO] [net.minecraft.server.MinecraftServer/]: Jingeiei went off with a bang thanks to Archevoker
[30Sep2026 20:37:25.071] [Server thread/INFO] [net.minecraft.server.MinecraftServer/]: [Jingeiei: Teleported Jingeiei to JobjebI]
[30Sep2026 20:37:25.260] [Server thread/INFO] [net.minecraft.server.MinecraftServer/]: JobjebI was eviscerated by Archevoker's vexes
[30Sep2026 20:37:29.070] [Server thread/INFO] [net.minecraft.server.MinecraftServer/]: [JobjebI: Teleported JobjebI to -890.500000, 102.500000, 283.500000]
[30Sep2026 20:37:29.708] [Server thread/DEBUG] [io.redspace.ironsspellbooks.IronsSpellbooks/]: GustCollider<init>: -154.02774 6.615066
[30Sep2026 20:37:32.264] [Server thread/INFO] [net.minecraft.server.MinecraftServer/]: Jingeiei was caught by Archevoker's fangs
[30Sep2026 20:37:34.707] [Server thread/DEBUG] [io.redspace.ironsspellbooks.IronsSpellbooks/]: GustCollider<init>: 58.16159 -14.813664
[30Sep2026 20:37:37.493] [Server thread/INFO] [net.minecraft.server.MinecraftServer/]: [Jingeiei: Teleported Jingeiei to JobjebI]
[30Sep2026 20:37:39.907] [Server thread/DEBUG] [io.redspace.ironsspellbooks.IronsSpellbooks/]: GustCollider<init>: -118.13185 -11.085962
[30Sep2026 20:37:45.007] [Server thread/DEBUG] [io.redspace.ironsspellbooks.IronsSpellbooks/]: GustCollider<init>: -179.09946 -0.07488073
[30Sep2026 20:37:48.561] [Server thread/INFO] [net.minecraft.server.MinecraftServer/]: JobjebI was eviscerated by Archevoker's vexes
[30Sep2026 20:37:51.418] [Server thread/DEBUG] [io.redspace.ironsspellbooks.IronsSpellbooks/]: GustCollider<init>: 23.32492 15.192578
[30Sep2026 20:37:51.877] [Server thread/INFO] [net.minecraft.server.MinecraftServer/]: [JobjebI: Teleported JobjebI to -883.500000, 103.500000, 282.500000]
[30Sep2026 20:37:53.161] [Server thread/INFO] [net.minecraft.server.MinecraftServer/]: Jingeiei was caught by Archevoker's fangs
[30Sep2026 20:37:56.127] [Server thread/INFO] [net.minecraft.server.MinecraftServer/]: [Jingeiei: Teleported Jingeiei to JobjebI]
[30Sep2026 20:37:56.710] [Server thread/DEBUG] [io.redspace.ironsspellbooks.IronsSpellbooks/]: GustCollider<init>: -90.0 7.287613
[30Sep2026 20:38:21.811] [Server thread/INFO] [net.minecraft.server.MinecraftServer/]: JobjebI was eviscerated by Summoned Vex's vexes
[30Sep2026 20:38:25.189] [Server thread/INFO] [net.minecraft.server.MinecraftServer/]: [JobjebI: Teleported JobjebI to -889.500000, 102.500000, 281.500000]
[30Sep2026 20:38:57.113] [Server thread/INFO] [net.minecraft.server.MinecraftServer/]: [Jingeiei: Teleported Jingeiei to -1002.500000, 126.500000, 185.500000]
[30Sep2026 20:38:57.149] [Server thread/WARN] [net.minecraft.server.network.ServerGamePacketListenerImpl/]: Jingeiei moved too quickly! -109.99826815660742,21.5,-99.21964225501853
[30Sep2026 20:38:59.829] [Server thread/INFO] [net.minecraft.server.MinecraftServer/]: [JobjebI: Teleported JobjebI to Jingeiei]
[30Sep2026 20:39:43.045] [Server thread/INFO] [net.minecraft.server.MinecraftServer/]: [Jingeiei: Teleported Jingeiei to -1112.500000, 91.500000, 237.500000]
[30Sep2026 20:39:45.046] [Worker-Main-1/ERROR] [net.minecraft.world.entity.decoration.HangingEntity/]: Hanging entity at invalid position: BlockPos{x=-10, y=-56, z=36}
[30Sep2026 20:39:45.046] [Worker-Main-1/ERROR] [net.minecraft.world.entity.decoration.HangingEntity/]: Hanging entity at invalid position: BlockPos{x=-8, y=-56, z=35}
[30Sep2026 20:39:45.046] [Worker-Main-1/ERROR] [net.minecraft.world.entity.decoration.HangingEntity/]: Hanging entity at invalid position: BlockPos{x=-6, y=-56, z=35}
[30Sep2026 20:39:45.046] [Worker-Main-1/ERROR] [net.minecraft.world.entity.decoration.HangingEntity/]: Hanging entity at invalid position: BlockPos{x=-10, y=-55, z=38}
[30Sep2026 20:39:45.046] [Worker-Main-1/ERROR] [net.minecraft.world.entity.decoration.HangingEntity/]: Hanging entity at invalid position: BlockPos{x=-8, y=-56, z=39}
[30Sep2026 20:39:45.047] [Worker-Main-1/ERROR] [net.minecraft.world.entity.decoration.HangingEntity/]: Hanging entity at invalid position: BlockPos{x=-13, y=-59, z=41}
[30Sep2026 20:39:47.316] [Server thread/INFO] [net.minecraft.server.MinecraftServer/]: [JobjebI: Teleported JobjebI to -969.500000, 111.500000, 219.500000]
[30Sep2026 20:39:55.451] [Server thread/INFO] [net.minecraft.server.MinecraftServer/]: [JobjebI: Teleported JobjebI to -1046.500000, 94.500000, 227.500000]
[30Sep2026 20:40:00.337] [Server thread/INFO] [net.minecraft.server.MinecraftServer/]: [JobjebI: Teleported JobjebI to -1020.500000, 114.500000, 168.500000]
[30Sep2026 20:40:07.685] [Server thread/INFO] [net.minecraft.server.MinecraftServer/]: [JobjebI: Teleported JobjebI to -1113.500000, 91.500000, 237.500000]
[30Sep2026 20:40:49.622] [Server thread/INFO] [net.minecraft.server.MinecraftServer/]: [Jingeiei: Teleported Jingeiei to JobjebI]
[30Sep2026 20:41:03.372] [Server thread/INFO] [net.minecraft.server.MinecraftServer/]: JobjebI has made the advancement [A Fool's Folly]
[30Sep2026 20:41:24.831] [Server thread/DEBUG] [citadel/]: saving unmodified surface rules as type SequenceRuleSource
[30Sep2026 20:41:24.832] [Server thread/DEBUG] [citadel/]: modified surface rules to type CitadelSurfaceRuleWrapper
[30Sep2026 20:41:24.832] [Server thread/DEBUG] [net.minecraftforge.common.ForgeHooks/WP]: Gathering id map for writing to world save world
[30Sep2026 20:41:24.840] [Server thread/DEBUG] [net.minecraftforge.common.ForgeHooks/WP]: ID Map collection complete world
[30Sep2026 20:41:45.786] [Server thread/INFO] [net.minecraft.server.MinecraftServer/]: Jingeiei has made the advancement [A Fool's Folly]
[30Sep2026 20:43:10.589] [Server thread/INFO] [net.minecraft.server.MinecraftServer/]: [Jingeiei: Teleported Jingeiei to JobjebI]
[30Sep2026 20:44:38.126] [Server thread/INFO] [net.minecraft.server.MinecraftServer/]: [Jingeiei: Teleported Jingeiei to -1283.500000, 75.500000, 155.500000]
[30Sep2026 20:44:42.997] [Server thread/INFO] [net.minecraft.server.MinecraftServer/]: [JobjebI: Teleported JobjebI to -1213.500000, 31.500000, 240.500000]
[30Sep2026 20:44:47.685] [Server thread/INFO] [net.minecraft.server.MinecraftServer/]: [JobjebI: Teleported JobjebI to -1020.500000, 134.500000, 235.500000]
[30Sep2026 20:45:00.268] [Server thread/INFO] [net.minecraft.server.MinecraftServer/]: [JobjebI: Teleported JobjebI to -1035.500000, 103.500000, 336.500000]
[30Sep2026 20:45:10.072] [Server thread/INFO] [net.minecraft.server.MinecraftServer/]: [JobjebI: Teleported JobjebI to Jingeiei]
[30Sep2026 20:46:24.822] [Server thread/DEBUG] [citadel/]: saving unmodified surface rules as type SequenceRuleSource
[30Sep2026 20:46:24.822] [Server thread/DEBUG] [citadel/]: modified surface rules to type CitadelSurfaceRuleWrapper
[30Sep2026 20:46:24.822] [Server thread/DEBUG] [net.minecraftforge.common.ForgeHooks/WP]: Gathering id map for writing to world save world
[30Sep2026 20:46:24.829] [Server thread/DEBUG] [net.minecraftforge.common.ForgeHooks/WP]: ID Map collection complete world
[30Sep2026 20:46:58.772] [Server thread/INFO] [net.minecraft.server.MinecraftServer/]: [JobjebI: Teleported JobjebI to -997.500000, 68.500000, 202.500000]
[30Sep2026 20:47:20.183] [Server thread/INFO] [net.minecraft.server.MinecraftServer/]: [JobjebI: Applied effect Night Vision to 2 targets]
[30Sep2026 20:50:19.031] [Server thread/INFO] [net.minecraft.server.MinecraftServer/]: [JobjebI: Teleported JobjebI to -1014.500000, 40.500000, 393.500000]
[30Sep2026 20:50:32.727] [Server thread/INFO] [net.minecraft.server.MinecraftServer/]: [JobjebI: Teleported JobjebI to -1031.500000, 34.500000, 426.500000]
[30Sep2026 20:50:56.446] [Server thread/INFO] [net.minecraft.server.MinecraftServer/]: [Jingeiei: Teleported Jingeiei to JobjebI]
[30Sep2026 20:51:07.667] [Server thread/INFO] [net.minecraft.server.MinecraftServer/]: [JobjebI: Teleported JobjebI to -966.500000, 22.500000, 497.500000]
[30Sep2026 20:51:13.279] [Server thread/INFO] [net.minecraft.server.MinecraftServer/]: [Jingeiei: Teleported Jingeiei to JobjebI]
[30Sep2026 20:51:24.661] [Server thread/INFO] [net.minecraft.server.MinecraftServer/]: Jingeiei has made the advancement [Monster Hunter]
[30Sep2026 20:51:24.822] [Server thread/DEBUG] [citadel/]: saving unmodified surface rules as type SequenceRuleSource
[30Sep2026 20:51:24.822] [Server thread/DEBUG] [citadel/]: modified surface rules to type CitadelSurfaceRuleWrapper
[30Sep2026 20:51:24.822] [Server thread/DEBUG] [net.minecraftforge.common.ForgeHooks/WP]: Gathering id map for writing to world save world
[30Sep2026 20:51:24.830] [Server thread/DEBUG] [net.minecraftforge.common.ForgeHooks/WP]: ID Map collection complete world
[30Sep2026 20:51:25.376] [Server thread/INFO] [net.minecraft.server.MinecraftServer/]: [JobjebI: Teleported JobjebI to -933.500000, 4.500000, 460.500000]
[30Sep2026 20:51:25.864] [Server thread/INFO] [net.minecraft.server.MinecraftServer/]: Jingeiei was killed by Necromancer's magic missile
[30Sep2026 20:51:34.499] [Server thread/INFO] [net.minecraft.server.MinecraftServer/]: [Jingeiei: Teleported Jingeiei to JobjebI]
[30Sep2026 20:51:39.444] [Server thread/INFO] [net.minecraft.server.MinecraftServer/]: [JobjebI: Applied effect Night Vision to 2 targets]
[30Sep2026 20:51:56.163] [Server thread/INFO] [net.minecraft.server.MinecraftServer/]: JobjebI was slain by Jingeiei
[30Sep2026 20:52:00.331] [Server thread/INFO] [net.minecraft.server.MinecraftServer/]: [JobjebI: Teleported JobjebI to -981.500000, -15.500000, 440.500000]
[30Sep2026 20:52:02.061] [Server thread/INFO] [net.minecraft.server.MinecraftServer/]: Jingeiei was slain by Skeleton
[30Sep2026 20:52:02.599] [Server thread/INFO] [net.minecraft.server.MinecraftServer/]: [JobjebI: Applied effect Night Vision to 2 targets]
[30Sep2026 20:52:05.636] [Server thread/INFO] [net.minecraft.server.MinecraftServer/]: [Jingeiei: Teleported Jingeiei to JobjebI]
[30Sep2026 20:52:19.162] [Server thread/INFO] [net.minecraft.server.MinecraftServer/]: [JobjebI: Applied effect Night Vision to 2 targets]
[30Sep2026 20:52:39.796] [Server thread/INFO] [net.minecraft.server.MinecraftServer/]: [Jingeiei: Teleported Jingeiei to -965.500000, -17.500000, 378.500000]
[30Sep2026 20:53:05.485] [Server thread/INFO] [net.minecraft.server.MinecraftServer/]: [Jingeiei: Teleported Jingeiei to JobjebI]
[30Sep2026 20:53:18.788] [Server thread/INFO] [net.minecraft.server.MinecraftServer/]: [Jingeiei: Teleported Jingeiei to JobjebI]
[30Sep2026 20:54:20.763] [Server thread/INFO] [net.minecraft.server.MinecraftServer/]: Jingeiei has made the advancement [Diamonds!]
[30Sep2026 20:54:35.466] [Server thread/INFO] [net.minecraft.server.MinecraftServer/]: [Jingeiei: Teleported Jingeiei to -980.500000, 83.500000, 297.500000]
[30Sep2026 20:54:41.095] [Server thread/INFO] [net.minecraft.server.MinecraftServer/]: [JobjebI: Teleported JobjebI to Jingeiei]
[30Sep2026 20:55:04.468] [Server thread/INFO] [net.minecraft.server.MinecraftServer/]: [JobjebI: Teleported JobjebI to -1032.500000, 118.500000, 180.500000]
[30Sep2026 20:55:08.235] [Server thread/INFO] [net.minecraft.server.MinecraftServer/]: [JobjebI: Teleported JobjebI to -980.500000, 134.500000, 209.500000]
[30Sep2026 20:55:08.537] [Server thread/INFO] [net.minecraft.server.MinecraftServer/]: [Jingeiei: Teleported Jingeiei to JobjebI]
[30Sep2026 20:55:33.763] [Server thread/INFO] [net.minecraft.server.MinecraftServer/]: [Jingeiei: Teleported Jingeiei to -1118.500000, 84.500000, 136.500000]
[30Sep2026 20:56:03.422] [Server thread/INFO] [net.minecraft.server.MinecraftServer/]: [Jingeiei: Teleported Jingeiei to -1284.500000, 76.500000, 156.500000]
[30Sep2026 20:56:21.270] [Server thread/INFO] [net.minecraft.server.MinecraftServer/]: [JobjebI: Set the weather to clear]
[30Sep2026 20:56:24.833] [Server thread/DEBUG] [citadel/]: saving unmodified surface rules as type SequenceRuleSource
[30Sep2026 20:56:24.833] [Server thread/DEBUG] [citadel/]: modified surface rules to type CitadelSurfaceRuleWrapper
[30Sep2026 20:56:24.834] [Server thread/DEBUG] [net.minecraftforge.common.ForgeHooks/WP]: Gathering id map for writing to world save world
[30Sep2026 20:56:24.841] [Server thread/DEBUG] [net.minecraftforge.common.ForgeHooks/WP]: ID Map collection complete world
[30Sep2026 20:56:59.519] [Server thread/INFO] [net.minecraft.server.MinecraftServer/]: [Jingeiei: Teleported Jingeiei to -1395.500000, 73.500000, 152.500000]
[30Sep2026 20:57:01.978] [Server thread/INFO] [net.minecraft.server.MinecraftServer/]: [JobjebI: Teleported JobjebI to -1249.500000, 63.500000, 18.500000]
[30Sep2026 20:57:04.473] [Server thread/INFO] [net.minecraft.server.MinecraftServer/]: [Jingeiei: Teleported Jingeiei to -1479.500000, 101.500000, 211.500000]
[30Sep2026 20:57:07.594] [Worker-Main-3/WARN] [net.minecraft.world.level.levelgen.structure.pools.JigsawPlacement/]: Empty or non-existent pool: dungeons_arise:mechanical_nest/mechanical_nest_decoration
[30Sep2026 20:57:07.599] [Worker-Main-3/WARN] [net.minecraft.world.level.levelgen.structure.pools.JigsawPlacement/]: Empty or non-existent pool: dungeons_arise:mechanical_nest/mechanical_nest_decoration
[30Sep2026 20:57:07.603] [Worker-Main-3/WARN] [net.minecraft.world.level.levelgen.structure.pools.JigsawPlacement/]: Empty or non-existent pool: dungeons_arise:mechanical_nest/mechanical_nest_decoration
[30Sep2026 20:57:07.617] [Worker-Main-3/WARN] [net.minecraft.world.level.levelgen.structure.pools.JigsawPlacement/]: Empty or non-existent pool: dungeons_arise:mechanical_nest/mechanical_nest_decoration
[30Sep2026 20:57:07.621] [Worker-Main-3/WARN] [net.minecraft.world.level.levelgen.structure.pools.JigsawPlacement/]: Empty or non-existent pool: dungeons_arise:mechanical_nest/mechanical_nest_decoration
[30Sep2026 20:57:07.627] [Worker-Main-3/WARN] [net.minecraft.world.level.levelgen.structure.pools.JigsawPlacement/]: Empty or non-existent pool: dungeons_arise:mechanical_nest/mechanical_nest_decoration
[30Sep2026 20:57:10.728] [Worker-Main-11/ERROR] [net.minecraft.world.entity.decoration.HangingEntity/]: Hanging entity at invalid position: BlockPos{x=-396, y=-52, z=-418}
[30Sep2026 20:57:10.729] [Worker-Main-11/ERROR] [net.minecraft.world.entity.decoration.HangingEntity/]: Hanging entity at invalid position: BlockPos{x=-395, y=-52, z=-416}
[30Sep2026 20:57:10.770] [Worker-Main-1/ERROR] [net.minecraft.world.entity.decoration.HangingEntity/]: Hanging entity at invalid position: BlockPos{x=-396, y=-52, z=-407}
[30Sep2026 20:57:10.771] [Worker-Main-1/ERROR] [net.minecraft.world.entity.decoration.HangingEntity/]: Hanging entity at invalid position: BlockPos{x=-396, y=-52, z=-409}
[30Sep2026 20:57:10.771] [Worker-Main-1/ERROR] [net.minecraft.world.entity.decoration.HangingEntity/]: Hanging entity at invalid position: BlockPos{x=-394, y=-52, z=-409}
[30Sep2026 20:57:10.771] [Worker-Main-1/ERROR] [net.minecraft.world.entity.decoration.HangingEntity/]: Hanging entity at invalid position: BlockPos{x=-393, y=-52, z=-408}
[30Sep2026 20:57:10.771] [Worker-Main-1/ERROR] [net.minecraft.world.entity.decoration.HangingEntity/]: Hanging entity at invalid position: BlockPos{x=-393, y=-52, z=-400}
[30Sep2026 20:57:12.859] [Worker-Main-1/ERROR] [net.minecraft.world.entity.decoration.HangingEntity/]: Hanging entity at invalid position: BlockPos{x=-403, y=-52, z=-425}
[30Sep2026 20:57:12.859] [Worker-Main-1/ERROR] [net.minecraft.world.entity.decoration.HangingEntity/]: Hanging entity at invalid position: BlockPos{x=-410, y=-52, z=-426}
[30Sep2026 20:57:12.859] [Worker-Main-1/ERROR] [net.minecraft.world.entity.decoration.HangingEntity/]: Hanging entity at invalid position: BlockPos{x=-400, y=-52, z=-422}
[30Sep2026 20:57:12.906] [Worker-Main-3/ERROR] [net.minecraft.world.entity.decoration.HangingEntity/]: Hanging entity at invalid position: BlockPos{x=-404, y=-52, z=-397}
[30Sep2026 20:57:12.906] [Worker-Main-3/ERROR] [net.minecraft.world.entity.decoration.HangingEntity/]: Hanging entity at invalid position: BlockPos{x=-399, y=-52, z=-395}
[30Sep2026 20:57:12.911] [Worker-Main-3/ERROR] [net.minecraft.world.entity.decoration.HangingEntity/]: Hanging entity at invalid position: BlockPos{x=-292, y=-53, z=-786}
[30Sep2026 20:57:12.912] [Worker-Main-3/ERROR] [net.minecraft.world.entity.decoration.HangingEntity/]: Hanging entity at invalid position: BlockPos{x=-292, y=-58, z=-787}
[30Sep2026 20:57:12.912] [Worker-Main-3/ERROR] [net.minecraft.world.entity.decoration.HangingEntity/]: Hanging entity at invalid position: BlockPos{x=-292, y=-58, z=-785}
[30Sep2026 20:57:12.965] [Worker-Main-3/ERROR] [net.minecraft.world.entity.decoration.HangingEntity/]: Hanging entity at invalid position: BlockPos{x=-400, y=-52, z=-394}
[30Sep2026 20:57:13.627] [Worker-Main-11/ERROR] [net.minecraft.world.entity.decoration.HangingEntity/]: Hanging entity at invalid position: BlockPos{x=-362, y=-51, z=-548}
[30Sep2026 20:57:13.637] [Worker-Main-11/ERROR] [net.minecraft.world.entity.decoration.HangingEntity/]: Hanging entity at invalid position: BlockPos{x=-361, y=-58, z=-502}
[30Sep2026 20:57:13.639] [Worker-Main-11/ERROR] [net.minecraft.world.entity.decoration.HangingEntity/]: Hanging entity at invalid position: BlockPos{x=-247, y=-56, z=-608}
[30Sep2026 20:57:13.647] [Worker-Main-11/ERROR] [net.minecraft.world.entity.decoration.HangingEntity/]: Hanging entity at invalid position: BlockPos{x=-362, y=-51, z=-548}
[30Sep2026 20:57:13.648] [Worker-Main-11/ERROR] [net.minecraft.world.entity.decoration.HangingEntity/]: Hanging entity at invalid position: BlockPos{x=-361, y=-54, z=-542}
[30Sep2026 20:57:13.648] [Worker-Main-11/ERROR] [net.minecraft.world.entity.decoration.HangingEntity/]: Hanging entity at invalid position: BlockPos{x=-361, y=-53, z=-542}
[30Sep2026 20:57:13.650] [Worker-Main-11/ERROR] [net.minecraft.world.level.block.entity.SculkSensorBlockEntity/]: No key selector in MapLike[{event_delay:0,event_distance:3.602844f,range:8,source:{pos:[I;-404,-59,-499],type:"minecraft:block"}}]
[30Sep2026 20:57:13.656] [Worker-Main-11/ERROR] [net.minecraft.world.entity.decoration.HangingEntity/]: Hanging entity at invalid position: BlockPos{x=-400, y=-52, z=-552}
[30Sep2026 20:57:13.657] [Worker-Main-11/ERROR] [net.minecraft.world.entity.decoration.HangingEntity/]: Hanging entity at invalid position: BlockPos{x=-400, y=-51, z=-552}
[30Sep2026 20:57:13.661] [Worker-Main-11/ERROR] [net.minecraft.world.entity.decoration.HangingEntity/]: Hanging entity at invalid position: BlockPos{x=-247, y=-56, z=-608}
[30Sep2026 20:57:13.665] [Worker-Main-11/ERROR] [net.minecraft.world.entity.decoration.HangingEntity/]: Hanging entity at invalid position: BlockPos{x=-292, y=-53, z=-786}
[30Sep2026 20:57:13.665] [Worker-Main-11/ERROR] [net.minecraft.world.entity.decoration.HangingEntity/]: Hanging entity at invalid position: BlockPos{x=-292, y=-58, z=-787}
[30Sep2026 20:57:13.666] [Worker-Main-11/ERROR] [net.minecraft.world.entity.decoration.HangingEntity/]: Hanging entity at invalid position: BlockPos{x=-292, y=-58, z=-785}
[30Sep2026 20:57:13.666] [Worker-Main-11/ERROR] [net.minecraft.world.entity.decoration.HangingEntity/]: Hanging entity at invalid position: BlockPos{x=-361, y=-58, z=-502}
[30Sep2026 20:57:13.667] [Worker-Main-11/ERROR] [net.minecraft.world.entity.decoration.HangingEntity/]: Hanging entity at invalid position: BlockPos{x=-403, y=-58, z=-503}
[30Sep2026 20:57:13.667] [Worker-Main-11/ERROR] [net.minecraft.world.entity.decoration.HangingEntity/]: Hanging entity at invalid position: BlockPos{x=-349, y=-58, z=-497}
[30Sep2026 20:57:21.822] [Server thread/INFO] [net.minecraft.server.MinecraftServer/]: [JobjebI: Teleported JobjebI to Jingeiei]
[30Sep2026 20:57:32.714] [Server thread/INFO] [net.minecraft.server.MinecraftServer/]: [Jingeiei: Teleported Jingeiei to -1509.500000, 106.500000, 217.500000]
[30Sep2026 20:57:32.935] [Worker-Main-11/ERROR] [net.minecraft.world.entity.decoration.HangingEntity/]: Hanging entity at invalid position: BlockPos{x=-422, y=-52, z=-391}
[30Sep2026 20:57:33.003] [Worker-Main-1/ERROR] [net.minecraft.world.entity.decoration.HangingEntity/]: Hanging entity at invalid position: BlockPos{x=-427, y=-52, z=-408}
[30Sep2026 20:57:33.004] [Worker-Main-1/ERROR] [net.minecraft.world.entity.decoration.HangingEntity/]: Hanging entity at invalid position: BlockPos{x=-428, y=-52, z=-407}
[30Sep2026 20:57:33.004] [Worker-Main-1/ERROR] [net.minecraft.world.entity.decoration.HangingEntity/]: Hanging entity at invalid position: BlockPos{x=-429, y=-52, z=-408}
[30Sep2026 20:57:33.004] [Worker-Main-1/ERROR] [net.minecraft.world.entity.decoration.HangingEntity/]: Hanging entity at invalid position: BlockPos{x=-428, y=-52, z=-409}
[30Sep2026 20:57:33.008] [Worker-Main-1/ERROR] [net.minecraft.world.entity.decoration.HangingEntity/]: Hanging entity at invalid position: BlockPos{x=-278, y=-53, z=-786}
[30Sep2026 20:57:33.008] [Worker-Main-1/ERROR] [net.minecraft.world.entity.decoration.HangingEntity/]: Hanging entity at invalid position: BlockPos{x=-278, y=-58, z=-785}
[30Sep2026 20:57:33.008] [Worker-Main-1/ERROR] [net.minecraft.world.entity.decoration.HangingEntity/]: Hanging entity at invalid position: BlockPos{x=-278, y=-58, z=-787}
[30Sep2026 20:57:33.025] [Worker-Main-3/ERROR] [net.minecraft.world.entity.decoration.HangingEntity/]: Hanging entity at invalid position: BlockPos{x=-420, y=-52, z=-419}
[30Sep2026 20:57:33.025] [Worker-Main-3/ERROR] [net.minecraft.world.entity.decoration.HangingEntity/]: Hanging entity at invalid position: BlockPos{x=-424, y=-52, z=-422}
[30Sep2026 20:57:33.448] [Worker-Main-11/ERROR] [net.minecraft.world.entity.decoration.HangingEntity/]: Hanging entity at invalid position: BlockPos{x=-414, y=-52, z=-427}
[30Sep2026 20:57:33.976] [Worker-Main-11/ERROR] [net.minecraft.world.entity.decoration.HangingEntity/]: Hanging entity at invalid position: BlockPos{x=-422, y=-52, z=-391}
[30Sep2026 20:57:34.045] [Worker-Main-11/ERROR] [net.minecraft.world.entity.decoration.HangingEntity/]: Hanging entity at invalid position: BlockPos{x=-234, y=-52, z=-702}
[30Sep2026 20:57:34.045] [Worker-Main-11/ERROR] [net.minecraft.world.entity.decoration.HangingEntity/]: Hanging entity at invalid position: BlockPos{x=-221, y=-52, z=-702}
[30Sep2026 20:57:34.050] [Worker-Main-11/ERROR] [net.minecraft.world.entity.decoration.HangingEntity/]: Hanging entity at invalid position: BlockPos{x=-432, y=-52, z=-404}
[30Sep2026 20:57:34.050] [Worker-Main-11/ERROR] [net.minecraft.world.entity.decoration.HangingEntity/]: Hanging entity at invalid position: BlockPos{x=-432, y=-52, z=-402}
[30Sep2026 20:57:34.160] [Worker-Main-1/ERROR] [net.minecraft.world.entity.decoration.HangingEntity/]: Hanging entity at invalid position: BlockPos{x=-245, y=-57, z=-597}
[30Sep2026 20:57:34.165] [Worker-Main-1/ERROR] [net.minecraft.world.entity.decoration.HangingEntity/]: Hanging entity at invalid position: BlockPos{x=-278, y=-53, z=-786}
[30Sep2026 20:57:34.165] [Worker-Main-1/ERROR] [net.minecraft.world.entity.decoration.HangingEntity/]: Hanging entity at invalid position: BlockPos{x=-278, y=-58, z=-785}
[30Sep2026 20:57:34.165] [Worker-Main-1/ERROR] [net.minecraft.world.entity.decoration.HangingEntity/]: Hanging entity at invalid position: BlockPos{x=-278, y=-58, z=-787}
[30Sep2026 20:57:34.281] [Worker-Main-3/ERROR] [net.minecraft.world.entity.decoration.HangingEntity/]: Hanging entity at invalid position: BlockPos{x=-428, y=-52, z=-407}
[30Sep2026 20:57:34.281] [Worker-Main-3/ERROR] [net.minecraft.world.entity.decoration.HangingEntity/]: Hanging entity at invalid position: BlockPos{x=-429, y=-52, z=-408}
[30Sep2026 20:57:34.281] [Worker-Main-3/ERROR] [net.minecraft.world.entity.decoration.HangingEntity/]: Hanging entity at invalid position: BlockPos{x=-428, y=-52, z=-409}
[30Sep2026 20:57:39.028] [Worker-Main-1/ERROR] [net.minecraft.world.entity.decoration.HangingEntity/]: Hanging entity at invalid position: BlockPos{x=-361, y=-54, z=-542}
[30Sep2026 20:57:39.029] [Worker-Main-1/ERROR] [net.minecraft.world.entity.decoration.HangingEntity/]: Hanging entity at invalid position: BlockPos{x=-361, y=-53, z=-542}
[30Sep2026 20:57:39.035] [Worker-Main-1/ERROR] [net.minecraft.world.entity.decoration.HangingEntity/]: Hanging entity at invalid position: BlockPos{x=-361, y=-58, z=-502}
[30Sep2026 20:57:39.057] [Worker-Main-1/ERROR] [net.minecraft.world.entity.decoration.HangingEntity/]: Hanging entity at invalid position: BlockPos{x=-403, y=-58, z=-503}
[30Sep2026 20:57:39.065] [Worker-Main-1/ERROR] [net.minecraft.world.entity.decoration.HangingEntity/]: Hanging entity at invalid position: BlockPos{x=-361, y=-58, z=-502}
[30Sep2026 20:57:39.096] [Worker-Main-1/ERROR] [net.minecraft.world.entity.decoration.HangingEntity/]: Hanging entity at invalid position: BlockPos{x=-359, y=-58, z=-502}
[30Sep2026 20:57:39.096] [Worker-Main-1/ERROR] [net.minecraft.world.entity.decoration.HangingEntity/]: Hanging entity at invalid position: BlockPos{x=-403, y=-58, z=-497}
[30Sep2026 20:57:39.131] [Worker-Main-1/ERROR] [net.minecraft.world.entity.decoration.HangingEntity/]: Hanging entity at invalid position: BlockPos{x=-234, y=-52, z=-702}
[30Sep2026 20:57:39.131] [Worker-Main-1/ERROR] [net.minecraft.world.entity.decoration.HangingEntity/]: Hanging entity at invalid position: BlockPos{x=-221, y=-52, z=-702}
[30Sep2026 20:57:39.136] [Worker-Main-1/ERROR] [net.minecraft.world.entity.decoration.HangingEntity/]: Hanging entity at invalid position: BlockPos{x=-432, y=-52, z=-404}
[30Sep2026 20:57:39.137] [Worker-Main-1/ERROR] [net.minecraft.world.entity.decoration.HangingEntity/]: Hanging entity at invalid position: BlockPos{x=-432, y=-52, z=-402}
[30Sep2026 20:58:08.223] [Server thread/INFO] [net.minecraft.server.MinecraftServer/]: Jingeiei has made the advancement [Dragon Encounter]
[30Sep2026 20:58:33.687] [Server thread/INFO] [net.minecraft.server.MinecraftServer/]: JobjebI has made the advancement [Dragon Encounter]
[30Sep2026 20:59:24.560] [Server thread/INFO] [net.minecraft.server.MinecraftServer/]: [Jingeiei: Teleported Jingeiei to -1512.500000, 73.500000, 378.500000]
[30Sep2026 20:59:37.673] [Server thread/INFO] [net.minecraft.server.MinecraftServer/]: [JobjebI: Gave 1 [Saddle] to JobjebI]
[30Sep2026 20:59:39.767] [Server thread/INFO] [net.minecraft.server.MinecraftServer/]: [Jingeiei: Teleported Jingeiei to JobjebI]
[30Sep2026 21:01:24.824] [Server thread/DEBUG] [citadel/]: saving unmodified surface rules as type SequenceRuleSource
[30Sep2026 21:01:24.824] [Server thread/DEBUG] [citadel/]: modified surface rules to type CitadelSurfaceRuleWrapper
[30Sep2026 21:01:24.824] [Server thread/DEBUG] [net.minecraftforge.common.ForgeHooks/WP]: Gathering id map for writing to world save world
[30Sep2026 21:01:24.831] [Server thread/DEBUG] [net.minecraftforge.common.ForgeHooks/WP]: ID Map collection complete world
[30Sep2026 21:02:04.896] [Server thread/INFO] [net.minecraft.server.MinecraftServer/]: [JobjebI: Teleported JobjebI to -1477.500000, 63.500000, 146.500000]
[30Sep2026 21:02:05.718] [Worker-Main-1/ERROR] [net.minecraft.world.entity.decoration.HangingEntity/]: Hanging entity at invalid position: BlockPos{x=-373, y=-58, z=-499}
[30Sep2026 21:02:05.726] [Worker-Main-1/ERROR] [net.minecraft.world.entity.decoration.HangingEntity/]: Hanging entity at invalid position: BlockPos{x=-292, y=-53, z=-786}
[30Sep2026 21:02:05.726] [Worker-Main-1/ERROR] [net.minecraft.world.entity.decoration.HangingEntity/]: Hanging entity at invalid position: BlockPos{x=-292, y=-58, z=-787}
[30Sep2026 21:02:05.726] [Worker-Main-1/ERROR] [net.minecraft.world.entity.decoration.HangingEntity/]: Hanging entity at invalid position: BlockPos{x=-292, y=-58, z=-785}
[30Sep2026 21:02:05.743] [Worker-Main-1/ERROR] [net.minecraft.world.entity.decoration.HangingEntity/]: Hanging entity at invalid position: BlockPos{x=-362, y=-51, z=-548}
[30Sep2026 21:02:05.744] [Worker-Main-1/ERROR] [net.minecraft.world.entity.decoration.HangingEntity/]: Hanging entity at invalid position: BlockPos{x=-361, y=-54, z=-542}
[30Sep2026 21:02:05.744] [Worker-Main-1/ERROR] [net.minecraft.world.entity.decoration.HangingEntity/]: Hanging entity at invalid position: BlockPos{x=-361, y=-53, z=-542}
[30Sep2026 21:02:05.748] [Worker-Main-1/ERROR] [net.minecraft.world.entity.decoration.HangingEntity/]: Hanging entity at invalid position: BlockPos{x=-278, y=-53, z=-786}
[30Sep2026 21:02:05.748] [Worker-Main-1/ERROR] [net.minecraft.world.entity.decoration.HangingEntity/]: Hanging entity at invalid position: BlockPos{x=-278, y=-58, z=-785}
[30Sep2026 21:02:05.748] [Worker-Main-1/ERROR] [net.minecraft.world.entity.decoration.HangingEntity/]: Hanging entity at invalid position: BlockPos{x=-278, y=-58, z=-787}
[30Sep2026 21:02:12.315] [Server thread/INFO] [net.minecraft.server.MinecraftServer/]: [JobjebI: Teleported JobjebI to Jingeiei]
[30Sep2026 21:02:40.070] [Server thread/INFO] [net.minecraft.server.MinecraftServer/]: [JobjebI: Teleported JobjebI to -1330.500000, 63.500000, 226.500000]
[30Sep2026 21:02:43.627] [Server thread/INFO] [net.minecraft.server.MinecraftServer/]: [JobjebI: Teleported JobjebI to -1290.500000, 63.500000, 265.500000]
[30Sep2026 21:03:18.717] [Server thread/INFO] [net.minecraft.server.MinecraftServer/]: [JobjebI: Teleported JobjebI to Jingeiei]
[30Sep2026 21:05:15.016] [Server thread/INFO] [net.minecraft.server.MinecraftServer/]: [Jingeiei: Teleported Jingeiei to -1571.500000, 73.500000, 59.500000]
[30Sep2026 21:05:15.427] [Worker-Main-3/ERROR] [net.minecraft.world.entity.decoration.HangingEntity/]: Hanging entity at invalid position: BlockPos{x=-234, y=-52, z=-702}
[30Sep2026 21:05:15.427] [Worker-Main-3/ERROR] [net.minecraft.world.entity.decoration.HangingEntity/]: Hanging entity at invalid position: BlockPos{x=-221, y=-52, z=-702}
[30Sep2026 21:05:15.530] [Worker-Main-1/ERROR] [net.minecraft.world.entity.decoration.HangingEntity/]: Hanging entity at invalid position: BlockPos{x=-213, y=-52, z=-702}
[30Sep2026 21:05:15.530] [Worker-Main-1/ERROR] [net.minecraft.world.entity.decoration.HangingEntity/]: Hanging entity at invalid position: BlockPos{x=-200, y=-52, z=-702}
[30Sep2026 21:05:15.820] [Worker-Main-1/ERROR] [net.minecraft.world.entity.decoration.HangingEntity/]: Hanging entity at invalid position: BlockPos{x=-234, y=-52, z=-702}
[30Sep2026 21:05:15.820] [Worker-Main-1/ERROR] [net.minecraft.world.entity.decoration.HangingEntity/]: Hanging entity at invalid position: BlockPos{x=-221, y=-52, z=-702}
[30Sep2026 21:05:16.310] [Worker-Main-3/ERROR] [net.minecraft.world.entity.decoration.HangingEntity/]: Hanging entity at invalid position: BlockPos{x=-400, y=-52, z=-552}
[30Sep2026 21:05:16.310] [Worker-Main-3/ERROR] [net.minecraft.world.entity.decoration.HangingEntity/]: Hanging entity at invalid position: BlockPos{x=-400, y=-51, z=-552}
[30Sep2026 21:05:16.322] [Worker-Main-3/ERROR] [net.minecraft.world.entity.decoration.HangingEntity/]: Hanging entity at invalid position: BlockPos{x=-373, y=-58, z=-499}
[30Sep2026 21:05:16.336] [Worker-Main-3/ERROR] [net.minecraft.world.entity.decoration.HangingEntity/]: Hanging entity at invalid position: BlockPos{x=-403, y=-58, z=-503}
[30Sep2026 21:05:16.341] [Worker-Main-3/ERROR] [net.minecraft.world.entity.decoration.HangingEntity/]: Hanging entity at invalid position: BlockPos{x=-247, y=-56, z=-608}
[30Sep2026 21:05:16.342] [Worker-Main-3/ERROR] [net.minecraft.world.entity.decoration.HangingEntity/]: Hanging entity at invalid position: BlockPos{x=-359, y=-58, z=-502}
[30Sep2026 21:05:16.349] [Worker-Main-3/ERROR] [net.minecraft.world.entity.decoration.HangingEntity/]: Hanging entity at invalid position: BlockPos{x=-420, y=-52, z=-419}
[30Sep2026 21:05:16.349] [Worker-Main-3/ERROR] [net.minecraft.world.entity.decoration.HangingEntity/]: Hanging entity at invalid position: BlockPos{x=-424, y=-52, z=-422}
[30Sep2026 21:05:16.349] [Worker-Main-3/ERROR] [net.minecraft.world.entity.decoration.HangingEntity/]: Hanging entity at invalid position: BlockPos{x=-427, y=-52, z=-408}
[30Sep2026 21:05:16.360] [Worker-Main-3/ERROR] [net.minecraft.world.entity.decoration.HangingEntity/]: Hanging entity at invalid position: BlockPos{x=-245, y=-56, z=-600}
[30Sep2026 21:05:16.360] [Worker-Main-3/ERROR] [net.minecraft.world.entity.decoration.HangingEntity/]: Hanging entity at invalid position: BlockPos{x=-361, y=-58, z=-502}
[30Sep2026 21:05:16.361] [Worker-Main-3/ERROR] [net.minecraft.world.entity.decoration.HangingEntity/]: Hanging entity at invalid position: BlockPos{x=-359, y=-58, z=-502}
[30Sep2026 21:05:16.395] [Worker-Main-3/ERROR] [net.minecraft.world.entity.decoration.HangingEntity/]: Hanging entity at invalid position: BlockPos{x=-403, y=-58, z=-503}
[30Sep2026 21:05:16.406] [Worker-Main-3/ERROR] [net.minecraft.world.entity.decoration.HangingEntity/]: Hanging entity at invalid position: BlockPos{x=-346, y=-57, z=-497}
[30Sep2026 21:05:16.414] [Worker-Main-3/ERROR] [net.minecraft.world.entity.decoration.HangingEntity/]: Hanging entity at invalid position: BlockPos{x=-422, y=-52, z=-391}
[30Sep2026 21:05:16.426] [Worker-Main-3/ERROR] [net.minecraft.world.entity.decoration.HangingEntity/]: Hanging entity at invalid position: BlockPos{x=-396, y=-51, z=-611}
[30Sep2026 21:05:16.427] [Worker-Main-3/ERROR] [net.minecraft.world.entity.decoration.HangingEntity/]: Hanging entity at invalid position: BlockPos{x=-396, y=-50, z=-610}
[30Sep2026 21:05:16.427] [Worker-Main-3/ERROR] [net.minecraft.world.entity.decoration.HangingEntity/]: Hanging entity at invalid position: BlockPos{x=-361, y=-58, z=-502}
[30Sep2026 21:05:16.431] [Worker-Main-3/ERROR] [net.minecraft.world.entity.decoration.HangingEntity/]: Hanging entity at invalid position: BlockPos{x=-403, y=-58, z=-503}
[30Sep2026 21:05:16.506] [Worker-Main-3/ERROR] [net.minecraft.world.entity.decoration.HangingEntity/]: Hanging entity at invalid position: BlockPos{x=-414, y=-52, z=-427}
[30Sep2026 21:05:16.533] [Worker-Main-3/ERROR] [net.minecraft.world.entity.decoration.HangingEntity/]: Hanging entity at invalid position: BlockPos{x=-362, y=-51, z=-548}
[30Sep2026 21:05:16.551] [Worker-Main-1/ERROR] [net.minecraft.world.entity.decoration.HangingEntity/]: Hanging entity at invalid position: BlockPos{x=-361, y=-54, z=-542}
[30Sep2026 21:05:16.551] [Worker-Main-1/ERROR] [net.minecraft.world.entity.decoration.HangingEntity/]: Hanging entity at invalid position: BlockPos{x=-361, y=-53, z=-542}
[30Sep2026 21:05:16.552] [Worker-Main-1/ERROR] [net.minecraft.world.entity.decoration.HangingEntity/]: Hanging entity at invalid position: BlockPos{x=-359, y=-58, z=-502}
[30Sep2026 21:05:16.601] [Worker-Main-3/ERROR] [net.minecraft.world.entity.decoration.HangingEntity/]: Hanging entity at invalid position: BlockPos{x=-409, y=-57, z=-497}
[30Sep2026 21:05:16.601] [Worker-Main-3/ERROR] [net.minecraft.world.entity.decoration.HangingEntity/]: Hanging entity at invalid position: BlockPos{x=-410, y=-57, z=-496}
[30Sep2026 21:05:16.640] [Worker-Main-11/ERROR] [net.minecraft.world.entity.decoration.HangingEntity/]: Hanging entity at invalid position: BlockPos{x=-409, y=-57, z=-497}
[30Sep2026 21:05:16.640] [Worker-Main-11/ERROR] [net.minecraft.world.entity.decoration.HangingEntity/]: Hanging entity at invalid position: BlockPos{x=-410, y=-57, z=-496}
[30Sep2026 21:05:16.643] [Worker-Main-11/ERROR] [net.minecraft.world.entity.decoration.HangingEntity/]: Hanging entity at invalid position: BlockPos{x=-361, y=-58, z=-502}
[30Sep2026 21:05:16.643] [Worker-Main-11/ERROR] [net.minecraft.world.entity.decoration.HangingEntity/]: Hanging entity at invalid position: BlockPos{x=-403, y=-58, z=-503}
[30Sep2026 21:05:16.646] [Worker-Main-11/ERROR] [net.minecraft.world.entity.decoration.HangingEntity/]: Hanging entity at invalid position: BlockPos{x=-362, y=-51, z=-548}
[30Sep2026 21:05:16.647] [Worker-Main-11/ERROR] [net.minecraft.world.entity.decoration.HangingEntity/]: Hanging entity at invalid position: BlockPos{x=-361, y=-54, z=-542}
[30Sep2026 21:05:16.647] [Worker-Main-11/ERROR] [net.minecraft.world.entity.decoration.HangingEntity/]: Hanging entity at invalid position: BlockPos{x=-361, y=-53, z=-542}
[30Sep2026 21:05:16.863] [Worker-Main-11/ERROR] [net.minecraft.world.entity.decoration.HangingEntity/]: Hanging entity at invalid position: BlockPos{x=-278, y=-53, z=-786}
[30Sep2026 21:05:16.864] [Worker-Main-11/ERROR] [net.minecraft.world.entity.decoration.HangingEntity/]: Hanging entity at invalid position: BlockPos{x=-278, y=-58, z=-787}
[30Sep2026 21:05:16.865] [Worker-Main-11/ERROR] [net.minecraft.world.entity.decoration.HangingEntity/]: Hanging entity at invalid position: BlockPos{x=-396, y=-51, z=-611}
[30Sep2026 21:05:16.865] [Worker-Main-11/ERROR] [net.minecraft.world.entity.decoration.HangingEntity/]: Hanging entity at invalid position: BlockPos{x=-396, y=-50, z=-610}
[30Sep2026 21:05:16.883] [Worker-Main-1/ERROR] [net.minecraft.world.entity.decoration.HangingEntity/]: Hanging entity at invalid position: BlockPos{x=-396, y=-52, z=-407}
[30Sep2026 21:05:16.883] [Worker-Main-1/ERROR] [net.minecraft.world.entity.decoration.HangingEntity/]: Hanging entity at invalid position: BlockPos{x=-393, y=-52, z=-408}
[30Sep2026 21:05:16.884] [Worker-Main-1/ERROR] [net.minecraft.world.entity.decoration.HangingEntity/]: Hanging entity at invalid position: BlockPos{x=-404, y=-52, z=-397}
[30Sep2026 21:05:16.884] [Worker-Main-1/ERROR] [net.minecraft.world.entity.decoration.HangingEntity/]: Hanging entity at invalid position: BlockPos{x=-399, y=-52, z=-395}
[30Sep2026 21:05:16.884] [Worker-Main-1/ERROR] [net.minecraft.world.entity.decoration.HangingEntity/]: Hanging entity at invalid position: BlockPos{x=-400, y=-52, z=-394}
[30Sep2026 21:05:16.884] [Worker-Main-1/ERROR] [net.minecraft.world.entity.decoration.HangingEntity/]: Hanging entity at invalid position: BlockPos{x=-393, y=-52, z=-400}
[30Sep2026 21:05:16.888] [Worker-Main-1/ERROR] [net.minecraft.world.entity.decoration.HangingEntity/]: Hanging entity at invalid position: BlockPos{x=-292, y=-53, z=-786}
[30Sep2026 21:05:16.888] [Worker-Main-1/ERROR] [net.minecraft.world.entity.decoration.HangingEntity/]: Hanging entity at invalid position: BlockPos{x=-292, y=-58, z=-787}
[30Sep2026 21:05:16.905] [Worker-Main-3/ERROR] [net.minecraft.world.entity.decoration.HangingEntity/]: Hanging entity at invalid position: BlockPos{x=-427, y=-52, z=-408}
[30Sep2026 21:05:16.905] [Worker-Main-3/ERROR] [net.minecraft.world.entity.decoration.HangingEntity/]: Hanging entity at invalid position: BlockPos{x=-428, y=-52, z=-407}
[30Sep2026 21:05:16.905] [Worker-Main-3/ERROR] [net.minecraft.world.entity.decoration.HangingEntity/]: Hanging entity at invalid position: BlockPos{x=-429, y=-52, z=-408}
[30Sep2026 21:05:16.905] [Worker-Main-3/ERROR] [net.minecraft.world.entity.decoration.HangingEntity/]: Hanging entity at invalid position: BlockPos{x=-432, y=-52, z=-404}
[30Sep2026 21:05:16.906] [Worker-Main-3/ERROR] [net.minecraft.world.entity.decoration.HangingEntity/]: Hanging entity at invalid position: BlockPos{x=-432, y=-52, z=-402}
[30Sep2026 21:05:17.068] [Worker-Main-11/ERROR] [net.minecraft.world.entity.decoration.HangingEntity/]: Hanging entity at invalid position: BlockPos{x=-409, y=-57, z=-497}
[30Sep2026 21:05:17.069] [Worker-Main-11/ERROR] [net.minecraft.world.entity.decoration.HangingEntity/]: Hanging entity at invalid position: BlockPos{x=-410, y=-57, z=-496}
[30Sep2026 21:05:17.069] [Worker-Main-11/ERROR] [net.minecraft.world.entity.decoration.HangingEntity/]: Hanging entity at invalid position: BlockPos{x=-409, y=-57, z=-497}
[30Sep2026 21:05:17.069] [Worker-Main-11/ERROR] [net.minecraft.world.entity.decoration.HangingEntity/]: Hanging entity at invalid position: BlockPos{x=-410, y=-57, z=-496}
[30Sep2026 21:05:17.072] [Worker-Main-11/ERROR] [net.minecraft.world.entity.decoration.HangingEntity/]: Hanging entity at invalid position: BlockPos{x=-245, y=-56, z=-571}
[30Sep2026 21:05:17.072] [Worker-Main-11/ERROR] [net.minecraft.world.entity.decoration.HangingEntity/]: Hanging entity at invalid position: BlockPos{x=-359, y=-58, z=-502}
[30Sep2026 21:05:17.124] [Worker-Main-1/ERROR] [net.minecraft.world.entity.decoration.HangingEntity/]: Hanging entity at invalid position: BlockPos{x=-409, y=-57, z=-497}
[30Sep2026 21:05:17.124] [Worker-Main-1/ERROR] [net.minecraft.world.entity.decoration.HangingEntity/]: Hanging entity at invalid position: BlockPos{x=-410, y=-57, z=-496}
[30Sep2026 21:05:17.161] [Worker-Main-11/ERROR] [net.minecraft.world.entity.decoration.HangingEntity/]: Hanging entity at invalid position: BlockPos{x=-403, y=-58, z=-503}
[30Sep2026 21:05:17.166] [Worker-Main-11/ERROR] [net.minecraft.world.entity.decoration.HangingEntity/]: Hanging entity at invalid position: BlockPos{x=-278, y=-58, z=-785}
[30Sep2026 21:05:17.186] [Worker-Main-1/ERROR] [net.minecraft.world.entity.decoration.HangingEntity/]: Hanging entity at invalid position: BlockPos{x=-278, y=-53, z=-786}
[30Sep2026 21:05:17.186] [Worker-Main-1/ERROR] [net.minecraft.world.entity.decoration.HangingEntity/]: Hanging entity at invalid position: BlockPos{x=-278, y=-58, z=-787}
[30Sep2026 21:05:17.625] [Worker-Main-11/ERROR] [net.minecraft.world.entity.decoration.HangingEntity/]: Hanging entity at invalid position: BlockPos{x=-400, y=-52, z=-552}
[30Sep2026 21:05:17.625] [Worker-Main-11/ERROR] [net.minecraft.world.entity.decoration.HangingEntity/]: Hanging entity at invalid position: BlockPos{x=-400, y=-51, z=-552}
[30Sep2026 21:05:17.695] [Worker-Main-11/ERROR] [net.minecraft.world.entity.decoration.HangingEntity/]: Hanging entity at invalid position: BlockPos{x=-403, y=-52, z=-425}
[30Sep2026 21:05:17.695] [Worker-Main-11/ERROR] [net.minecraft.world.entity.decoration.HangingEntity/]: Hanging entity at invalid position: BlockPos{x=-410, y=-52, z=-426}
[30Sep2026 21:05:17.763] [Worker-Main-3/ERROR] [net.minecraft.world.entity.decoration.HangingEntity/]: Hanging entity at invalid position: BlockPos{x=-403, y=-58, z=-503}
[30Sep2026 21:05:17.784] [Worker-Main-3/ERROR] [net.minecraft.world.entity.decoration.HangingEntity/]: Hanging entity at invalid position: BlockPos{x=-396, y=-51, z=-611}
[30Sep2026 21:05:17.784] [Worker-Main-3/ERROR] [net.minecraft.world.entity.decoration.HangingEntity/]: Hanging entity at invalid position: BlockPos{x=-396, y=-50, z=-610}
[30Sep2026 21:05:17.795] [Worker-Main-3/ERROR] [net.minecraft.world.entity.decoration.HangingEntity/]: Hanging entity at invalid position: BlockPos{x=-359, y=-58, z=-502}
[30Sep2026 21:05:17.799] [Worker-Main-3/ERROR] [net.minecraft.world.entity.decoration.HangingEntity/]: Hanging entity at invalid position: BlockPos{x=-346, y=-57, z=-497}
[30Sep2026 21:05:17.806] [Worker-Main-3/ERROR] [net.minecraft.world.entity.decoration.HangingEntity/]: Hanging entity at invalid position: BlockPos{x=-400, y=-52, z=-422}
[30Sep2026 21:05:17.806] [Worker-Main-3/ERROR] [net.minecraft.world.entity.decoration.HangingEntity/]: Hanging entity at invalid position: BlockPos{x=-396, y=-52, z=-418}
[30Sep2026 21:05:17.806] [Worker-Main-3/ERROR] [net.minecraft.world.entity.decoration.HangingEntity/]: Hanging entity at invalid position: BlockPos{x=-396, y=-52, z=-407}
[30Sep2026 21:05:17.806] [Worker-Main-3/ERROR] [net.minecraft.world.entity.decoration.HangingEntity/]: Hanging entity at invalid position: BlockPos{x=-396, y=-52, z=-409}
[30Sep2026 21:05:17.810] [Worker-Main-3/ERROR] [net.minecraft.world.entity.decoration.HangingEntity/]: Hanging entity at invalid position: BlockPos{x=-403, y=-58, z=-503}
[30Sep2026 21:05:17.817] [Worker-Main-3/ERROR] [net.minecraft.world.entity.decoration.HangingEntity/]: Hanging entity at invalid position: BlockPos{x=-403, y=-58, z=-503}
[30Sep2026 21:05:17.818] [Worker-Main-3/ERROR] [net.minecraft.world.entity.decoration.HangingEntity/]: Hanging entity at invalid position: BlockPos{x=-396, y=-51, z=-611}
[30Sep2026 21:05:17.818] [Worker-Main-3/ERROR] [net.minecraft.world.entity.decoration.HangingEntity/]: Hanging entity at invalid position: BlockPos{x=-396, y=-50, z=-610}
[30Sep2026 21:05:17.821] [Worker-Main-3/ERROR] [net.minecraft.world.entity.decoration.HangingEntity/]: Hanging entity at invalid position: BlockPos{x=-247, y=-56, z=-608}
[30Sep2026 21:05:17.860] [Worker-Main-3/ERROR] [net.minecraft.world.entity.decoration.HangingEntity/]: Hanging entity at invalid position: BlockPos{x=-400, y=-52, z=-422}
[30Sep2026 21:05:17.860] [Worker-Main-3/ERROR] [net.minecraft.world.entity.decoration.HangingEntity/]: Hanging entity at invalid position: BlockPos{x=-396, y=-52, z=-418}
[30Sep2026 21:05:17.860] [Worker-Main-3/ERROR] [net.minecraft.world.entity.decoration.HangingEntity/]: Hanging entity at invalid position: BlockPos{x=-396, y=-52, z=-409}
[30Sep2026 21:05:17.860] [Worker-Main-3/ERROR] [net.minecraft.world.entity.decoration.HangingEntity/]: Hanging entity at invalid position: BlockPos{x=-394, y=-52, z=-409}
[30Sep2026 21:05:17.860] [Worker-Main-3/ERROR] [net.minecraft.world.entity.decoration.HangingEntity/]: Hanging entity at invalid position: BlockPos{x=-395, y=-52, z=-416}
[30Sep2026 21:05:17.865] [Worker-Main-3/ERROR] [net.minecraft.world.entity.decoration.HangingEntity/]: Hanging entity at invalid position: BlockPos{x=-292, y=-58, z=-785}
[30Sep2026 21:05:17.894] [Worker-Main-1/ERROR] [net.minecraft.world.entity.decoration.HangingEntity/]: Hanging entity at invalid position: BlockPos{x=-420, y=-52, z=-419}
[30Sep2026 21:05:17.894] [Worker-Main-1/ERROR] [net.minecraft.world.entity.decoration.HangingEntity/]: Hanging entity at invalid position: BlockPos{x=-424, y=-52, z=-422}
[30Sep2026 21:05:17.897] [Worker-Main-1/ERROR] [net.minecraft.world.entity.decoration.HangingEntity/]: Hanging entity at invalid position: BlockPos{x=-400, y=-52, z=-552}
[30Sep2026 21:05:17.897] [Worker-Main-1/ERROR] [net.minecraft.world.entity.decoration.HangingEntity/]: Hanging entity at invalid position: BlockPos{x=-400, y=-51, z=-552}
[30Sep2026 21:05:17.900] [Worker-Main-1/ERROR] [net.minecraft.world.entity.decoration.HangingEntity/]: Hanging entity at invalid position: BlockPos{x=-278, y=-58, z=-785}
[30Sep2026 21:05:17.991] [Worker-Main-3/ERROR] [net.minecraft.world.entity.decoration.HangingEntity/]: Hanging entity at invalid position: BlockPos{x=-428, y=-52, z=-409}
[30Sep2026 21:05:18.078] [Worker-Main-11/ERROR] [net.minecraft.world.entity.decoration.HangingEntity/]: Hanging entity at invalid position: BlockPos{x=-361, y=-58, z=-502}
[30Sep2026 21:05:18.095] [Worker-Main-11/ERROR] [net.minecraft.world.entity.decoration.HangingEntity/]: Hanging entity at invalid position: BlockPos{x=-400, y=-52, z=-552}
[30Sep2026 21:05:18.095] [Worker-Main-11/ERROR] [net.minecraft.world.entity.decoration.HangingEntity/]: Hanging entity at invalid position: BlockPos{x=-400, y=-51, z=-552}
[30Sep2026 21:05:18.095] [Worker-Main-11/ERROR] [net.minecraft.world.entity.decoration.HangingEntity/]: Hanging entity at invalid position: BlockPos{x=-349, y=-58, z=-497}
[30Sep2026 21:05:18.102] [Worker-Main-11/ERROR] [net.minecraft.world.entity.decoration.HangingEntity/]: Hanging entity at invalid position: BlockPos{x=-404, y=-52, z=-397}
[30Sep2026 21:05:18.102] [Worker-Main-11/ERROR] [net.minecraft.world.entity.decoration.HangingEntity/]: Hanging entity at invalid position: BlockPos{x=-399, y=-52, z=-395}
[30Sep2026 21:05:18.102] [Worker-Main-11/ERROR] [net.minecraft.world.entity.decoration.HangingEntity/]: Hanging entity at invalid position: BlockPos{x=-400, y=-52, z=-394}
[30Sep2026 21:05:18.107] [Worker-Main-11/ERROR] [net.minecraft.world.entity.decoration.HangingEntity/]: Hanging entity at invalid position: BlockPos{x=-349, y=-58, z=-497}
[30Sep2026 21:05:18.121] [Worker-Main-11/ERROR] [net.minecraft.world.entity.decoration.HangingEntity/]: Hanging entity at invalid position: BlockPos{x=-234, y=-52, z=-702}
[30Sep2026 21:05:18.121] [Worker-Main-11/ERROR] [net.minecraft.world.entity.decoration.HangingEntity/]: Hanging entity at invalid position: BlockPos{x=-221, y=-52, z=-702}
[30Sep2026 21:05:18.142] [Worker-Main-11/ERROR] [net.minecraft.world.entity.decoration.HangingEntity/]: Hanging entity at invalid position: BlockPos{x=-407, y=-57, z=-497}
[30Sep2026 21:05:18.142] [Worker-Main-11/ERROR] [net.minecraft.world.entity.decoration.HangingEntity/]: Hanging entity at invalid position: BlockPos{x=-406, y=-57, z=-496}
[30Sep2026 21:05:18.198] [Worker-Main-3/ERROR] [net.minecraft.world.entity.decoration.HangingEntity/]: Hanging entity at invalid position: BlockPos{x=-234, y=-52, z=-702}
[30Sep2026 21:05:18.198] [Worker-Main-3/ERROR] [net.minecraft.world.entity.decoration.HangingEntity/]: Hanging entity at invalid position: BlockPos{x=-221, y=-52, z=-702}
[30Sep2026 21:05:18.264] [Worker-Main-11/ERROR] [net.minecraft.world.entity.decoration.HangingEntity/]: Hanging entity at invalid position: BlockPos{x=-361, y=-58, z=-502}
[30Sep2026 21:05:18.269] [Worker-Main-11/ERROR] [net.minecraft.world.entity.decoration.HangingEntity/]: Hanging entity at invalid position: BlockPos{x=-292, y=-58, z=-785}
[30Sep2026 21:05:18.450] [Worker-Main-3/ERROR] [net.minecraft.world.entity.decoration.HangingEntity/]: Hanging entity at invalid position: BlockPos{x=-400, y=-52, z=-552}
[30Sep2026 21:05:18.450] [Worker-Main-3/ERROR] [net.minecraft.world.entity.decoration.HangingEntity/]: Hanging entity at invalid position: BlockPos{x=-400, y=-51, z=-552}
[30Sep2026 21:05:18.462] [Worker-Main-3/ERROR] [net.minecraft.world.entity.decoration.HangingEntity/]: Hanging entity at invalid position: BlockPos{x=-292, y=-53, z=-786}
[30Sep2026 21:05:18.462] [Worker-Main-3/ERROR] [net.minecraft.world.entity.decoration.HangingEntity/]: Hanging entity at invalid position: BlockPos{x=-292, y=-58, z=-787}
[30Sep2026 21:05:18.687] [Worker-Main-11/ERROR] [net.minecraft.world.entity.decoration.HangingEntity/]: Hanging entity at invalid position: BlockPos{x=-349, y=-58, z=-497}
[30Sep2026 21:05:18.715] [Worker-Main-11/ERROR] [net.minecraft.world.entity.decoration.HangingEntity/]: Hanging entity at invalid position: BlockPos{x=-407, y=-57, z=-497}
[30Sep2026 21:05:18.716] [Worker-Main-11/ERROR] [net.minecraft.world.entity.decoration.HangingEntity/]: Hanging entity at invalid position: BlockPos{x=-406, y=-57, z=-496}
[30Sep2026 21:05:18.758] [Worker-Main-1/ERROR] [net.minecraft.world.entity.decoration.HangingEntity/]: Hanging entity at invalid position: BlockPos{x=-414, y=-52, z=-427}
[30Sep2026 21:05:18.788] [Worker-Main-1/ERROR] [net.minecraft.world.entity.decoration.HangingEntity/]: Hanging entity at invalid position: BlockPos{x=-403, y=-52, z=-425}
[30Sep2026 21:05:18.789] [Worker-Main-1/ERROR] [net.minecraft.world.entity.decoration.HangingEntity/]: Hanging entity at invalid position: BlockPos{x=-410, y=-52, z=-426}
[30Sep2026 21:05:18.975] [Worker-Main-1/ERROR] [net.minecraft.world.entity.decoration.HangingEntity/]: Hanging entity at invalid position: BlockPos{x=-394, y=-52, z=-409}
[30Sep2026 21:05:18.975] [Worker-Main-1/ERROR] [net.minecraft.world.entity.decoration.HangingEntity/]: Hanging entity at invalid position: BlockPos{x=-393, y=-52, z=-408}
[30Sep2026 21:05:18.975] [Worker-Main-1/ERROR] [net.minecraft.world.entity.decoration.HangingEntity/]: Hanging entity at invalid position: BlockPos{x=-393, y=-52, z=-400}
[30Sep2026 21:05:19.043] [Worker-Main-11/ERROR] [net.minecraft.world.entity.decoration.HangingEntity/]: Hanging entity at invalid position: BlockPos{x=-395, y=-52, z=-416}
[30Sep2026 21:05:19.114] [Worker-Main-1/ERROR] [net.minecraft.world.entity.decoration.HangingEntity/]: Hanging entity at invalid position: BlockPos{x=-403, y=-52, z=-425}
[30Sep2026 21:05:19.121] [Worker-Main-1/ERROR] [net.minecraft.world.entity.decoration.HangingEntity/]: Hanging entity at invalid position: BlockPos{x=-234, y=-52, z=-702}
[30Sep2026 21:05:19.122] [Worker-Main-1/ERROR] [net.minecraft.world.entity.decoration.HangingEntity/]: Hanging entity at invalid position: BlockPos{x=-221, y=-52, z=-702}
[30Sep2026 21:05:19.128] [Worker-Main-1/ERROR] [net.minecraft.world.entity.decoration.HangingEntity/]: Hanging entity at invalid position: BlockPos{x=-393, y=-52, z=-400}
[30Sep2026 21:05:19.135] [Worker-Main-1/ERROR] [net.minecraft.world.level.block.entity.SculkSensorBlockEntity/]: No key selector in MapLike[{event_delay:0,event_distance:3.602844f,range:8,source:{pos:[I;-404,-59,-499],type:"minecraft:block"}}]
[30Sep2026 21:05:19.146] [Worker-Main-1/ERROR] [net.minecraft.world.entity.decoration.HangingEntity/]: Hanging entity at invalid position: BlockPos{x=-410, y=-52, z=-426}
[30Sep2026 21:05:19.146] [Worker-Main-1/ERROR] [net.minecraft.world.entity.decoration.HangingEntity/]: Hanging entity at invalid position: BlockPos{x=-414, y=-52, z=-427}
[30Sep2026 21:05:19.148] [Worker-Main-1/ERROR] [net.minecraft.world.entity.decoration.HangingEntity/]: Hanging entity at invalid position: BlockPos{x=-234, y=-52, z=-702}
[30Sep2026 21:05:19.148] [Worker-Main-1/ERROR] [net.minecraft.world.entity.decoration.HangingEntity/]: Hanging entity at invalid position: BlockPos{x=-221, y=-52, z=-702}
[30Sep2026 21:05:19.433] [Worker-Main-3/ERROR] [net.minecraft.world.entity.decoration.HangingEntity/]: Hanging entity at invalid position: BlockPos{x=-394, y=-52, z=-409}
[30Sep2026 21:05:19.433] [Worker-Main-3/ERROR] [net.minecraft.world.entity.decoration.HangingEntity/]: Hanging entity at invalid position: BlockPos{x=-393, y=-52, z=-408}
[30Sep2026 21:05:19.433] [Worker-Main-3/ERROR] [net.minecraft.world.entity.decoration.HangingEntity/]: Hanging entity at invalid position: BlockPos{x=-395, y=-52, z=-416}
[30Sep2026 21:05:20.241] [Worker-Main-1/ERROR] [net.minecraft.world.level.block.entity.SculkSensorBlockEntity/]: No key selector in MapLike[{event_delay:0,event_distance:3.602844f,range:8,source:{pos:[I;-404,-59,-499],type:"minecraft:block"}}]
[30Sep2026 21:05:20.246] [Worker-Main-1/ERROR] [net.minecraft.world.entity.decoration.HangingEntity/]: Hanging entity at invalid position: BlockPos{x=-396, y=-52, z=-418}
[30Sep2026 21:05:20.246] [Worker-Main-1/ERROR] [net.minecraft.world.entity.decoration.HangingEntity/]: Hanging entity at invalid position: BlockPos{x=-396, y=-52, z=-409}
[30Sep2026 21:05:20.246] [Worker-Main-1/ERROR] [net.minecraft.world.entity.decoration.HangingEntity/]: Hanging entity at invalid position: BlockPos{x=-394, y=-52, z=-409}
[30Sep2026 21:05:20.246] [Worker-Main-1/ERROR] [net.minecraft.world.entity.decoration.HangingEntity/]: Hanging entity at invalid position: BlockPos{x=-395, y=-52, z=-416}
[30Sep2026 21:05:20.339] [Worker-Main-1/ERROR] [net.minecraft.world.entity.decoration.HangingEntity/]: Hanging entity at invalid position: BlockPos{x=-400, y=-52, z=-422}
[30Sep2026 21:05:20.343] [Worker-Main-1/ERROR] [net.minecraft.world.entity.decoration.HangingEntity/]: Hanging entity at invalid position: BlockPos{x=-403, y=-58, z=-503}
[30Sep2026 21:05:20.343] [Worker-Main-1/ERROR] [net.minecraft.world.entity.decoration.HangingEntity/]: Hanging entity at invalid position: BlockPos{x=-403, y=-58, z=-503}
[30Sep2026 21:05:20.344] [Worker-Main-1/ERROR] [net.minecraft.world.entity.decoration.HangingEntity/]: Hanging entity at invalid position: BlockPos{x=-373, y=-58, z=-499}
[30Sep2026 21:05:20.356] [Worker-Main-1/ERROR] [net.minecraft.world.entity.decoration.HangingEntity/]: Hanging entity at invalid position: BlockPos{x=-407, y=-57, z=-497}
[30Sep2026 21:05:20.356] [Worker-Main-1/ERROR] [net.minecraft.world.entity.decoration.HangingEntity/]: Hanging entity at invalid position: BlockPos{x=-406, y=-57, z=-496}
[30Sep2026 21:05:20.357] [Worker-Main-1/ERROR] [net.minecraft.world.entity.decoration.HangingEntity/]: Hanging entity at invalid position: BlockPos{x=-396, y=-51, z=-611}
[30Sep2026 21:05:20.357] [Worker-Main-1/ERROR] [net.minecraft.world.entity.decoration.HangingEntity/]: Hanging entity at invalid position: BlockPos{x=-396, y=-50, z=-610}
[30Sep2026 21:05:20.390] [Worker-Main-3/ERROR] [net.minecraft.world.entity.decoration.HangingEntity/]: Hanging entity at invalid position: BlockPos{x=-420, y=-52, z=-419}
[30Sep2026 21:05:20.390] [Worker-Main-3/ERROR] [net.minecraft.world.entity.decoration.HangingEntity/]: Hanging entity at invalid position: BlockPos{x=-424, y=-52, z=-422}
[30Sep2026 21:05:20.390] [Worker-Main-3/ERROR] [net.minecraft.world.entity.decoration.HangingEntity/]: Hanging entity at invalid position: BlockPos{x=-428, y=-52, z=-409}
[30Sep2026 21:05:20.390] [Worker-Main-3/ERROR] [net.minecraft.world.entity.decoration.HangingEntity/]: Hanging entity at invalid position: BlockPos{x=-361, y=-58, z=-502}
[30Sep2026 21:05:20.395] [Worker-Main-3/ERROR] [net.minecraft.world.entity.decoration.HangingEntity/]: Hanging entity at invalid position: BlockPos{x=-350, y=-58, z=-499}
[30Sep2026 21:05:20.395] [Worker-Main-3/ERROR] [net.minecraft.world.entity.decoration.HangingEntity/]: Hanging entity at invalid position: BlockPos{x=-349, y=-58, z=-499}
[30Sep2026 21:05:20.399] [Worker-Main-3/ERROR] [net.minecraft.world.entity.decoration.HangingEntity/]: Hanging entity at invalid position: BlockPos{x=-350, y=-58, z=-499}
[30Sep2026 21:05:20.399] [Worker-Main-3/ERROR] [net.minecraft.world.entity.decoration.HangingEntity/]: Hanging entity at invalid position: BlockPos{x=-349, y=-58, z=-499}
[30Sep2026 21:05:20.399] [Worker-Main-3/ERROR] [net.minecraft.world.entity.decoration.HangingEntity/]: Hanging entity at invalid position: BlockPos{x=-350, y=-58, z=-499}
[30Sep2026 21:05:20.399] [Worker-Main-3/ERROR] [net.minecraft.world.entity.decoration.HangingEntity/]: Hanging entity at invalid position: BlockPos{x=-349, y=-58, z=-499}
[30Sep2026 21:05:20.410] [Worker-Main-3/ERROR] [net.minecraft.world.entity.decoration.HangingEntity/]: Hanging entity at invalid position: BlockPos{x=-346, y=-57, z=-497}
[30Sep2026 21:05:20.462] [Worker-Main-1/ERROR] [net.minecraft.world.entity.decoration.HangingEntity/]: Hanging entity at invalid position: BlockPos{x=-396, y=-51, z=-611}
[30Sep2026 21:05:20.462] [Worker-Main-1/ERROR] [net.minecraft.world.entity.decoration.HangingEntity/]: Hanging entity at invalid position: BlockPos{x=-396, y=-50, z=-610}
[30Sep2026 21:05:20.478] [Worker-Main-3/ERROR] [net.minecraft.world.entity.decoration.HangingEntity/]: Hanging entity at invalid position: BlockPos{x=-400, y=-52, z=-552}
[30Sep2026 21:05:20.478] [Worker-Main-3/ERROR] [net.minecraft.world.entity.decoration.HangingEntity/]: Hanging entity at invalid position: BlockPos{x=-400, y=-51, z=-552}
[30Sep2026 21:05:20.581] [Worker-Main-1/ERROR] [net.minecraft.world.entity.decoration.HangingEntity/]: Hanging entity at invalid position: BlockPos{x=-400, y=-52, z=-394}
[30Sep2026 21:05:20.744] [Worker-Main-1/ERROR] [net.minecraft.world.level.block.entity.SculkSensorBlockEntity/]: No key selector in MapLike[{event_delay:0,event_distance:3.602844f,range:8,source:{pos:[I;-404,-59,-499],type:"minecraft:block"}}]
[30Sep2026 21:05:20.749] [Worker-Main-1/ERROR] [net.minecraft.world.entity.decoration.HangingEntity/]: Hanging entity at invalid position: BlockPos{x=-407, y=-57, z=-497}
[30Sep2026 21:05:20.749] [Worker-Main-1/ERROR] [net.minecraft.world.entity.decoration.HangingEntity/]: Hanging entity at invalid position: BlockPos{x=-406, y=-57, z=-496}
[30Sep2026 21:05:20.750] [Worker-Main-1/ERROR] [net.minecraft.world.entity.decoration.HangingEntity/]: Hanging entity at invalid position: BlockPos{x=-403, y=-58, z=-503}
[30Sep2026 21:05:20.755] [Worker-Main-1/ERROR] [net.minecraft.world.entity.decoration.HangingEntity/]: Hanging entity at invalid position: BlockPos{x=-396, y=-52, z=-407}
[30Sep2026 21:05:20.755] [Worker-Main-1/ERROR] [net.minecraft.world.entity.decoration.HangingEntity/]: Hanging entity at invalid position: BlockPos{x=-396, y=-52, z=-409}
[30Sep2026 21:05:20.755] [Worker-Main-1/ERROR] [net.minecraft.world.entity.decoration.HangingEntity/]: Hanging entity at invalid position: BlockPos{x=-404, y=-52, z=-397}
[30Sep2026 21:05:20.755] [Worker-Main-1/ERROR] [net.minecraft.world.entity.decoration.HangingEntity/]: Hanging entity at invalid position: BlockPos{x=-399, y=-52, z=-395}
[30Sep2026 21:05:20.757] [Worker-Main-1/ERROR] [net.minecraft.world.entity.decoration.HangingEntity/]: Hanging entity at invalid position: BlockPos{x=-400, y=-52, z=-552}
[30Sep2026 21:05:20.757] [Worker-Main-1/ERROR] [net.minecraft.world.entity.decoration.HangingEntity/]: Hanging entity at invalid position: BlockPos{x=-400, y=-51, z=-552}
[30Sep2026 21:05:20.774] [Worker-Main-1/ERROR] [net.minecraft.world.entity.decoration.HangingEntity/]: Hanging entity at invalid position: BlockPos{x=-349, y=-58, z=-497}
[30Sep2026 21:05:20.775] [Worker-Main-1/ERROR] [net.minecraft.world.entity.decoration.HangingEntity/]: Hanging entity at invalid position: BlockPos{x=-359, y=-58, z=-502}
[30Sep2026 21:05:20.782] [Worker-Main-1/ERROR] [net.minecraft.world.entity.decoration.HangingEntity/]: Hanging entity at invalid position: BlockPos{x=-245, y=-56, z=-571}
[30Sep2026 21:05:20.789] [Worker-Main-1/ERROR] [net.minecraft.world.entity.decoration.HangingEntity/]: Hanging entity at invalid position: BlockPos{x=-221, y=-52, z=-702}
[30Sep2026 21:05:20.822] [Worker-Main-1/ERROR] [net.minecraft.world.entity.decoration.HangingEntity/]: Hanging entity at invalid position: BlockPos{x=-403, y=-52, z=-425}
[30Sep2026 21:05:20.822] [Worker-Main-1/ERROR] [net.minecraft.world.entity.decoration.HangingEntity/]: Hanging entity at invalid position: BlockPos{x=-410, y=-52, z=-426}
[30Sep2026 21:05:20.822] [Worker-Main-1/ERROR] [net.minecraft.world.entity.decoration.HangingEntity/]: Hanging entity at invalid position: BlockPos{x=-400, y=-52, z=-422}
[30Sep2026 21:05:20.822] [Worker-Main-1/ERROR] [net.minecraft.world.entity.decoration.HangingEntity/]: Hanging entity at invalid position: BlockPos{x=-396, y=-52, z=-418}
[30Sep2026 21:05:20.824] [Worker-Main-1/ERROR] [net.minecraft.world.entity.decoration.HangingEntity/]: Hanging entity at invalid position: BlockPos{x=-396, y=-51, z=-611}
[30Sep2026 21:05:20.824] [Worker-Main-1/ERROR] [net.minecraft.world.entity.decoration.HangingEntity/]: Hanging entity at invalid position: BlockPos{x=-396, y=-50, z=-610}
[30Sep2026 21:05:20.833] [Worker-Main-1/ERROR] [net.minecraft.world.entity.decoration.HangingEntity/]: Hanging entity at invalid position: BlockPos{x=-361, y=-58, z=-502}
[30Sep2026 21:05:20.840] [Worker-Main-1/ERROR] [net.minecraft.world.entity.decoration.HangingEntity/]: Hanging entity at invalid position: BlockPos{x=-409, y=-57, z=-497}
[30Sep2026 21:05:20.840] [Worker-Main-1/ERROR] [net.minecraft.world.entity.decoration.HangingEntity/]: Hanging entity at invalid position: BlockPos{x=-410, y=-57, z=-496}
[30Sep2026 21:05:20.843] [Worker-Main-1/ERROR] [net.minecraft.world.entity.decoration.HangingEntity/]: Hanging entity at invalid position: BlockPos{x=-396, y=-51, z=-611}
[30Sep2026 21:05:20.843] [Worker-Main-1/ERROR] [net.minecraft.world.entity.decoration.HangingEntity/]: Hanging entity at invalid position: BlockPos{x=-396, y=-50, z=-610}
[30Sep2026 21:05:20.843] [Worker-Main-1/ERROR] [net.minecraft.world.entity.decoration.HangingEntity/]: Hanging entity at invalid position: BlockPos{x=-403, y=-58, z=-497}
[30Sep2026 21:05:20.855] [Worker-Main-3/ERROR] [net.minecraft.world.entity.decoration.HangingEntity/]: Hanging entity at invalid position: BlockPos{x=-234, y=-52, z=-702}
[30Sep2026 21:05:20.869] [Worker-Main-3/ERROR] [net.minecraft.world.level.block.entity.SculkSensorBlockEntity/]: No key selector in MapLike[{event_delay:0,event_distance:3.602844f,range:8,source:{pos:[I;-404,-59,-499],type:"minecraft:block"}}]
[30Sep2026 21:05:34.768] [Server thread/INFO] [net.minecraft.server.MinecraftServer/]: [Jingeiei: Teleported Jingeiei to JobjebI]
[30Sep2026 21:05:59.872] [Server thread/INFO] [net.minecraft.server.MinecraftServer/]: [Jingeiei: Teleported Jingeiei to -1687.500000, 256.500000, 50.500000]
[30Sep2026 21:06:00.080] [Worker-Main-11/ERROR] [net.minecraft.world.entity.decoration.HangingEntity/]: Hanging entity at invalid position: BlockPos{x=-422, y=-52, z=-391}
[30Sep2026 21:06:00.160] [Worker-Main-1/ERROR] [net.minecraft.world.entity.decoration.HangingEntity/]: Hanging entity at invalid position: BlockPos{x=-349, y=-58, z=-497}
[30Sep2026 21:06:00.175] [Worker-Main-1/ERROR] [net.minecraft.world.entity.decoration.HangingEntity/]: Hanging entity at invalid position: BlockPos{x=-427, y=-52, z=-408}
[30Sep2026 21:06:00.198] [Worker-Main-1/ERROR] [net.minecraft.world.level.block.entity.SculkSensorBlockEntity/]: No key selector in MapLike[{event_delay:0,event_distance:3.602844f,range:8,source:{pos:[I;-404,-59,-499],type:"minecraft:block"}}]
[30Sep2026 21:06:00.239] [Worker-Main-11/ERROR] [net.minecraft.world.entity.decoration.HangingEntity/]: Hanging entity at invalid position: BlockPos{x=-407, y=-57, z=-497}
[30Sep2026 21:06:00.239] [Worker-Main-11/ERROR] [net.minecraft.world.entity.decoration.HangingEntity/]: Hanging entity at invalid position: BlockPos{x=-406, y=-57, z=-496}
[30Sep2026 21:06:00.248] [Worker-Main-11/ERROR] [net.minecraft.world.level.block.entity.SculkSensorBlockEntity/]: No key selector in MapLike[{event_delay:0,event_distance:3.602844f,range:8,source:{pos:[I;-404,-59,-499],type:"minecraft:block"}}]
[30Sep2026 21:06:00.248] [Worker-Main-11/ERROR] [net.minecraft.world.entity.decoration.HangingEntity/]: Hanging entity at invalid position: BlockPos{x=-346, y=-57, z=-497}
[30Sep2026 21:06:00.254] [Worker-Main-11/ERROR] [net.minecraft.world.entity.decoration.HangingEntity/]: Hanging entity at invalid position: BlockPos{x=-420, y=-52, z=-419}
[30Sep2026 21:06:00.254] [Worker-Main-11/ERROR] [net.minecraft.world.entity.decoration.HangingEntity/]: Hanging entity at invalid position: BlockPos{x=-424, y=-52, z=-422}
[30Sep2026 21:06:00.269] [Worker-Main-11/ERROR] [net.minecraft.world.entity.decoration.HangingEntity/]: Hanging entity at invalid position: BlockPos{x=-403, y=-58, z=-503}
[30Sep2026 21:06:00.280] [Worker-Main-11/ERROR] [net.minecraft.world.entity.decoration.HangingEntity/]: Hanging entity at invalid position: BlockPos{x=-361, y=-58, z=-502}
[30Sep2026 21:06:00.310] [Worker-Main-3/ERROR] [net.minecraft.world.entity.decoration.HangingEntity/]: Hanging entity at invalid position: BlockPos{x=-414, y=-52, z=-427}
[30Sep2026 21:06:00.402] [Worker-Main-3/ERROR] [net.minecraft.world.entity.decoration.HangingEntity/]: Hanging entity at invalid position: BlockPos{x=-396, y=-52, z=-407}
[30Sep2026 21:06:00.402] [Worker-Main-3/ERROR] [net.minecraft.world.entity.decoration.HangingEntity/]: Hanging entity at invalid position: BlockPos{x=-393, y=-52, z=-408}
[30Sep2026 21:06:00.402] [Worker-Main-3/ERROR] [net.minecraft.world.entity.decoration.HangingEntity/]: Hanging entity at invalid position: BlockPos{x=-393, y=-52, z=-400}
[30Sep2026 21:06:00.467] [Server thread/INFO] [net.minecraft.server.MinecraftServer/]: Jingeiei has made the advancement [Welcome To The Machine]
[30Sep2026 21:06:00.470] [Worker-Main-3/ERROR] [net.minecraft.world.entity.decoration.HangingEntity/]: Hanging entity at invalid position: BlockPos{x=-404, y=-52, z=-397}
[30Sep2026 21:06:00.471] [Worker-Main-3/ERROR] [net.minecraft.world.entity.decoration.HangingEntity/]: Hanging entity at invalid position: BlockPos{x=-399, y=-52, z=-395}
[30Sep2026 21:06:00.471] [Worker-Main-3/ERROR] [net.minecraft.world.entity.decoration.HangingEntity/]: Hanging entity at invalid position: BlockPos{x=-400, y=-52, z=-394}
[30Sep2026 21:06:00.477] [Worker-Main-3/ERROR] [net.minecraft.world.entity.decoration.HangingEntity/]: Hanging entity at invalid position: BlockPos{x=-361, y=-58, z=-502}
[30Sep2026 21:06:00.477] [Worker-Main-3/ERROR] [net.minecraft.world.level.block.entity.SculkSensorBlockEntity/]: No key selector in MapLike[{event_delay:0,event_distance:3.602844f,range:8,source:{pos:[I;-404,-59,-499],type:"minecraft:block"}}]
[30Sep2026 21:06:00.491] [Worker-Main-3/ERROR] [net.minecraft.world.entity.decoration.HangingEntity/]: Hanging entity at invalid position: BlockPos{x=-349, y=-58, z=-497}
[30Sep2026 21:06:00.499] [Worker-Main-3/ERROR] [net.minecraft.world.entity.decoration.HangingEntity/]: Hanging entity at invalid position: BlockPos{x=-361, y=-54, z=-542}
[30Sep2026 21:06:00.500] [Worker-Main-3/ERROR] [net.minecraft.world.entity.decoration.HangingEntity/]: Hanging entity at invalid position: BlockPos{x=-361, y=-53, z=-542}
[30Sep2026 21:06:00.579] [Worker-Main-11/ERROR] [net.minecraft.world.entity.decoration.HangingEntity/]: Hanging entity at invalid position: BlockPos{x=-427, y=-52, z=-408}
[30Sep2026 21:06:00.580] [Worker-Main-11/ERROR] [net.minecraft.world.entity.decoration.HangingEntity/]: Hanging entity at invalid position: BlockPos{x=-428, y=-52, z=-407}
[30Sep2026 21:06:00.584] [Worker-Main-11/ERROR] [net.minecraft.world.entity.decoration.HangingEntity/]: Hanging entity at invalid position: BlockPos{x=-403, y=-58, z=-503}
[30Sep2026 21:06:00.590] [Worker-Main-11/ERROR] [net.minecraft.world.entity.decoration.HangingEntity/]: Hanging entity at invalid position: BlockPos{x=-396, y=-51, z=-611}
[30Sep2026 21:06:00.591] [Worker-Main-11/ERROR] [net.minecraft.world.entity.decoration.HangingEntity/]: Hanging entity at invalid position: BlockPos{x=-396, y=-50, z=-610}
[30Sep2026 21:06:00.608] [Worker-Main-11/ERROR] [net.minecraft.world.entity.decoration.HangingEntity/]: Hanging entity at invalid position: BlockPos{x=-362, y=-51, z=-548}
[30Sep2026 21:06:00.844] [Worker-Main-3/ERROR] [net.minecraft.world.entity.decoration.HangingEntity/]: Hanging entity at invalid position: BlockPos{x=-234, y=-52, z=-702}
[30Sep2026 21:06:00.845] [Worker-Main-3/ERROR] [net.minecraft.world.entity.decoration.HangingEntity/]: Hanging entity at invalid position: BlockPos{x=-221, y=-52, z=-702}
[30Sep2026 21:06:00.857] [Worker-Main-3/ERROR] [net.minecraft.world.entity.decoration.HangingEntity/]: Hanging entity at invalid position: BlockPos{x=-428, y=-52, z=-407}
[30Sep2026 21:06:00.857] [Worker-Main-3/ERROR] [net.minecraft.world.entity.decoration.HangingEntity/]: Hanging entity at invalid position: BlockPos{x=-429, y=-52, z=-408}
[30Sep2026 21:06:00.857] [Worker-Main-3/ERROR] [net.minecraft.world.entity.decoration.HangingEntity/]: Hanging entity at invalid position: BlockPos{x=-428, y=-52, z=-409}
[30Sep2026 21:06:00.857] [Worker-Main-3/ERROR] [net.minecraft.world.entity.decoration.HangingEntity/]: Hanging entity at invalid position: BlockPos{x=-432, y=-52, z=-404}
[30Sep2026 21:06:00.857] [Worker-Main-3/ERROR] [net.minecraft.world.entity.decoration.HangingEntity/]: Hanging entity at invalid position: BlockPos{x=-432, y=-52, z=-402}
[30Sep2026 21:06:00.863] [Worker-Main-3/ERROR] [net.minecraft.world.level.block.entity.SculkSensorBlockEntity/]: No key selector in MapLike[{event_delay:0,event_distance:3.602844f,range:8,source:{pos:[I;-404,-59,-499],type:"minecraft:block"}}]
[30Sep2026 21:06:00.894] [Worker-Main-3/ERROR] [net.minecraft.world.entity.decoration.HangingEntity/]: Hanging entity at invalid position: BlockPos{x=-394, y=-52, z=-409}
[30Sep2026 21:06:00.895] [Worker-Main-3/ERROR] [net.minecraft.world.entity.decoration.HangingEntity/]: Hanging entity at invalid position: BlockPos{x=-393, y=-52, z=-408}
[30Sep2026 21:06:00.895] [Worker-Main-3/ERROR] [net.minecraft.world.entity.decoration.HangingEntity/]: Hanging entity at invalid position: BlockPos{x=-393, y=-52, z=-400}
[30Sep2026 21:06:00.900] [Worker-Main-3/ERROR] [net.minecraft.world.entity.decoration.HangingEntity/]: Hanging entity at invalid position: BlockPos{x=-394, y=-52, z=-409}
[30Sep2026 21:06:00.900] [Worker-Main-3/ERROR] [net.minecraft.world.entity.decoration.HangingEntity/]: Hanging entity at invalid position: BlockPos{x=-393, y=-52, z=-408}
[30Sep2026 21:06:00.900] [Worker-Main-3/ERROR] [net.minecraft.world.entity.decoration.HangingEntity/]: Hanging entity at invalid position: BlockPos{x=-393, y=-52, z=-400}
[30Sep2026 21:06:01.190] [Worker-Main-11/ERROR] [net.minecraft.world.entity.decoration.HangingEntity/]: Hanging entity at invalid position: BlockPos{x=-429, y=-52, z=-408}
[30Sep2026 21:06:01.191] [Worker-Main-11/ERROR] [net.minecraft.world.entity.decoration.HangingEntity/]: Hanging entity at invalid position: BlockPos{x=-432, y=-52, z=-404}
[30Sep2026 21:06:01.191] [Worker-Main-11/ERROR] [net.minecraft.world.entity.decoration.HangingEntity/]: Hanging entity at invalid position: BlockPos{x=-432, y=-52, z=-402}
[30Sep2026 21:06:01.270] [Worker-Main-1/ERROR] [net.minecraft.world.entity.decoration.HangingEntity/]: Hanging entity at invalid position: BlockPos{x=-422, y=-52, z=-391}
[30Sep2026 21:06:01.436] [Worker-Main-1/ERROR] [net.minecraft.world.entity.decoration.HangingEntity/]: Hanging entity at invalid position: BlockPos{x=-400, y=-52, z=-394}
[30Sep2026 21:06:01.441] [Worker-Main-1/ERROR] [net.minecraft.world.entity.decoration.HangingEntity/]: Hanging entity at invalid position: BlockPos{x=-400, y=-52, z=-394}
[30Sep2026 21:06:01.518] [Worker-Main-3/ERROR] [net.minecraft.world.entity.decoration.HangingEntity/]: Hanging entity at invalid position: BlockPos{x=-400, y=-52, z=-552}
[30Sep2026 21:06:01.519] [Worker-Main-3/ERROR] [net.minecraft.world.entity.decoration.HangingEntity/]: Hanging entity at invalid position: BlockPos{x=-400, y=-51, z=-552}
[30Sep2026 21:06:01.524] [Worker-Main-3/ERROR] [net.minecraft.world.entity.decoration.HangingEntity/]: Hanging entity at invalid position: BlockPos{x=-361, y=-58, z=-502}
[30Sep2026 21:06:01.538] [Worker-Main-3/ERROR] [net.minecraft.world.entity.decoration.HangingEntity/]: Hanging entity at invalid position: BlockPos{x=-396, y=-52, z=-407}
[30Sep2026 21:06:01.539] [Worker-Main-3/ERROR] [net.minecraft.world.entity.decoration.HangingEntity/]: Hanging entity at invalid position: BlockPos{x=-396, y=-52, z=-409}
[30Sep2026 21:06:01.539] [Worker-Main-3/ERROR] [net.minecraft.world.entity.decoration.HangingEntity/]: Hanging entity at invalid position: BlockPos{x=-404, y=-52, z=-397}
[30Sep2026 21:06:01.539] [Worker-Main-3/ERROR] [net.minecraft.world.entity.decoration.HangingEntity/]: Hanging entity at invalid position: BlockPos{x=-399, y=-52, z=-395}
[30Sep2026 21:06:01.541] [Worker-Main-3/ERROR] [net.minecraft.world.entity.decoration.HangingEntity/]: Hanging entity at invalid position: BlockPos{x=-407, y=-57, z=-497}
[30Sep2026 21:06:01.541] [Worker-Main-3/ERROR] [net.minecraft.world.entity.decoration.HangingEntity/]: Hanging entity at invalid position: BlockPos{x=-349, y=-58, z=-497}
[30Sep2026 21:06:01.548] [Worker-Main-3/ERROR] [net.minecraft.world.entity.decoration.HangingEntity/]: Hanging entity at invalid position: BlockPos{x=-396, y=-52, z=-407}
[30Sep2026 21:06:01.548] [Worker-Main-3/ERROR] [net.minecraft.world.entity.decoration.HangingEntity/]: Hanging entity at invalid position: BlockPos{x=-396, y=-52, z=-409}
[30Sep2026 21:06:01.548] [Worker-Main-3/ERROR] [net.minecraft.world.entity.decoration.HangingEntity/]: Hanging entity at invalid position: BlockPos{x=-404, y=-52, z=-397}
[30Sep2026 21:06:01.548] [Worker-Main-3/ERROR] [net.minecraft.world.entity.decoration.HangingEntity/]: Hanging entity at invalid position: BlockPos{x=-399, y=-52, z=-395}
[30Sep2026 21:06:01.552] [Worker-Main-3/ERROR] [net.minecraft.world.entity.decoration.HangingEntity/]: Hanging entity at invalid position: BlockPos{x=-245, y=-57, z=-593}
[30Sep2026 21:06:01.558] [Worker-Main-3/ERROR] [net.minecraft.world.entity.decoration.HangingEntity/]: Hanging entity at invalid position: BlockPos{x=-292, y=-53, z=-786}
[30Sep2026 21:06:01.558] [Worker-Main-3/ERROR] [net.minecraft.world.entity.decoration.HangingEntity/]: Hanging entity at invalid position: BlockPos{x=-292, y=-58, z=-787}
[30Sep2026 21:06:01.558] [Worker-Main-3/ERROR] [net.minecraft.world.entity.decoration.HangingEntity/]: Hanging entity at invalid position: BlockPos{x=-292, y=-58, z=-785}
[30Sep2026 21:06:01.575] [Worker-Main-3/ERROR] [net.minecraft.world.entity.decoration.HangingEntity/]: Hanging entity at invalid position: BlockPos{x=-403, y=-58, z=-503}
[30Sep2026 21:06:01.592] [Worker-Main-3/ERROR] [net.minecraft.world.entity.decoration.HangingEntity/]: Hanging entity at invalid position: BlockPos{x=-403, y=-52, z=-425}
[30Sep2026 21:06:01.592] [Worker-Main-3/ERROR] [net.minecraft.world.entity.decoration.HangingEntity/]: Hanging entity at invalid position: BlockPos{x=-410, y=-52, z=-426}
[30Sep2026 21:06:01.592] [Worker-Main-3/ERROR] [net.minecraft.world.entity.decoration.HangingEntity/]: Hanging entity at invalid position: BlockPos{x=-400, y=-52, z=-422}
[30Sep2026 21:06:01.592] [Worker-Main-3/ERROR] [net.minecraft.world.entity.decoration.HangingEntity/]: Hanging entity at invalid position: BlockPos{x=-396, y=-52, z=-418}
[30Sep2026 21:06:01.592] [Worker-Main-3/ERROR] [net.minecraft.world.entity.decoration.HangingEntity/]: Hanging entity at invalid position: BlockPos{x=-395, y=-52, z=-416}
[30Sep2026 21:06:01.594] [Worker-Main-3/ERROR] [net.minecraft.world.entity.decoration.HangingEntity/]: Hanging entity at invalid position: BlockPos{x=-407, y=-57, z=-497}
[30Sep2026 21:06:01.594] [Worker-Main-3/ERROR] [net.minecraft.world.entity.decoration.HangingEntity/]: Hanging entity at invalid position: BlockPos{x=-406, y=-57, z=-496}
[30Sep2026 21:06:01.594] [Worker-Main-3/ERROR] [net.minecraft.world.entity.decoration.HangingEntity/]: Hanging entity at invalid position: BlockPos{x=-406, y=-57, z=-496}
[30Sep2026 21:06:01.602] [Worker-Main-3/ERROR] [net.minecraft.world.entity.decoration.HangingEntity/]: Hanging entity at invalid position: BlockPos{x=-403, y=-52, z=-425}
[30Sep2026 21:06:01.602] [Worker-Main-3/ERROR] [net.minecraft.world.entity.decoration.HangingEntity/]: Hanging entity at invalid position: BlockPos{x=-410, y=-52, z=-426}
[30Sep2026 21:06:01.602] [Worker-Main-3/ERROR] [net.minecraft.world.entity.decoration.HangingEntity/]: Hanging entity at invalid position: BlockPos{x=-400, y=-52, z=-422}
[30Sep2026 21:06:01.602] [Worker-Main-3/ERROR] [net.minecraft.world.entity.decoration.HangingEntity/]: Hanging entity at invalid position: BlockPos{x=-396, y=-52, z=-418}
[30Sep2026 21:06:01.602] [Worker-Main-3/ERROR] [net.minecraft.world.entity.decoration.HangingEntity/]: Hanging entity at invalid position: BlockPos{x=-395, y=-52, z=-416}
[30Sep2026 21:06:01.609] [Worker-Main-3/ERROR] [net.minecraft.world.entity.decoration.HangingEntity/]: Hanging entity at invalid position: BlockPos{x=-350, y=-58, z=-499}
[30Sep2026 21:06:01.610] [Worker-Main-3/ERROR] [net.minecraft.world.entity.decoration.HangingEntity/]: Hanging entity at invalid position: BlockPos{x=-349, y=-58, z=-499}
[30Sep2026 21:06:01.659] [Worker-Main-3/ERROR] [net.minecraft.world.entity.decoration.HangingEntity/]: Hanging entity at invalid position: BlockPos{x=-403, y=-58, z=-503}
[30Sep2026 21:06:01.787] [Worker-Main-1/ERROR] [net.minecraft.world.entity.decoration.HangingEntity/]: Hanging entity at invalid position: BlockPos{x=-553, y=-53, z=-830}
[30Sep2026 21:06:01.787] [Worker-Main-1/ERROR] [net.minecraft.world.entity.decoration.HangingEntity/]: Hanging entity at invalid position: BlockPos{x=-549, y=-52, z=-829}
[30Sep2026 21:06:01.787] [Worker-Main-1/ERROR] [net.minecraft.world.entity.decoration.HangingEntity/]: Hanging entity at invalid position: BlockPos{x=-551, y=-52, z=-829}
[30Sep2026 21:06:01.787] [Worker-Main-1/ERROR] [net.minecraft.world.entity.decoration.HangingEntity/]: Hanging entity at invalid position: BlockPos{x=-552, y=-51, z=-829}
[30Sep2026 21:06:01.787] [Worker-Main-1/ERROR] [net.minecraft.world.entity.decoration.HangingEntity/]: Hanging entity at invalid position: BlockPos{x=-552, y=-51, z=-827}
[30Sep2026 21:06:01.787] [Worker-Main-1/ERROR] [net.minecraft.world.entity.decoration.HangingEntity/]: Hanging entity at invalid position: BlockPos{x=-551, y=-53, z=-830}
[30Sep2026 21:06:01.787] [Worker-Main-1/ERROR] [net.minecraft.world.entity.decoration.HangingEntity/]: Hanging entity at invalid position: BlockPos{x=-550, y=-52, z=-830}
[30Sep2026 21:06:01.876] [Worker-Main-1/ERROR] [net.minecraft.world.entity.decoration.HangingEntity/]: Hanging entity at invalid position: BlockPos{x=-350, y=-58, z=-499}
[30Sep2026 21:06:01.877] [Worker-Main-1/ERROR] [net.minecraft.world.entity.decoration.HangingEntity/]: Hanging entity at invalid position: BlockPos{x=-349, y=-58, z=-499}
[30Sep2026 21:06:01.970] [Worker-Main-1/ERROR] [net.minecraft.world.entity.decoration.HangingEntity/]: Hanging entity at invalid position: BlockPos{x=-245, y=-56, z=-571}
[30Sep2026 21:06:01.973] [Worker-Main-1/ERROR] [net.minecraft.world.entity.decoration.HangingEntity/]: Hanging entity at invalid position: BlockPos{x=-292, y=-58, z=-787}
[30Sep2026 21:06:02.314] [Worker-Main-3/ERROR] [net.minecraft.world.entity.decoration.HangingEntity/]: Hanging entity at invalid position: BlockPos{x=-409, y=-57, z=-497}
[30Sep2026 21:06:02.315] [Worker-Main-3/ERROR] [net.minecraft.world.entity.decoration.HangingEntity/]: Hanging entity at invalid position: BlockPos{x=-410, y=-57, z=-496}
[30Sep2026 21:06:02.318] [Worker-Main-3/ERROR] [net.minecraft.world.entity.decoration.HangingEntity/]: Hanging entity at invalid position: BlockPos{x=-350, y=-58, z=-499}
[30Sep2026 21:06:02.318] [Worker-Main-3/ERROR] [net.minecraft.world.entity.decoration.HangingEntity/]: Hanging entity at invalid position: BlockPos{x=-349, y=-58, z=-499}
[30Sep2026 21:06:02.325] [Worker-Main-3/ERROR] [net.minecraft.world.entity.decoration.HangingEntity/]: Hanging entity at invalid position: BlockPos{x=-414, y=-52, z=-427}
[30Sep2026 21:06:02.330] [Worker-Main-3/ERROR] [net.minecraft.world.entity.decoration.HangingEntity/]: Hanging entity at invalid position: BlockPos{x=-414, y=-52, z=-427}
[30Sep2026 21:06:02.351] [Worker-Main-3/ERROR] [net.minecraft.world.entity.decoration.HangingEntity/]: Hanging entity at invalid position: BlockPos{x=-350, y=-58, z=-499}
[30Sep2026 21:06:02.352] [Worker-Main-3/ERROR] [net.minecraft.world.entity.decoration.HangingEntity/]: Hanging entity at invalid position: BlockPos{x=-349, y=-58, z=-499}
[30Sep2026 21:06:02.359] [Worker-Main-3/ERROR] [net.minecraft.world.entity.decoration.HangingEntity/]: Hanging entity at invalid position: BlockPos{x=-420, y=-52, z=-419}
[30Sep2026 21:06:02.359] [Worker-Main-3/ERROR] [net.minecraft.world.entity.decoration.HangingEntity/]: Hanging entity at invalid position: BlockPos{x=-424, y=-52, z=-422}
[30Sep2026 21:06:02.366] [Worker-Main-3/ERROR] [net.minecraft.world.entity.decoration.HangingEntity/]: Hanging entity at invalid position: BlockPos{x=-420, y=-52, z=-419}
[30Sep2026 21:06:02.367] [Worker-Main-3/ERROR] [net.minecraft.world.entity.decoration.HangingEntity/]: Hanging entity at invalid position: BlockPos{x=-424, y=-52, z=-422}
[30Sep2026 21:06:02.369] [Worker-Main-3/ERROR] [net.minecraft.world.entity.decoration.HangingEntity/]: Hanging entity at invalid position: BlockPos{x=-400, y=-52, z=-552}
[30Sep2026 21:06:02.369] [Worker-Main-3/ERROR] [net.minecraft.world.entity.decoration.HangingEntity/]: Hanging entity at invalid position: BlockPos{x=-400, y=-51, z=-552}
[30Sep2026 21:06:02.444] [Worker-Main-3/ERROR] [net.minecraft.world.entity.decoration.HangingEntity/]: Hanging entity at invalid position: BlockPos{x=-245, y=-57, z=-559}
[30Sep2026 21:06:02.444] [Worker-Main-3/ERROR] [net.minecraft.world.entity.decoration.HangingEntity/]: Hanging entity at invalid position: BlockPos{x=-409, y=-57, z=-497}
[30Sep2026 21:06:02.444] [Worker-Main-3/ERROR] [net.minecraft.world.entity.decoration.HangingEntity/]: Hanging entity at invalid position: BlockPos{x=-410, y=-57, z=-496}
[30Sep2026 21:06:02.452] [Worker-Main-3/ERROR] [net.minecraft.world.entity.decoration.HangingEntity/]: Hanging entity at invalid position: BlockPos{x=-361, y=-58, z=-502}
[30Sep2026 21:06:02.454] [Worker-Main-3/ERROR] [net.minecraft.world.entity.decoration.HangingEntity/]: Hanging entity at invalid position: BlockPos{x=-346, y=-57, z=-497}
[30Sep2026 21:06:02.454] [Worker-Main-3/ERROR] [net.minecraft.world.entity.decoration.HangingEntity/]: Hanging entity at invalid position: BlockPos{x=-403, y=-58, z=-497}
[30Sep2026 21:06:02.455] [Worker-Main-3/ERROR] [net.minecraft.world.entity.decoration.HangingEntity/]: Hanging entity at invalid position: BlockPos{x=-409, y=-57, z=-497}
[30Sep2026 21:06:02.455] [Worker-Main-3/ERROR] [net.minecraft.world.entity.decoration.HangingEntity/]: Hanging entity at invalid position: BlockPos{x=-410, y=-57, z=-496}
[30Sep2026 21:06:02.464] [Worker-Main-3/ERROR] [net.minecraft.world.entity.decoration.HangingEntity/]: Hanging entity at invalid position: BlockPos{x=-359, y=-58, z=-502}
[30Sep2026 21:06:02.468] [Worker-Main-3/ERROR] [net.minecraft.world.entity.decoration.HangingEntity/]: Hanging entity at invalid position: BlockPos{x=-245, y=-57, z=-567}
[30Sep2026 21:06:02.471] [Worker-Main-3/ERROR] [net.minecraft.world.entity.decoration.HangingEntity/]: Hanging entity at invalid position: BlockPos{x=-362, y=-51, z=-548}
[30Sep2026 21:06:02.471] [Worker-Main-3/ERROR] [net.minecraft.world.entity.decoration.HangingEntity/]: Hanging entity at invalid position: BlockPos{x=-361, y=-54, z=-542}
[30Sep2026 21:06:02.471] [Worker-Main-3/ERROR] [net.minecraft.world.entity.decoration.HangingEntity/]: Hanging entity at invalid position: BlockPos{x=-361, y=-53, z=-542}
[30Sep2026 21:06:02.475] [Worker-Main-3/ERROR] [net.minecraft.world.entity.decoration.HangingEntity/]: Hanging entity at invalid position: BlockPos{x=-278, y=-53, z=-786}
[30Sep2026 21:06:02.475] [Worker-Main-3/ERROR] [net.minecraft.world.entity.decoration.HangingEntity/]: Hanging entity at invalid position: BlockPos{x=-278, y=-58, z=-785}
[30Sep2026 21:06:02.475] [Worker-Main-3/ERROR] [net.minecraft.world.entity.decoration.HangingEntity/]: Hanging entity at invalid position: BlockPos{x=-278, y=-58, z=-787}
[30Sep2026 21:06:02.500] [Worker-Main-3/ERROR] [net.minecraft.world.entity.decoration.HangingEntity/]: Hanging entity at invalid position: BlockPos{x=-422, y=-52, z=-391}
[30Sep2026 21:06:02.507] [Worker-Main-3/ERROR] [net.minecraft.world.entity.decoration.HangingEntity/]: Hanging entity at invalid position: BlockPos{x=-422, y=-52, z=-391}
[30Sep2026 21:06:02.636] [Worker-Main-1/ERROR] [net.minecraft.world.entity.decoration.HangingEntity/]: Hanging entity at invalid position: BlockPos{x=-362, y=-51, z=-548}
[30Sep2026 21:06:02.636] [Worker-Main-1/ERROR] [net.minecraft.world.entity.decoration.HangingEntity/]: Hanging entity at invalid position: BlockPos{x=-361, y=-54, z=-542}
[30Sep2026 21:06:02.637] [Worker-Main-1/ERROR] [net.minecraft.world.entity.decoration.HangingEntity/]: Hanging entity at invalid position: BlockPos{x=-361, y=-53, z=-542}
[30Sep2026 21:06:02.637] [Worker-Main-1/ERROR] [net.minecraft.world.entity.decoration.HangingEntity/]: Hanging entity at invalid position: BlockPos{x=-247, y=-58, z=-588}
[30Sep2026 21:06:02.782] [Worker-Main-11/ERROR] [net.minecraft.world.entity.decoration.HangingEntity/]: Hanging entity at invalid position: BlockPos{x=-292, y=-53, z=-786}
[30Sep2026 21:06:02.782] [Worker-Main-11/ERROR] [net.minecraft.world.entity.decoration.HangingEntity/]: Hanging entity at invalid position: BlockPos{x=-292, y=-58, z=-785}
[30Sep2026 21:06:03.077] [Worker-Main-3/ERROR] [net.minecraft.world.entity.decoration.HangingEntity/]: Hanging entity at invalid position: BlockPos{x=-403, y=-58, z=-503}
[30Sep2026 21:06:03.080] [Worker-Main-3/ERROR] [net.minecraft.world.entity.decoration.HangingEntity/]: Hanging entity at invalid position: BlockPos{x=-278, y=-58, z=-787}
[30Sep2026 21:06:03.099] [Worker-Main-3/ERROR] [net.minecraft.world.entity.decoration.HangingEntity/]: Hanging entity at invalid position: BlockPos{x=-278, y=-53, z=-786}
[30Sep2026 21:06:03.099] [Worker-Main-3/ERROR] [net.minecraft.world.entity.decoration.HangingEntity/]: Hanging entity at invalid position: BlockPos{x=-278, y=-58, z=-785}
[30Sep2026 21:06:03.100] [Worker-Main-3/ERROR] [net.minecraft.world.entity.decoration.HangingEntity/]: Hanging entity at invalid position: BlockPos{x=-400, y=-52, z=-552}
[30Sep2026 21:06:03.100] [Worker-Main-3/ERROR] [net.minecraft.world.entity.decoration.HangingEntity/]: Hanging entity at invalid position: BlockPos{x=-400, y=-51, z=-552}
[30Sep2026 21:06:03.353] [Worker-Main-3/ERROR] [net.minecraft.world.entity.decoration.HangingEntity/]: Hanging entity at invalid position: BlockPos{x=-234, y=-52, z=-702}
[30Sep2026 21:06:03.372] [Worker-Main-3/ERROR] [net.minecraft.world.entity.decoration.HangingEntity/]: Hanging entity at invalid position: BlockPos{x=-427, y=-52, z=-408}
[30Sep2026 21:06:03.372] [Worker-Main-3/ERROR] [net.minecraft.world.entity.decoration.HangingEntity/]: Hanging entity at invalid position: BlockPos{x=-428, y=-52, z=-407}
[30Sep2026 21:06:03.373] [Worker-Main-3/ERROR] [net.minecraft.world.entity.decoration.HangingEntity/]: Hanging entity at invalid position: BlockPos{x=-429, y=-52, z=-408}
[30Sep2026 21:06:03.373] [Worker-Main-3/ERROR] [net.minecraft.world.entity.decoration.HangingEntity/]: Hanging entity at invalid position: BlockPos{x=-428, y=-52, z=-409}
[30Sep2026 21:06:03.373] [Worker-Main-3/ERROR] [net.minecraft.world.entity.decoration.HangingEntity/]: Hanging entity at invalid position: BlockPos{x=-432, y=-52, z=-404}
[30Sep2026 21:06:03.373] [Worker-Main-3/ERROR] [net.minecraft.world.entity.decoration.HangingEntity/]: Hanging entity at invalid position: BlockPos{x=-432, y=-52, z=-402}
[30Sep2026 21:06:03.379] [Worker-Main-3/ERROR] [net.minecraft.world.entity.decoration.HangingEntity/]: Hanging entity at invalid position: BlockPos{x=-427, y=-52, z=-408}
[30Sep2026 21:06:03.380] [Worker-Main-3/ERROR] [net.minecraft.world.entity.decoration.HangingEntity/]: Hanging entity at invalid position: BlockPos{x=-428, y=-52, z=-407}
[30Sep2026 21:06:03.380] [Worker-Main-3/ERROR] [net.minecraft.world.entity.decoration.HangingEntity/]: Hanging entity at invalid position: BlockPos{x=-429, y=-52, z=-408}
[30Sep2026 21:06:03.380] [Worker-Main-3/ERROR] [net.minecraft.world.entity.decoration.HangingEntity/]: Hanging entity at invalid position: BlockPos{x=-428, y=-52, z=-409}
[30Sep2026 21:06:03.380] [Worker-Main-3/ERROR] [net.minecraft.world.entity.decoration.HangingEntity/]: Hanging entity at invalid position: BlockPos{x=-432, y=-52, z=-404}
[30Sep2026 21:06:03.380] [Worker-Main-3/ERROR] [net.minecraft.world.entity.decoration.HangingEntity/]: Hanging entity at invalid position: BlockPos{x=-432, y=-52, z=-402}
[30Sep2026 21:06:04.574] [Worker-Main-3/ERROR] [net.minecraft.world.entity.decoration.HangingEntity/]: Hanging entity at invalid position: BlockPos{x=-221, y=-52, z=-702}
[30Sep2026 21:06:04.590] [Worker-Main-3/ERROR] [net.minecraft.world.entity.decoration.HangingEntity/]: Hanging entity at invalid position: BlockPos{x=-247, y=-56, z=-608}
[30Sep2026 21:06:05.339] [Worker-Main-11/ERROR] [net.minecraft.world.entity.decoration.HangingEntity/]: Hanging entity at invalid position: BlockPos{x=-362, y=-51, z=-548}
[30Sep2026 21:06:05.340] [Worker-Main-11/ERROR] [net.minecraft.world.entity.decoration.HangingEntity/]: Hanging entity at invalid position: BlockPos{x=-361, y=-54, z=-542}
[30Sep2026 21:06:05.340] [Worker-Main-11/ERROR] [net.minecraft.world.entity.decoration.HangingEntity/]: Hanging entity at invalid position: BlockPos{x=-361, y=-53, z=-542}
[30Sep2026 21:06:05.340] [Worker-Main-11/ERROR] [net.minecraft.world.entity.decoration.HangingEntity/]: Hanging entity at invalid position: BlockPos{x=-346, y=-57, z=-497}
[30Sep2026 21:06:05.352] [Worker-Main-1/ERROR] [net.minecraft.world.entity.decoration.HangingEntity/]: Hanging entity at invalid position: BlockPos{x=-350, y=-58, z=-499}
[30Sep2026 21:06:05.353] [Worker-Main-1/ERROR] [net.minecraft.world.entity.decoration.HangingEntity/]: Hanging entity at invalid position: BlockPos{x=-349, y=-58, z=-499}
[30Sep2026 21:06:05.372] [Worker-Main-1/ERROR] [net.minecraft.world.entity.decoration.HangingEntity/]: Hanging entity at invalid position: BlockPos{x=-400, y=-52, z=-552}
[30Sep2026 21:06:05.372] [Worker-Main-1/ERROR] [net.minecraft.world.entity.decoration.HangingEntity/]: Hanging entity at invalid position: BlockPos{x=-400, y=-51, z=-552}
[30Sep2026 21:06:05.376] [Worker-Main-1/ERROR] [net.minecraft.world.entity.decoration.HangingEntity/]: Hanging entity at invalid position: BlockPos{x=-349, y=-58, z=-497}
[30Sep2026 21:06:24.842] [Server thread/DEBUG] [citadel/]: saving unmodified surface rules as type SequenceRuleSource
[30Sep2026 21:06:24.842] [Server thread/DEBUG] [citadel/]: modified surface rules to type CitadelSurfaceRuleWrapper
[30Sep2026 21:06:24.842] [Server thread/DEBUG] [net.minecraftforge.common.ForgeHooks/WP]: Gathering id map for writing to world save world
[30Sep2026 21:06:24.850] [Server thread/DEBUG] [net.minecraftforge.common.ForgeHooks/WP]: ID Map collection complete world
[30Sep2026 21:06:42.427] [Server thread/INFO] [net.minecraft.server.MinecraftServer/]: [Jingeiei: Teleported Jingeiei to -1743.500000, 313.500000, 1.500000]
[30Sep2026 21:06:52.369] [Server thread/INFO] [net.minecraft.server.MinecraftServer/]: [Jingeiei: Teleported Jingeiei to -1842.500000, 256.500000, -101.500000]
[30Sep2026 21:06:56.486] [Worker-Main-3/WARN] [net.minecraft.world.level.levelgen.structure.pools.JigsawPlacement/]: Empty or non-existent pool: minecraft:
[30Sep2026 21:07:18.621] [Server thread/INFO] [net.minecraft.server.MinecraftServer/]: [Jingeiei: Teleported Jingeiei to JobjebI]
[30Sep2026 21:07:26.487] [Server thread/INFO] [net.minecraft.server.MinecraftServer/]: [JobjebI: Set the time to 1000]
[30Sep2026 21:07:50.048] [Server thread/INFO] [net.minecraft.server.MinecraftServer/]: [Jingeiei: Teleported Jingeiei to JobjebI]
[30Sep2026 21:10:29.777] [Server thread/INFO] [net.minecraft.server.MinecraftServer/]: [Jingeiei: Teleported Jingeiei to JobjebI]
[30Sep2026 21:11:24.824] [Server thread/DEBUG] [citadel/]: saving unmodified surface rules as type SequenceRuleSource
[30Sep2026 21:11:24.824] [Server thread/DEBUG] [citadel/]: modified surface rules to type CitadelSurfaceRuleWrapper
[30Sep2026 21:11:24.824] [Server thread/DEBUG] [net.minecraftforge.common.ForgeHooks/WP]: Gathering id map for writing to world save world
[30Sep2026 21:11:24.830] [Server thread/DEBUG] [net.minecraftforge.common.ForgeHooks/WP]: ID Map collection complete world
[30Sep2026 21:11:41.529] [Server thread/INFO] [net.minecraft.server.MinecraftServer/]: [Jingeiei: Teleported Jingeiei to JobjebI]
[30Sep2026 21:11:43.350] [Server thread/INFO] [net.minecraft.server.MinecraftServer/]: [JobjebI: Gave 10 [Lead] to Jingeiei]
[30Sep2026 21:12:40.278] [Server thread/INFO] [net.minecraft.server.MinecraftServer/]: [JobjebI: Teleported JobjebI to -1532.500000, 73.500000, 195.500000]
[30Sep2026 21:13:05.658] [Server thread/INFO] [net.minecraft.server.MinecraftServer/]: JobjebI was slain by Atroxiia
[30Sep2026 21:13:11.498] [Server thread/INFO] [net.minecraft.server.MinecraftServer/]: [JobjebI: Teleported JobjebI to Jingeiei]
[30Sep2026 21:15:32.911] [Server thread/INFO] [net.minecraft.server.MinecraftServer/]: [Jingeiei: Teleported Jingeiei to -1907.500000, 71.500000, -138.500000]
[30Sep2026 21:15:43.524] [Server thread/INFO] [net.minecraft.server.MinecraftServer/]: [Jingeiei: Teleported Jingeiei to -1946.500000, 83.500000, -258.500000]
[30Sep2026 21:15:55.320] [Server thread/INFO] [net.minecraft.server.MinecraftServer/]: [Jingeiei: Teleported Jingeiei to JobjebI]
[30Sep2026 21:16:24.823] [Server thread/DEBUG] [citadel/]: saving unmodified surface rules as type SequenceRuleSource
[30Sep2026 21:16:24.824] [Server thread/DEBUG] [citadel/]: modified surface rules to type CitadelSurfaceRuleWrapper
[30Sep2026 21:16:24.824] [Server thread/DEBUG] [net.minecraftforge.common.ForgeHooks/WP]: Gathering id map for writing to world save world
[30Sep2026 21:16:24.830] [Server thread/DEBUG] [net.minecraftforge.common.ForgeHooks/WP]: ID Map collection complete world
[30Sep2026 21:17:41.184] [Server thread/INFO] [net.minecraft.server.MinecraftServer/]: [JobjebI: Set the time to 1000]
[30Sep2026 21:17:44.544] [Server thread/INFO] [net.minecraft.server.MinecraftServer/]: [JobjebI: Set the weather to clear]
[30Sep2026 21:18:53.107] [Server thread/INFO] [net.minecraft.server.MinecraftServer/]: Jingeiei was slain by Cindervane
[30Sep2026 21:19:01.972] [Server thread/INFO] [net.minecraft.server.MinecraftServer/]: [Jingeiei: Teleported Jingeiei to JobjebI]
[30Sep2026 21:21:24.824] [Server thread/DEBUG] [citadel/]: saving unmodified surface rules as type SequenceRuleSource
[30Sep2026 21:21:24.824] [Server thread/DEBUG] [citadel/]: modified surface rules to type CitadelSurfaceRuleWrapper
[30Sep2026 21:21:24.824] [Server thread/DEBUG] [net.minecraftforge.common.ForgeHooks/WP]: Gathering id map for writing to world save world
[30Sep2026 21:21:24.831] [Server thread/DEBUG] [net.minecraftforge.common.ForgeHooks/WP]: ID Map collection complete world
[30Sep2026 21:21:29.062] [Server thread/INFO] [net.minecraft.server.MinecraftServer/]: [Jingeiei: Teleported Jingeiei to -1697.500000, 257.500000, 48.500000]
[30Sep2026 21:21:33.024] [Server thread/INFO] [net.minecraft.server.MinecraftServer/]: [JobjebI: Teleported JobjebI to Jingeiei]
[30Sep2026 21:21:37.816] [Server thread/INFO] [net.minecraft.server.MinecraftServer/]: JobjebI has made the advancement [Welcome To The Machine]
[30Sep2026 21:21:41.577] [Server thread/INFO] [net.minecraft.server.MinecraftServer/]: [Jingeiei: Teleported Jingeiei to -1795.500000, 310.500000, 50.500000]
[30Sep2026 21:21:42.474] [Server thread/INFO] [net.minecraft.server.MinecraftServer/]: [JobjebI: Teleported JobjebI to -1745.500000, 311.500000, 2.500000]
[30Sep2026 21:22:06.099] [Server thread/INFO] [net.minecraft.server.MinecraftServer/]: [JobjebI: Applied effect Night Vision to 2 targets]
[30Sep2026 21:23:02.221] [Server thread/INFO] [net.minecraft.server.MinecraftServer/]: Jingeiei was slain by Skeleton
[30Sep2026 21:23:07.421] [Server thread/INFO] [net.minecraft.server.MinecraftServer/]: [Jingeiei: Teleported Jingeiei to JobjebI]
[30Sep2026 21:23:22.120] [Server thread/INFO] [net.minecraft.server.MinecraftServer/]: [JobjebI: Applied effect Night Vision to 2 targets]
[30Sep2026 21:23:41.187] [Server thread/INFO] [net.minecraft.world.entity.LivingEntity/]: Named entity Zombie['Gearling'/35326, l='ServerLevel[world]', x=-1744.60, y=276.00, z=6.46] died: Gearling was slain by JobjebI
[30Sep2026 21:23:41.872] [Server thread/INFO] [net.minecraft.server.MinecraftServer/]: JobjebI was slain by Gearling
[30Sep2026 21:23:46.099] [Server thread/INFO] [net.minecraft.server.MinecraftServer/]: [JobjebI: Teleported JobjebI to -1744.500000, 276.500000, 6.500000]
[30Sep2026 21:23:47.565] [Server thread/INFO] [net.minecraft.server.MinecraftServer/]: JobjebI was slain by Gearling
[30Sep2026 21:23:51.934] [Server thread/INFO] [net.minecraft.server.MinecraftServer/]: [JobjebI: Teleported JobjebI to -1745.500000, 274.500000, 6.500000]
[30Sep2026 21:23:53.717] [Server thread/INFO] [net.minecraft.world.entity.LivingEntity/]: Named entity Zombie['Gearling'/35346, l='ServerLevel[world]', x=-1746.10, y=274.00, z=6.49] died: Gearling was slain by JobjebI
[30Sep2026 21:23:58.466] [Server thread/INFO] [net.minecraft.server.MinecraftServer/]: [JobjebI: Applied effect Night Vision to 2 targets]
[30Sep2026 21:24:02.075] [Server thread/INFO] [net.minecraft.world.entity.LivingEntity/]: Named entity Zombie['Gearling'/35591, l='ServerLevel[world]', x=-1747.45, y=275.00, z=1.00] died: Gearling was slain by JobjebI
[30Sep2026 21:24:02.272] [Server thread/INFO] [net.minecraft.server.MinecraftServer/]: [Jingeiei: Teleported Jingeiei to JobjebI]
[30Sep2026 21:24:06.066] [Server thread/INFO] [net.minecraft.server.MinecraftServer/]: JobjebI was slain by Gearling
[30Sep2026 21:24:08.117] [Server thread/INFO] [net.minecraft.server.MinecraftServer/]: Jingeiei was slain by Gearling
[30Sep2026 21:24:12.263] [Server thread/INFO] [net.minecraft.server.MinecraftServer/]: [JobjebI: Teleported JobjebI to -1746.500000, 275.500000, -1.500000]
[30Sep2026 21:24:12.580] [Server thread/INFO] [net.minecraft.server.MinecraftServer/]: [Jingeiei: Teleported Jingeiei to JobjebI]
[30Sep2026 21:24:13.066] [Server thread/INFO] [net.minecraft.server.MinecraftServer/]: JobjebI was slain by Gearling
[30Sep2026 21:24:13.938] [Server thread/INFO] [net.minecraft.server.MinecraftServer/]: Jingeiei was slain by Gearling
[30Sep2026 21:24:18.563] [Server thread/INFO] [net.minecraft.server.MinecraftServer/]: [Jingeiei: Teleported Jingeiei to JobjebI]
[30Sep2026 21:24:31.304] [Server thread/INFO] [net.minecraft.server.MinecraftServer/]: [JobjebI: Teleported JobjebI to -1578.500000, 65.500000, 39.500000]
[30Sep2026 21:24:36.544] [Server thread/INFO] [net.minecraft.server.MinecraftServer/]: [Jingeiei: Teleported Jingeiei to JobjebI]
[30Sep2026 21:25:05.081] [Server thread/INFO] [net.minecraft.server.MinecraftServer/]: [Jingeiei: Teleported Jingeiei to JobjebI]
[30Sep2026 21:25:22.288] [Server thread/INFO] [net.minecraft.server.MinecraftServer/]: [Jingeiei: Teleported Jingeiei to JobjebI]
[30Sep2026 21:25:46.817] [Server thread/INFO] [net.minecraft.server.MinecraftServer/]: [Jingeiei: Teleported Jingeiei to JobjebI]
[30Sep2026 21:25:53.984] [Server thread/INFO] [net.minecraft.server.MinecraftServer/]: [JobjebI: Teleported JobjebI to -1707.500000, 70.500000, 209.500000]
[30Sep2026 21:25:57.268] [Server thread/INFO] [net.minecraft.server.MinecraftServer/]: [Jingeiei: Teleported Jingeiei to JobjebI]
[30Sep2026 21:26:01.978] [Server thread/INFO] [net.minecraft.server.MinecraftServer/]: [JobjebI: Teleported JobjebI to -1766.500000, 63.500000, 284.500000]
[30Sep2026 21:26:15.316] [Server thread/INFO] [net.minecraft.server.MinecraftServer/]: [JobjebI: Teleported JobjebI to -1772.500000, 63.500000, 291.500000]
[30Sep2026 21:26:24.829] [Server thread/DEBUG] [citadel/]: saving unmodified surface rules as type SequenceRuleSource
[30Sep2026 21:26:24.829] [Server thread/DEBUG] [citadel/]: modified surface rules to type CitadelSurfaceRuleWrapper
[30Sep2026 21:26:24.829] [Server thread/DEBUG] [net.minecraftforge.common.ForgeHooks/WP]: Gathering id map for writing to world save world
[30Sep2026 21:26:24.836] [Server thread/DEBUG] [net.minecraftforge.common.ForgeHooks/WP]: ID Map collection complete world
[30Sep2026 21:26:36.021] [Server thread/INFO] [net.minecraft.server.MinecraftServer/]: JobjebI has made the advancement [Best Friends Forever]
[30Sep2026 21:26:36.023] [Server thread/INFO] [net.minecraft.server.MinecraftServer/]: JobjebI has made the advancement [Destruction Commence]
[30Sep2026 21:26:54.016] [Server thread/INFO] [net.minecraft.server.MinecraftServer/]: [JobjebI: Gave 1 [Saddle] to 2]
[30Sep2026 21:27:17.331] [Server thread/INFO] [net.minecraft.server.MinecraftServer/]: [Jingeiei: Teleported Jingeiei to JobjebI]
[30Sep2026 21:27:18.364] [Server thread/WARN] [net.minecraft.server.network.ServerGamePacketListenerImpl/]: Cindervane (vehicle of JobjebI) moved wrongly! 0.9707587896886025
[30Sep2026 21:27:19.096] [Server thread/INFO] [net.minecraft.server.MinecraftServer/]: Jingeiei fell from a high place
[30Sep2026 21:27:24.644] [Server thread/INFO] [net.minecraft.server.MinecraftServer/]: [Jingeiei: Teleported Jingeiei to JobjebI]
[30Sep2026 21:27:35.118] [Server thread/INFO] [net.minecraft.server.MinecraftServer/]: [JobjebI: Set the time to 1000]
[30Sep2026 21:27:40.731] [Server thread/INFO] [net.minecraft.server.MinecraftServer/]: [Jingeiei: Teleported Jingeiei to JobjebI]
[30Sep2026 21:28:37.647] [Server thread/INFO] [net.minecraft.server.MinecraftServer/]: [Jingeiei: Teleported Jingeiei to -1439.500000, 97.500000, 237.500000]
[30Sep2026 21:28:58.032] [Server thread/INFO] [net.minecraft.server.MinecraftServer/]: [Jingeiei: Teleported Jingeiei to -1468.500000, 75.500000, 179.500000]
[30Sep2026 21:29:03.871] [Server thread/INFO] [net.minecraft.server.MinecraftServer/]: [Jingeiei: Teleported Jingeiei to -1432.500000, 70.500000, 90.500000]
[30Sep2026 21:29:11.325] [Server thread/INFO] [net.minecraft.server.MinecraftServer/]: [Jingeiei: Teleported Jingeiei to -1448.500000, 69.500000, -101.500000]
[30Sep2026 21:29:26.082] [Server thread/INFO] [net.minecraft.server.MinecraftServer/]: [Jingeiei: Teleported Jingeiei to -1715.500000, 67.500000, -183.500000]
[30Sep2026 21:29:48.685] [Server thread/INFO] [net.minecraft.server.MinecraftServer/]: [Jingeiei: Teleported Jingeiei to JobjebI]
[30Sep2026 21:30:22.265] [Server thread/INFO] [net.minecraft.server.MinecraftServer/]: Jingeiei has made the advancement [Best Friends Forever]
[30Sep2026 21:30:22.265] [Server thread/INFO] [net.minecraft.server.MinecraftServer/]: Jingeiei has made the advancement [Destruction Commence]
[30Sep2026 21:31:07.480] [Server thread/WARN] [net.minecraft.server.network.ServerGamePacketListenerImpl/]: Cindervane (vehicle of JobjebI) moved wrongly! 0.3306443284413376
[30Sep2026 21:31:07.538] [Server thread/WARN] [net.minecraft.server.network.ServerGamePacketListenerImpl/]: Cindervane (vehicle of JobjebI) moved wrongly! 0.2906827853475704
[30Sep2026 21:31:07.575] [Server thread/WARN] [net.minecraft.server.network.ServerGamePacketListenerImpl/]: Cindervane (vehicle of JobjebI) moved wrongly! 0.2712364054703471
[30Sep2026 21:31:07.625] [Server thread/WARN] [net.minecraft.server.network.ServerGamePacketListenerImpl/]: Cindervane (vehicle of JobjebI) moved wrongly! 0.26758139201857034
[30Sep2026 21:31:07.676] [Server thread/WARN] [net.minecraft.server.network.ServerGamePacketListenerImpl/]: Cindervane (vehicle of JobjebI) moved wrongly! 0.6436176225200256
[30Sep2026 21:31:07.725] [Server thread/WARN] [net.minecraft.server.network.ServerGamePacketListenerImpl/]: Cindervane (vehicle of JobjebI) moved wrongly! 0.888008890960748
[30Sep2026 21:31:07.777] [Server thread/WARN] [net.minecraft.server.network.ServerGamePacketListenerImpl/]: Cindervane (vehicle of JobjebI) moved wrongly! 1.047075124883903
[30Sep2026 21:31:24.566] [Worker-Main-11/ERROR] [net.minecraft.world.entity.decoration.HangingEntity/]: Hanging entity at invalid position: BlockPos{x=-176, y=-50, z=-133}
[30Sep2026 21:31:24.566] [Worker-Main-11/ERROR] [net.minecraft.world.entity.decoration.HangingEntity/]: Hanging entity at invalid position: BlockPos{x=-172, y=-50, z=-135}
[30Sep2026 21:31:24.571] [Worker-Main-11/ERROR] [net.minecraft.world.entity.decoration.HangingEntity/]: Hanging entity at invalid position: BlockPos{x=-283, y=-56, z=-275}
[30Sep2026 21:31:24.635] [Worker-Main-11/ERROR] [net.minecraft.world.entity.decoration.HangingEntity/]: Hanging entity at invalid position: BlockPos{x=-185, y=-46, z=-142}
[30Sep2026 21:31:24.838] [Server thread/DEBUG] [citadel/]: saving unmodified surface rules as type SequenceRuleSource
[30Sep2026 21:31:24.838] [Server thread/DEBUG] [citadel/]: modified surface rules to type CitadelSurfaceRuleWrapper
[30Sep2026 21:31:24.838] [Server thread/DEBUG] [net.minecraftforge.common.ForgeHooks/WP]: Gathering id map for writing to world save world
[30Sep2026 21:31:24.844] [Server thread/DEBUG] [net.minecraftforge.common.ForgeHooks/WP]: ID Map collection complete world
[30Sep2026 21:31:25.642] [Worker-Main-3/ERROR] [net.minecraft.world.entity.decoration.HangingEntity/]: Hanging entity at invalid position: BlockPos{x=-187, y=-46, z=-151}
[30Sep2026 21:31:25.642] [Worker-Main-3/ERROR] [net.minecraft.world.entity.decoration.HangingEntity/]: Hanging entity at invalid position: BlockPos{x=-187, y=-46, z=-143}
[30Sep2026 21:31:25.647] [Worker-Main-3/ERROR] [net.minecraft.world.entity.decoration.HangingEntity/]: Hanging entity at invalid position: BlockPos{x=-289, y=-57, z=-281}
[30Sep2026 21:31:25.647] [Worker-Main-3/ERROR] [net.minecraft.world.entity.decoration.HangingEntity/]: Hanging entity at invalid position: BlockPos{x=-287, y=-56, z=-283}
[30Sep2026 21:31:25.647] [Worker-Main-3/ERROR] [net.minecraft.world.entity.decoration.HangingEntity/]: Hanging entity at invalid position: BlockPos{x=-287, y=-57, z=-283}
[30Sep2026 21:31:25.690] [Worker-Main-11/ERROR] [net.minecraft.world.entity.decoration.HangingEntity/]: Hanging entity at invalid position: BlockPos{x=-281, y=-50, z=-279}
[30Sep2026 21:31:25.690] [Worker-Main-11/ERROR] [net.minecraft.world.entity.decoration.HangingEntity/]: Hanging entity at invalid position: BlockPos{x=-281, y=-57, z=-280}
[30Sep2026 21:32:36.726] [Worker-Main-3/ERROR] [net.minecraft.world.entity.decoration.HangingEntity/]: Hanging entity at invalid position: BlockPos{x=-10, y=-56, z=36}
[30Sep2026 21:32:36.726] [Worker-Main-3/ERROR] [net.minecraft.world.entity.decoration.HangingEntity/]: Hanging entity at invalid position: BlockPos{x=-8, y=-56, z=35}
[30Sep2026 21:32:36.726] [Worker-Main-3/ERROR] [net.minecraft.world.entity.decoration.HangingEntity/]: Hanging entity at invalid position: BlockPos{x=-6, y=-56, z=35}
[30Sep2026 21:32:36.726] [Worker-Main-3/ERROR] [net.minecraft.world.entity.decoration.HangingEntity/]: Hanging entity at invalid position: BlockPos{x=-10, y=-55, z=38}
[30Sep2026 21:32:36.726] [Worker-Main-3/ERROR] [net.minecraft.world.entity.decoration.HangingEntity/]: Hanging entity at invalid position: BlockPos{x=-8, y=-56, z=39}
[30Sep2026 21:32:36.726] [Worker-Main-3/ERROR] [net.minecraft.world.entity.decoration.HangingEntity/]: Hanging entity at invalid position: BlockPos{x=-13, y=-59, z=41}
[30Sep2026 21:34:08.990] [Server thread/WARN] [net.minecraft.server.network.ServerGamePacketListenerImpl/]: Cindervane (vehicle of Jingeiei) moved too quickly! 9.146893140929933,2.7729636550292014,-5.80411185420536
[30Sep2026 21:34:08.991] [Server thread/WARN] [net.minecraft.server.network.ServerGamePacketListenerImpl/]: Cindervane (vehicle of Jingeiei) moved too quickly! 10.453498062030349,3.2704441391273917,-6.601541789859368
[30Sep2026 21:34:26.084] [Server thread/WARN] [net.minecraft.server.network.ServerGamePacketListenerImpl/]: Cindervane (vehicle of Jingeiei) moved too quickly! 4.916072451017271,-8.057308662191957,-4.99778767833152
[30Sep2026 21:35:24.173] [Server thread/WARN] [net.minecraft.server.network.ServerGamePacketListenerImpl/]: Cindervane (vehicle of Jingeiei) moved too quickly! -2.292592570373472,-4.582135671540556,9.989964751925982
[30Sep2026 21:35:24.174] [Server thread/WARN] [net.minecraft.server.network.ServerGamePacketListenerImpl/]: Cindervane (vehicle of Jingeiei) moved too quickly! -2.6679735290013014,-5.223479622654509,11.419119196167003
[30Sep2026 21:35:36.173] [Server thread/WARN] [net.minecraft.server.network.ServerGamePacketListenerImpl/]: JobjebI moved wrongly!
[30Sep2026 21:35:55.718] [Server thread/INFO] [net.minecraft.server.MinecraftServer/]: [JobjebI: Teleported JobjebI to Jingeiei]
[30Sep2026 21:36:24.824] [Server thread/DEBUG] [citadel/]: saving unmodified surface rules as type SequenceRuleSource
[30Sep2026 21:36:24.824] [Server thread/DEBUG] [citadel/]: modified surface rules to type CitadelSurfaceRuleWrapper
[30Sep2026 21:36:24.824] [Server thread/DEBUG] [net.minecraftforge.common.ForgeHooks/WP]: Gathering id map for writing to world save world
[30Sep2026 21:36:24.830] [Server thread/DEBUG] [net.minecraftforge.common.ForgeHooks/WP]: ID Map collection complete world
[30Sep2026 21:37:49.028] [Server thread/INFO] [net.minecraft.server.MinecraftServer/]: JobjebI fell from a high place
[30Sep2026 21:38:08.684] [Server thread/INFO] [net.minecraft.server.MinecraftServer/]: [JobjebI: Teleported JobjebI to -1545.500000, 63.500000, -1.500000]
[30Sep2026 21:38:15.071] [Server thread/INFO] [net.minecraft.server.MinecraftServer/]: [JobjebI: Teleported JobjebI to -1403.500000, 77.500000, 148.500000]
[30Sep2026 21:38:31.683] [Server thread/INFO] [net.minecraft.server.MinecraftServer/]: [JobjebI: Teleported JobjebI to -1435.500000, 74.500000, 57.500000]
[30Sep2026 21:38:37.743] [Server thread/INFO] [net.minecraft.server.MinecraftServer/]: [JobjebI: Set the time to 1000]
[30Sep2026 21:39:33.021] [Server thread/INFO] [net.minecraft.server.network.ServerGamePacketListenerImpl/]: Jingeiei lost connection: Disconnected
[30Sep2026 21:39:33.021] [Server thread/INFO] [net.minecraft.server.MinecraftServer/]: Jingeiei left the game
[30Sep2026 21:40:12.237] [Server thread/INFO] [net.minecraft.server.MinecraftServer/]: [JobjebI: Gave 10 [Raw Chicken] to JobjebI]
[30Sep2026 21:40:44.189] [Server thread/INFO] [net.minecraft.server.MinecraftServer/]: [JobjebI: Gave 2 [Saddle] to JobjebI]
[30Sep2026 21:40:54.750] [Server thread/INFO] [net.minecraft.server.MinecraftServer/]: [JobjebI: Gave 2 [Lead] to JobjebI]
[30Sep2026 21:41:24.820] [Server thread/DEBUG] [citadel/]: saving unmodified surface rules as type SequenceRuleSource
[30Sep2026 21:41:24.820] [Server thread/DEBUG] [citadel/]: modified surface rules to type CitadelSurfaceRuleWrapper
[30Sep2026 21:41:24.820] [Server thread/DEBUG] [net.minecraftforge.common.ForgeHooks/WP]: Gathering id map for writing to world save world
[30Sep2026 21:41:24.826] [Server thread/DEBUG] [net.minecraftforge.common.ForgeHooks/WP]: ID Map collection complete world
[30Sep2026 21:42:46.501] [Worker-Main-1/ERROR] [net.minecraft.world.entity.decoration.HangingEntity/]: Hanging entity at invalid position: BlockPos{x=-10, y=-56, z=36}
[30Sep2026 21:42:46.501] [Worker-Main-1/ERROR] [net.minecraft.world.entity.decoration.HangingEntity/]: Hanging entity at invalid position: BlockPos{x=-8, y=-56, z=35}
[30Sep2026 21:42:46.501] [Worker-Main-1/ERROR] [net.minecraft.world.entity.decoration.HangingEntity/]: Hanging entity at invalid position: BlockPos{x=-6, y=-56, z=35}
[30Sep2026 21:42:46.501] [Worker-Main-1/ERROR] [net.minecraft.world.entity.decoration.HangingEntity/]: Hanging entity at invalid position: BlockPos{x=-10, y=-55, z=38}
[30Sep2026 21:42:46.501] [Worker-Main-1/ERROR] [net.minecraft.world.entity.decoration.HangingEntity/]: Hanging entity at invalid position: BlockPos{x=-8, y=-56, z=39}
[30Sep2026 21:42:46.501] [Worker-Main-1/ERROR] [net.minecraft.world.entity.decoration.HangingEntity/]: Hanging entity at invalid position: BlockPos{x=-13, y=-59, z=41}
[30Sep2026 21:43:59.776] [Server thread/INFO] [net.minecraft.server.MinecraftServer/]: [JobjebI: Teleported JobjebI to 48.500000, 176.500000, 689.500000]
[30Sep2026 21:44:12.138] [Server thread/INFO] [net.minecraft.server.MinecraftServer/]: [JobjebI: Teleported JobjebI to 92.500000, 160.500000, 708.500000]
[30Sep2026 21:44:28.204] [Server thread/DEBUG] [citadel/]: saving unmodified surface rules as type SequenceRuleSource
[30Sep2026 21:44:28.205] [Server thread/DEBUG] [citadel/]: modified surface rules to type CitadelSurfaceRuleWrapper
[30Sep2026 21:44:28.205] [Server thread/DEBUG] [net.minecraftforge.common.ForgeHooks/WP]: Gathering id map for writing to world save world
[30Sep2026 21:44:28.211] [Server thread/DEBUG] [net.minecraftforge.common.ForgeHooks/WP]: ID Map collection complete world
[30Sep2026 21:44:28.220] [Server thread/INFO] [net.minecraft.server.MinecraftServer/]: [JobjebI: Saved the game]
[30Sep2026 21:44:52.611] [Server thread/INFO] [net.minecraft.server.network.ServerGamePacketListenerImpl/]: JobjebI lost connection: Disconnected
[30Sep2026 21:44:52.611] [Server thread/INFO] [net.minecraft.server.MinecraftServer/]: JobjebI left the game
[30Sep2026 21:45:00.054] [Server thread/INFO] [net.minecraft.server.MinecraftServer/]: Stopping the server
[30Sep2026 21:45:00.102] [Server thread/INFO] [net.minecraft.server.MinecraftServer/]: Stopping server
[30Sep2026 21:45:00.103] [Server thread/INFO] [net.minecraft.server.MinecraftServer/]: Saving players
[30Sep2026 21:45:00.104] [Server thread/INFO] [net.minecraft.server.MinecraftServer/]: Saving worlds
[30Sep2026 21:45:00.188] [Server thread/INFO] [net.minecraft.server.MinecraftServer/]: Saving chunks for level 'ServerLevel[world]'/minecraft:overworld
[30Sep2026 21:45:00.664] [Server thread/INFO] [net.minecraft.server.MinecraftServer/]: Saving chunks for level 'ServerLevel[world]'/minecraft:the_end
[30Sep2026 21:45:00.665] [Server thread/INFO] [net.minecraft.server.MinecraftServer/]: Saving chunks for level 'ServerLevel[world]'/minecraft:the_nether
[30Sep2026 21:45:00.665] [Server thread/INFO] [net.minecraft.server.MinecraftServer/]: Saving chunks for level 'ServerLevel[world]'/irons_spellbooks:pocket_dimension
[30Sep2026 21:45:00.666] [Server thread/DEBUG] [citadel/]: saving unmodified surface rules as type SequenceRuleSource
[30Sep2026 21:45:00.666] [Server thread/DEBUG] [citadel/]: modified surface rules to type CitadelSurfaceRuleWrapper
[30Sep2026 21:45:00.666] [Server thread/DEBUG] [net.minecraftforge.common.ForgeHooks/WP]: Gathering id map for writing to world save world
[30Sep2026 21:45:00.673] [Server thread/DEBUG] [net.minecraftforge.common.ForgeHooks/WP]: ID Map collection complete world
[30Sep2026 21:45:00.682] [Server thread/INFO] [net.minecraft.server.MinecraftServer/]: ThreadedAnvilChunkStorage (world): All chunks are saved
[30Sep2026 21:45:00.683] [Server thread/INFO] [net.minecraft.server.MinecraftServer/]: ThreadedAnvilChunkStorage (DIM1): All chunks are saved
[30Sep2026 21:45:00.683] [Server thread/INFO] [net.minecraft.server.MinecraftServer/]: ThreadedAnvilChunkStorage (DIM-1): All chunks are saved
[30Sep2026 21:45:00.683] [Server thread/INFO] [net.minecraft.server.MinecraftServer/]: ThreadedAnvilChunkStorage (pocket_dimension): All chunks are saved
[30Sep2026 21:45:00.683] [Server thread/INFO] [net.minecraft.server.MinecraftServer/]: ThreadedAnvilChunkStorage: All dimensions are saved
[30Sep2026 21:45:00.728] [Server thread/DEBUG] [net.minecraftforge.fml.config.ConfigTracker/CONFIG]: Unloading configs type SERVER
