[01Oct2026 10:57:33.524] [main/INFO] [cpw.mods.modlauncher.Launcher/MODLAUNCHER]: ModLauncher running: args [--launchTarget, forgeserver, --fml.forgeVersion, 47.4.10, --fml.mcVersion, 1.20.1, --fml.forgeGroup, net.minecraftforge, --fml.mcpVersion, 20230612.114412, noguih./run.sh, nogui./run.sh, noguis]
[01Oct2026 10:57:33.527] [main/INFO] [cpw.mods.modlauncher.Launcher/MODLAUNCHER]: ModLauncher 10.0.9+10.0.9+main.dcd20f30 starting: java version 21.0.12.1 by Ubuntu; OS Linux arch amd64 version 7.0.0-34-generic
[01Oct2026 10:57:33.828] [main/INFO] [net.minecraftforge.fml.loading.ImmediateWindowHandler/]: ImmediateWindowProvider not loading because launch target is forgeserver
[01Oct2026 10:57:33.853] [main/INFO] [mixin/]: SpongePowered MIXIN Subsystem Version=0.8.5 Source=union:/opt/minecraft/sa/libraries/org/spongepowered/mixin/0.8.5/mixin-0.8.5.jar%2365!/ Service=ModLauncher Env=SERVER
[01Oct2026 10:57:33.993] [main/WARN] [net.minecraftforge.fml.loading.moddiscovery.ModFileParser/LOADING]: Mod file /opt/minecraft/sa/libraries/net/minecraftforge/fmlcore/1.20.1-47.4.10/fmlcore-1.20.1-47.4.10.jar is missing mods.toml file
[01Oct2026 10:57:33.994] [main/WARN] [net.minecraftforge.fml.loading.moddiscovery.ModFileParser/LOADING]: Mod file /opt/minecraft/sa/libraries/net/minecraftforge/javafmllanguage/1.20.1-47.4.10/javafmllanguage-1.20.1-47.4.10.jar is missing mods.toml file
[01Oct2026 10:57:33.994] [main/WARN] [net.minecraftforge.fml.loading.moddiscovery.ModFileParser/LOADING]: Mod file /opt/minecraft/sa/libraries/net/minecraftforge/lowcodelanguage/1.20.1-47.4.10/lowcodelanguage-1.20.1-47.4.10.jar is missing mods.toml file
[01Oct2026 10:57:33.995] [main/WARN] [net.minecraftforge.fml.loading.moddiscovery.ModFileParser/LOADING]: Mod file /opt/minecraft/sa/libraries/net/minecraftforge/mclanguage/1.20.1-47.4.10/mclanguage-1.20.1-47.4.10.jar is missing mods.toml file
[01Oct2026 10:57:34.081] [main/INFO] [net.minecraftforge.fml.loading.moddiscovery.JarInJarDependencyLocator/]: Found 3 dependencies adding them to mods collection
[01Oct2026 10:57:35.298] [main/INFO] [mixin/]: Compatibility level set to JAVA_17
[01Oct2026 10:57:35.368] [main/INFO] [cpw.mods.modlauncher.LaunchServiceHandler/MODLAUNCHER]: Launching target 'forgeserver' with arguments [noguih./run.sh, nogui./run.sh, noguis]
[01Oct2026 10:57:35.430] [main/INFO] [dev.tonimatas.packetfixer.mixins.v1_19_4_forge.MixinPlugin/]: Packet Fixer forge 1.19.4-1.20.1 has been applied successfully.
[01Oct2026 10:57:35.840] [main/INFO] [net.minecraftforge.coremod.CoreMod.placebo/COREMODLOG]: Patching IForgeItemStack#getEnchantmentLevel
[01Oct2026 10:57:35.855] [main/INFO] [net.minecraftforge.coremod.CoreMod.placebo/COREMODLOG]: Patching IForgeItemStack#getEnchantmentLevel
[01Oct2026 10:57:35.948] [main/INFO] [net.minecraftforge.coremod.CoreMod.placebo/COREMODLOG]: Patching IForgeItemStack#getEnchantmentLevel
[01Oct2026 10:57:35.949] [main/INFO] [net.minecraftforge.coremod.CoreMod.placebo/COREMODLOG]: Patching IForgeItemStack#getEnchantmentLevel
[01Oct2026 10:57:36.086] [main/INFO] [MixinExtras|Service/]: Initializing MixinExtras via com.llamalad7.mixinextras.service.MixinExtrasServiceImpl(version=0.5.3).
[01Oct2026 10:57:37.659] [main/INFO] [net.minecraftforge.coremod.CoreMod.placebo/COREMODLOG]: Patching IForgeItemStack#getEnchantmentLevel
[01Oct2026 10:57:37.659] [main/INFO] [net.minecraftforge.coremod.CoreMod.placebo/COREMODLOG]: Patching IForgeItemStack#getEnchantmentLevel
[01Oct2026 10:57:37.752] [main/WARN] [mixin/]: @Final field f_31427_:[I in mixins.epicfight.json:common.MixinWitherBoss should be final
[01Oct2026 10:57:37.752] [main/WARN] [mixin/]: @Final field f_31428_:[I in mixins.epicfight.json:common.MixinWitherBoss should be final
[01Oct2026 10:57:38.606] [main/WARN] [net.minecraft.network.syncher.SynchedEntityData/]: defineId called for: class net.minecraft.world.entity.LivingEntity from class yesman.epicfight.world.capabilities.entitypatch.LivingEntityPatch
[01Oct2026 10:57:38.606] [main/WARN] [net.minecraft.network.syncher.SynchedEntityData/]: defineId called for: class net.minecraft.world.entity.LivingEntity from class yesman.epicfight.world.capabilities.entitypatch.LivingEntityPatch
[01Oct2026 10:57:38.606] [main/WARN] [net.minecraft.network.syncher.SynchedEntityData/]: defineId called for: class net.minecraft.world.entity.LivingEntity from class yesman.epicfight.world.capabilities.entitypatch.LivingEntityPatch
[01Oct2026 10:57:38.606] [main/WARN] [net.minecraft.network.syncher.SynchedEntityData/]: defineId called for: class net.minecraft.world.entity.LivingEntity from class yesman.epicfight.world.capabilities.entitypatch.LivingEntityPatch
[01Oct2026 10:57:39.180] [main/WARN] [mixin/]: Mixin alexscaves.mixins.json:SwampHutPieceMixin has multiple constructors, (Lnet/minecraft/world/level/levelgen/structure/pieces/StructurePieceType;IIIIIILnet/minecraft/core/Direction;)V was selected

[01Oct2026 10:57:39.650] [modloading-worker-0/INFO] [all_in_one_veinminer/]: All-in-One VeinMiner & TreeFelle v1.1.8 initialized for Forge
[01Oct2026 10:57:39.676] [modloading-worker-0/INFO] [net.minecraftforge.coremod.CoreMod.cataclysm_magic_compat/COREMODLOG]: [CataclysmMagicCompat] remapped 4 stale cross-mod reference(s) in com/gametechbc/traveloptics/spells/aqua/SerpentideSpell
[01Oct2026 10:57:39.695] [modloading-worker-0/INFO] [net.minecraftforge.coremod.CoreMod.cataclysm_magic_compat/COREMODLOG]: [CataclysmMagicCompat] remapped 10 stale cross-mod reference(s) in com/gametechbc/traveloptics/spells/aqua/TheHowlingTempestSpell
[01Oct2026 10:57:39.726] [modloading-worker-0/INFO] [net.minecraftforge.coremod.CoreMod.cataclysm_magic_compat/COREMODLOG]: [CataclysmMagicCompat] remapped 3 stale cross-mod reference(s) in com/gametechbc/traveloptics/spells/holy/SummonDesertDwellers
[01Oct2026 10:57:39.740] [modloading-worker-0/INFO] [net.minecraftforge.coremod.CoreMod.cataclysm_magic_compat/COREMODLOG]: [CataclysmMagicCompat] retargeted 1 Laser_Beam_Entity constructor(s) in com/gametechbc/traveloptics/spells/lightning/RapidLaserSpell.spawnLaserBeam
[01Oct2026 10:57:39.752] [modloading-worker-0/INFO] [net.minecraftforge.coremod.CoreMod.cataclysm_magic_compat/COREMODLOG]: [CataclysmMagicCompat] remapped 8 stale cross-mod reference(s) in com/gametechbc/traveloptics/spells/lightning/GalenaShatterSpell
[01Oct2026 10:57:39.850] [modloading-worker-0/INFO] [saintsdragons/]: Raised MAX_HEALTH attribute cap to 100000.0
[01Oct2026 10:57:39.850] [modloading-worker-0/INFO] [saintsdragons/]: Raised ARMOR attribute cap to 100000.0
[01Oct2026 10:57:39.896] [modloading-worker-0/INFO] [net.minecraftforge.coremod.CoreMod.cataclysm_magic_compat/COREMODLOG]: [CataclysmMagicCompat] remapped 6 stale cross-mod reference(s) in com/gametechbc/traveloptics/entity/projectiles/aqua_vortex/AquaVortexEntity
[01Oct2026 10:57:39.965] [modloading-worker-0/INFO] [net.minecraftforge.coremod.CoreMod.cataclysm_magic_compat/COREMODLOG]: [CataclysmMagicCompat] remapped 11 stale cross-mod reference(s) in com/gametechbc/traveloptics/entity/projectiles/maelstrom_trident_phantom/MaelstromTridentPhantomEntity
[01Oct2026 10:57:40.006] [modloading-worker-0/INFO] [net.minecraftforge.coremod.CoreMod.cataclysm_magic_compat/COREMODLOG]: [CataclysmMagicCompat] remapped 9 stale cross-mod reference(s) in com/gametechbc/traveloptics/entity/projectiles/overflow/BrinePoolEntity
[01Oct2026 10:57:40.030] [modloading-worker-0/INFO] [net.minecraftforge.coremod.CoreMod.cataclysm_magic_compat/COREMODLOG]: [CataclysmMagicCompat] remapped 6 stale cross-mod reference(s) in com/gametechbc/traveloptics/entity/projectiles/overflow/FloodPoolEntity
[01Oct2026 10:57:40.044] [modloading-worker-0/INFO] [net.minecraftforge.coremod.CoreMod.cataclysm_magic_compat/COREMODLOG]: [CataclysmMagicCompat] remapped 1 stale cross-mod reference(s) in com/gametechbc/traveloptics/entity/extended_projectiles/ExtendedWitherHowitzerEntity
[01Oct2026 10:57:40.059] [modloading-worker-0/INFO] [net.minecraftforge.coremod.CoreMod.cataclysm_magic_compat/COREMODLOG]: [CataclysmMagicCompat] remapped 6 stale cross-mod reference(s) in com/gametechbc/traveloptics/entity/mobs/EnragedDeadKingBoss
[01Oct2026 10:57:40.061] [modloading-worker-0/INFO] [pointblank/]: Loading mod pointblank
[01Oct2026 10:57:40.077] [modloading-worker-0/INFO] [net.minecraftforge.coremod.CoreMod.cataclysm_magic_compat/COREMODLOG]: [CataclysmMagicCompat] remapped 3 stale cross-mod reference(s) in com/gametechbc/traveloptics/entity/extended_projectiles/ExtendedAbyssBlastEntity
[01Oct2026 10:57:40.125] [modloading-worker-0/INFO] [net.minecraftforge.coremod.CoreMod.cataclysm_magic_compat/COREMODLOG]: [CataclysmMagicCompat] remapped 3 stale cross-mod reference(s) in com/gametechbc/traveloptics/entity/projectiles/gyro_slash/GyroSlashProjectile
[01Oct2026 10:57:40.173] [modloading-worker-0/INFO] [net.minecraftforge.coremod.CoreMod.cataclysm_magic_compat/COREMODLOG]: [CataclysmMagicCompat] remapped 4 stale cross-mod reference(s) in com/gametechbc/traveloptics/entity/extended_projectiles/ExtendedDeathLaserBeamEntity
[01Oct2026 10:57:40.257] [modloading-worker-0/INFO] [net.minecraftforge.coremod.CoreMod.cataclysm_magic_compat/COREMODLOG]: [CataclysmMagicCompat] remapped 3 stale cross-mod reference(s) in com/gametechbc/traveloptics/effects/PsychicControlEffect
[01Oct2026 10:57:40.384] [modloading-worker-0/INFO] [pointblank/]: Loaded 61 built-in item definitions
[01Oct2026 10:57:40.389] [modloading-worker-0/INFO] [net.minecraftforge.coremod.CoreMod.cataclysm_magic_compat/COREMODLOG]: [CataclysmMagicCompat] remapped 2 stale cross-mod reference(s) in com/gametechbc/traveloptics/init/TravelopticsItems
[01Oct2026 10:57:40.410] [modloading-worker-0/INFO] [net.minecraftforge.coremod.CoreMod.cataclysm_magic_compat/COREMODLOG]: [CataclysmMagicCompat] remapped 3 stale cross-mod reference(s) in com/gametechbc/traveloptics/item/bossweapon/galenic_polarizer/GalenicPolarizerItem
[01Oct2026 10:57:40.442] [modloading-worker-0/INFO] [net.minecraftforge.coremod.CoreMod.cataclysm_magic_compat/COREMODLOG]: [CataclysmMagicCompat] remapped 6 stale cross-mod reference(s) in com/gametechbc/traveloptics/item/bossweapon/infernal_devastator/InfernalDevastatorItem
[01Oct2026 10:57:40.445] [modloading-worker-0/INFO] [net.minecraftforge.coremod.CoreMod.cataclysm_magic_compat/COREMODLOG]: [CataclysmMagicCompat] remapped 3 stale cross-mod reference(s) in com/gametechbc/traveloptics/entity/projectiles/void_slash/VoidSlashProjectile
[01Oct2026 10:57:40.459] [modloading-worker-0/INFO] [net.minecraftforge.coremod.CoreMod.cataclysm_magic_compat/COREMODLOG]: [CataclysmMagicCompat] retargeted 1 Laser_Beam_Entity constructor(s) in com/gametechbc/traveloptics/item/bossweapon/mechanized_wraithblade/MechanizedWraithbladeItem.spawnLaserBeam
[01Oct2026 10:57:40.459] [modloading-worker-0/INFO] [net.minecraftforge.coremod.CoreMod.cataclysm_magic_compat/COREMODLOG]: [CataclysmMagicCompat] remapped 5 stale cross-mod reference(s) in com/gametechbc/traveloptics/item/bossweapon/mechanized_wraithblade/MechanizedWraithbladeItem
[01Oct2026 10:57:40.475] [modloading-worker-0/INFO] [net.minecraftforge.coremod.CoreMod.cataclysm_magic_compat/COREMODLOG]: [CataclysmMagicCompat] remapped 6 stale cross-mod reference(s) in com/gametechbc/traveloptics/entity/projectiles/lightning_sandstorm_projectile/LightningSandstormPierceProjectileEntity
[01Oct2026 10:57:40.476] [modloading-worker-0/INFO] [net.minecraftforge.coremod.CoreMod.cataclysm_magic_compat/COREMODLOG]: [CataclysmMagicCompat] remapped 3 stale cross-mod reference(s) in com/gametechbc/traveloptics/item/bossweapon/cursedwraithblade/CursedWraithbladeLevelTwoItem
[01Oct2026 10:57:40.495] [modloading-worker-0/INFO] [net.minecraftforge.coremod.CoreMod.cataclysm_magic_compat/COREMODLOG]: [CataclysmMagicCompat] remapped 6 stale cross-mod reference(s) in com/gametechbc/traveloptics/item/bossweapon/cursedwraithblade/CursedWraithbladeItem
[01Oct2026 10:57:40.495] [modloading-worker-0/INFO] [net.minecraftforge.coremod.CoreMod.cataclysm_magic_compat/COREMODLOG]: [CataclysmMagicCompat] remapped 8 stale cross-mod reference(s) in com/gametechbc/traveloptics/entity/projectiles/lightning_sandstorm_projectile/LightningSandstormAoeProjectileEntity
[01Oct2026 10:57:40.518] [modloading-worker-0/INFO] [net.minecraftforge.common.ForgeMod/FORGEMOD]: Forge mod loading, version 47.4.10, for MC 1.20.1 with MCP 20230612.114412
[01Oct2026 10:57:40.518] [modloading-worker-0/INFO] [net.minecraftforge.common.MinecraftForge/FORGE]: MinecraftForge v47.4.10 Initialized
[01Oct2026 10:57:40.618] [modloading-worker-0/INFO] [net.minecraftforge.coremod.CoreMod.cataclysm_magic_compat/COREMODLOG]: [CataclysmMagicCompat] retargeted 2 Laser_Beam_Entity constructor(s) in com/gametechbc/traveloptics/item/armor/MechanizedExoskeletonArmorItem.fireLasers
[01Oct2026 10:57:40.760] [modloading-worker-0/INFO] [epicfight/]: Loaded mod compat: GeckolibCompat
[01Oct2026 10:57:40.761] [modloading-worker-0/INFO] [epicfight/]: Loaded mod compat: CuriosCompat
[01Oct2026 10:57:40.762] [modloading-worker-0/INFO] [epicfight/]: Loaded mod compat: PlayerAnimatorCompat
[01Oct2026 10:57:42.097] [main/INFO] [net.minecraftforge.coremod.CoreMod.cataclysm_magic_compat/COREMODLOG]: [CataclysmMagicCompat] remapped 6 stale cross-mod reference(s) in com/gametechbc/traveloptics/entity/projectiles/aqua_trident/EternalMaelstromTridentEntity
[01Oct2026 10:57:42.307] [main/INFO] [net.minecraftforge.coremod.CoreMod.cataclysm_magic_compat/COREMODLOG]: [CataclysmMagicCompat] remapped 5 stale cross-mod reference(s) in com/gametechbc/traveloptics/entity/mobs/nightwarden_boss/NightwardenBossEntity
[01Oct2026 10:57:43.048] [main/WARN] [net.minecraft.network.syncher.SynchedEntityData/]: defineId called for: class net.minecraft.world.entity.player.Player from class yesman.epicfight.world.capabilities.entitypatch.player.PlayerPatch
[01Oct2026 10:57:43.064] [main/WARN] [net.minecraft.network.syncher.SynchedEntityData/]: defineId called for: class com.github.alexmodguy.alexscaves.server.entity.living.TremorzillaEntity from class com.github.alexmodguy.alexscaves.server.entity.living.LicowitchEntity
[01Oct2026 10:57:43.085] [main/WARN] [net.minecraft.network.syncher.SynchedEntityData/]: defineId called for: class net.minecraft.world.entity.TamableAnimal from class reascer.wom.world.entity.mob.EnderHand
[01Oct2026 10:57:43.085] [main/WARN] [net.minecraft.network.syncher.SynchedEntityData/]: defineId called for: class net.minecraft.world.entity.TamableAnimal from class reascer.wom.world.entity.mob.TargetingHelper
[01Oct2026 10:57:43.104] [main/WARN] [net.minecraft.network.syncher.SynchedEntityData/]: defineId called for: class net.minecraft.world.entity.boss.wither.WitherBoss from class yesman.epicfight.world.capabilities.entitypatch.boss.WitherPatch
[01Oct2026 10:57:43.105] [main/WARN] [net.minecraft.network.syncher.SynchedEntityData/]: defineId called for: class net.minecraft.world.entity.boss.wither.WitherBoss from class yesman.epicfight.world.capabilities.entitypatch.boss.WitherPatch
[01Oct2026 10:57:43.105] [main/WARN] [net.minecraft.network.syncher.SynchedEntityData/]: defineId called for: class net.minecraft.world.entity.boss.wither.WitherBoss from class yesman.epicfight.world.capabilities.entitypatch.boss.WitherPatch
[01Oct2026 10:57:43.105] [main/WARN] [net.minecraft.network.syncher.SynchedEntityData/]: defineId called for: class net.minecraft.world.entity.boss.wither.WitherBoss from class yesman.epicfight.world.capabilities.entitypatch.boss.WitherPatch
[01Oct2026 10:57:43.105] [main/WARN] [net.minecraft.network.syncher.SynchedEntityData/]: defineId called for: class net.minecraft.world.entity.boss.wither.WitherBoss from class yesman.epicfight.world.capabilities.entitypatch.boss.WitherPatch
[01Oct2026 10:57:43.105] [main/WARN] [net.minecraft.network.syncher.SynchedEntityData/]: defineId called for: class net.minecraft.world.entity.boss.wither.WitherBoss from class yesman.epicfight.world.capabilities.entitypatch.boss.WitherPatch
[01Oct2026 10:57:43.105] [main/WARN] [net.minecraft.network.syncher.SynchedEntityData/]: defineId called for: class net.minecraft.world.entity.boss.wither.WitherBoss from class yesman.epicfight.world.capabilities.entitypatch.boss.WitherPatch
[01Oct2026 10:57:43.105] [main/WARN] [net.minecraft.network.syncher.SynchedEntityData/]: defineId called for: class net.minecraft.world.entity.boss.wither.WitherBoss from class yesman.epicfight.world.capabilities.entitypatch.boss.WitherPatch
[01Oct2026 10:57:43.105] [main/WARN] [net.minecraft.network.syncher.SynchedEntityData/]: defineId called for: class net.minecraft.world.entity.boss.wither.WitherBoss from class yesman.epicfight.world.capabilities.entitypatch.boss.WitherPatch
[01Oct2026 10:57:43.227] [modloading-worker-0/INFO] [org.ExtraTortik.ricks_stuff.RicksStuff/]: RicksStuff common setup complete
[01Oct2026 10:57:43.370] [Forge Version Check/INFO] [net.minecraftforge.fml.VersionChecker/]: [configured] Starting version check at https://mrcrayfish.com/modupdatejson?id=configured
[01Oct2026 10:57:43.570] [Forge Version Check/WARN] [net.minecraftforge.fml.VersionChecker/]: Failed to process update information
com.google.gson.JsonSyntaxException: java.lang.IllegalStateException: Expected BEGIN_OBJECT but was STRING at line 1 column 1 path $
	at com.google.gson.Gson.fromJson(Gson.java:1226) ~[gson-2.10.jar%2372!/:?]
	at com.google.gson.Gson.fromJson(Gson.java:1124) ~[gson-2.10.jar%2372!/:?]
	at com.google.gson.Gson.fromJson(Gson.java:1034) ~[gson-2.10.jar%2372!/:?]
	at com.google.gson.Gson.fromJson(Gson.java:969) ~[gson-2.10.jar%2372!/:?]
	at net.minecraftforge.fml.VersionChecker$1.process(VersionChecker.java:186) ~[fmlcore-1.20.1-47.4.10.jar%23154!/:?]
	at java.lang.Iterable.forEach(Iterable.java:75) ~[?:?]
	at net.minecraftforge.fml.VersionChecker$1.run(VersionChecker.java:117) ~[fmlcore-1.20.1-47.4.10.jar%23154!/:?]
Caused by: java.lang.IllegalStateException: Expected BEGIN_OBJECT but was STRING at line 1 column 1 path $
	at com.google.gson.stream.JsonReader.beginObject(JsonReader.java:393) ~[gson-2.10.jar%2372!/:?]
	at com.google.gson.internal.bind.MapTypeAdapterFactory$Adapter.read(MapTypeAdapterFactory.java:182) ~[gson-2.10.jar%2372!/:?]
	at com.google.gson.internal.bind.MapTypeAdapterFactory$Adapter.read(MapTypeAdapterFactory.java:144) ~[gson-2.10.jar%2372!/:?]
	at com.google.gson.Gson.fromJson(Gson.java:1214) ~[gson-2.10.jar%2372!/:?]
	... 6 more
[01Oct2026 10:57:43.571] [Forge Version Check/INFO] [net.minecraftforge.fml.VersionChecker/]: [forge] Starting version check at https://files.minecraftforge.net/net/minecraftforge/forge/promotions_slim.json
[01Oct2026 10:57:43.875] [Forge Version Check/INFO] [net.minecraftforge.fml.VersionChecker/]: [forge] Found status: UP_TO_DATE Current: 47.4.10 Target: null
[01Oct2026 10:57:44.267] [modloading-worker-0/INFO] [io.redspace.ironsspellbooks.IronsSpellbooks/]: Got IMC []
[01Oct2026 10:57:45.414] [main/INFO] [epicfight/]: Data keys [invincible:up, invincible:parry_timer, invincible:dodge_success_timer, invincible:down, invincible:right, invincible:left, invincible:cooldown] for invincible:combo_demo
[01Oct2026 10:57:45.415] [main/INFO] [epicfight/]: Data keys [invincible:up, invincible:parry_timer, invincible:dodge_success_timer, invincible:down, invincible:right, invincible:left, invincible:cooldown] for wo_traveloptics:infernal_volcano
[01Oct2026 10:57:45.415] [main/INFO] [epicfight/]: Data keys [invincible:up, invincible:parry_timer, invincible:dodge_success_timer, invincible:down, invincible:right, invincible:left, invincible:cooldown] for wo_traveloptics:sharpshooter
[01Oct2026 10:57:45.415] [main/INFO] [epicfight/]: Data keys [invincible:up, invincible:parry_timer, invincible:dodge_success_timer, invincible:down, invincible:right, invincible:left, invincible:cooldown] for wo_traveloptics:sandstorm_awaken
[01Oct2026 10:57:45.415] [main/INFO] [epicfight/]: Data keys [invincible:up, invincible:parry_timer, invincible:dodge_success_timer, invincible:down, invincible:right, invincible:left, invincible:cooldown] for wo_traveloptics:reaper_of_outer_realm
[01Oct2026 10:57:45.415] [main/INFO] [epicfight/]: Data keys [invincible:up, invincible:parry_timer, invincible:dodge_success_timer, invincible:down, invincible:right, invincible:left, invincible:cooldown] for wo_traveloptics:nightfall
[01Oct2026 10:57:45.415] [main/INFO] [epicfight/]: Data keys [invincible:up, invincible:parry_timer, invincible:dodge_success_timer, invincible:down, invincible:right, invincible:left, invincible:cooldown] for wo_traveloptics:natural_rising
[01Oct2026 10:57:45.415] [main/INFO] [epicfight/]: Data keys [invincible:up, invincible:parry_timer, invincible:dodge_success_timer, invincible:down, invincible:right, invincible:left, invincible:cooldown] for wo_traveloptics:magnetronix
[01Oct2026 10:57:45.415] [main/INFO] [epicfight/]: Data keys [invincible:up, invincible:parry_timer, invincible:dodge_success_timer, invincible:down, invincible:right, invincible:left, invincible:cooldown] for wo_traveloptics:extinction_showdown
[01Oct2026 10:57:45.415] [main/INFO] [epicfight/]: Data keys [invincible:up, invincible:parry_timer, invincible:dodge_success_timer, invincible:down, invincible:right, invincible:left, invincible:cooldown] for wo_traveloptics:electric_sands
[01Oct2026 10:57:45.415] [main/INFO] [epicfight/]: Data keys [invincible:up, invincible:parry_timer, invincible:dodge_success_timer, invincible:down, invincible:right, invincible:left, invincible:cooldown] for wo_traveloptics:core_of_infernal
[01Oct2026 10:57:45.415] [main/INFO] [epicfight/]: Data keys [invincible:up, invincible:parry_timer, invincible:dodge_success_timer, invincible:down, invincible:right, invincible:left, invincible:cooldown] for wo_traveloptics:aqua_the_eternal_lightning
[01Oct2026 10:57:45.415] [main/INFO] [epicfight/]: Data keys [cdmoveset:target_id] for cdmoveset:ex_yamato_step
[01Oct2026 10:57:45.415] [main/INFO] [epicfight/]: Data keys [cdmoveset:timer, cdmoveset:damage, cdmoveset:wolf_passive] for cdmoveset:bloodwolf
[01Oct2026 10:57:45.415] [main/INFO] [epicfight/]: Data keys [cdmoveset:yamato_attack, cdmoveset:damages, cdmoveset:yamato_power3_active, cdmoveset:yamato_attack_active, cdmoveset:counter_success] for cdmoveset:yamatoskill
[01Oct2026 10:57:45.415] [main/INFO] [epicfight/]: Data keys [cdmoveset:rush_combo] for cdmoveset:blade_rush
[01Oct2026 10:57:45.415] [main/INFO] [epicfight/]: Data keys [cdmoveset:yamato_power3_active] for cdmoveset:yamato_passive
[01Oct2026 10:57:45.415] [main/INFO] [epicfight/]: Data keys [cdmoveset:reset_timer, cdmoveset:dodge_played, cdmoveset:count, cdmoveset:direction] for cdmoveset:wolf_dodge
[01Oct2026 10:57:45.415] [main/INFO] [epicfight/]: Data keys [epicfight:combo_counter, epicfight:basic_attack_active] for epicfight:basic_attack
[01Oct2026 10:57:45.415] [main/INFO] [epicfight/]: Data keys [epicfight:penalty_restore_counter, epicfight:penalty] for epicfight:guard
[01Oct2026 10:57:45.415] [main/INFO] [epicfight/]: Data keys [epicfight:last_active, epicfight:parry_motion_counter, epicfight:penalty_restore_counter, epicfight:penalty] for epicfight:parrying
[01Oct2026 10:57:45.416] [main/INFO] [epicfight/]: Data keys [epicfight:penalty, epicfight:penalty_restore_counter] for epicfight:impact_guard
[01Oct2026 10:57:45.416] [main/INFO] [epicfight/]: Data keys [epicfight:stacks, epicfight:resisting_damage_type, epicfight:tick_record] for epicfight:adaptive_skin
[01Oct2026 10:57:45.416] [main/INFO] [epicfight/]: Data keys [epicfight:tick_record] for epicfight:adrenaline_fiend
[01Oct2026 10:57:45.416] [main/INFO] [epicfight/]: Data keys [epicfight:entity_id, epicfight:stacks] for epicfight:bonebreaker
[01Oct2026 10:57:45.416] [main/INFO] [epicfight/]: Data keys [epicfight:entity_id, epicfight:tick_record] for epicfight:vengeance
[01Oct2026 10:57:45.416] [main/INFO] [epicfight/]: Data keys [epicfight:fall_distance, epicfight:slam_protect_next_fall] for epicfight:meteor_slam
[01Oct2026 10:57:45.416] [main/INFO] [epicfight/]: Data keys [epicfight:stacks] for epicfight:revelation
[01Oct2026 10:57:45.416] [main/INFO] [epicfight/]: Data keys [epicfight:slam_protect_next_fall] for epicfight:demolition_leap
[01Oct2026 10:57:45.416] [main/INFO] [epicfight/]: Data keys [epicfight:jump_count, epicfight:jump_key_pressed_last_tick, epicfight:slam_protect_next_fall] for epicfight:phantom_ascent
[01Oct2026 10:57:45.416] [main/INFO] [epicfight/]: Data keys [cdmoveset:rush_end, epicfight:last_hit_count] for epicfight:grasping_spire
[01Oct2026 10:57:45.416] [main/INFO] [epicfight/]: Data keys [epicfight:sheath] for epicfight:battojutsu_passive
[01Oct2026 10:57:45.416] [main/INFO] [epicfight/]: Data keys [epicfight:sheath] for epicfight:battojutsu
[01Oct2026 10:57:45.416] [main/INFO] [epicfight/]: Data keys [epicfight:combo_counter] for epicfight:blade_rush
[01Oct2026 10:57:45.416] [main/INFO] [epicfight/]: Data keys [epicfight:thrown_trident_entity_id] for epicfight:everlasting_allegiance
[01Oct2026 10:57:45.416] [main/INFO] [epicfight/]: Data keys [wom:target_id] for wom:ender_obscuris
[01Oct2026 10:57:45.416] [main/INFO] [epicfight/]: Data keys [wom:dodge, wom:timer, wom:timer_refresh] for wom:dodge_master
[01Oct2026 10:57:45.416] [main/INFO] [epicfight/]: Data keys [wom:dodge, wom:registered_health, wom:active, wom:timer, wom:cooldown, wom:timer_refresh, wom:registered_position] for wom:time_travel
[01Oct2026 10:57:45.416] [main/INFO] [epicfight/]: Data keys [wom:cooldown] for wom:punishment_kick
[01Oct2026 10:57:45.416] [main/INFO] [epicfight/]: Data keys [wom:holding_rmb, wom:last_active, wom:consumprion_value, epicfight:penalty_restore_counter, epicfight:penalty, wom:parrying] for wom:counter_attack
[01Oct2026 10:57:45.416] [main/INFO] [epicfight/]: Data keys [wom:consumprion_value, wom:charge, wom:vengence_duration, wom:timer, wom:cooldown, epicfight:penalty_restore_counter, epicfight:penalty, wom:timer_refresh, wom:holding_stance] for wom:vengeful_parry
[01Oct2026 10:57:45.416] [main/INFO] [epicfight/]: Data keys [wom:holding_rmb, wom:charge, wom:cooldown, epicfight:penalty_restore_counter, epicfight:penalty, wom:parrying] for wom:perfect_bulwark
[01Oct2026 10:57:45.416] [main/INFO] [epicfight/]: Data keys [wom:cycle, wom:charge] for wom:soul_protection
[01Oct2026 10:57:45.417] [main/INFO] [epicfight/]: Data keys [wom:cycle, wom:charge] for wom:shulker_cloak
[01Oct2026 10:57:45.417] [main/INFO] [epicfight/]: Data keys [wom:holding_rmb, wom:active, wom:timer, epicfight:penalty_restore_counter, epicfight:penalty] for wom:buster_parade
[01Oct2026 10:57:45.417] [main/INFO] [epicfight/]: Data keys [wom:active, wom:duree, wom:timer, wom:timer_refresh] for wom:pain_anticipation
[01Oct2026 10:57:45.417] [main/INFO] [epicfight/]: Data keys [wom:active, wom:duree, wom:timer, wom:timer_refresh] for wom:latent_retribution
[01Oct2026 10:57:45.417] [main/INFO] [epicfight/]: Data keys [wom:power, wom:rate] for wom:critical_knowledge
[01Oct2026 10:57:45.417] [main/INFO] [epicfight/]: Data keys [wom:recovery_rate, wom:max_shield, wom:cooldown] for wom:heart_shield
[01Oct2026 10:57:45.417] [main/INFO] [epicfight/]: Data keys [wom:saved_elapsed_time, wom:melody_index, wom:step] for wom:dancing_blade
[01Oct2026 10:57:45.417] [main/INFO] [epicfight/]: Data keys [wom:cycle, wom:stage, wom:active, wom:duree, wom:timer, wom:timer_refresh] for wom:meditation
[01Oct2026 10:57:45.417] [main/INFO] [epicfight/]: Data keys [wom:cooldown] for wom:dopamine
[01Oct2026 10:57:45.417] [main/INFO] [epicfight/]: Data keys [wom:last_active] for wom:manipulator
[01Oct2026 10:57:45.417] [main/INFO] [epicfight/]: Data keys [wom:timer, wom:stack, wom:power, wom:rate] for wom:lethal_focus
[01Oct2026 10:57:45.417] [main/INFO] [epicfight/]: Data keys [wom:wall_glide, wom:wall_running, wom:angle, wom:jump_key_up, wom:timer, wom:timer_refresh] for wom:spider_techniques
[01Oct2026 10:57:45.417] [main/INFO] [epicfight/]: Data keys [wom:diving, wom:crawling, wom:water_dashing, wom:consumprion_value, wom:mermaid_movement, wom:jump_key_up, wom:cooldown] for wom:aqua_maneuvre
[01Oct2026 10:57:45.417] [main/INFO] [epicfight/]: Data keys [wom:consumprion_value, wom:stage, wom:wall_glide, wom:wall_running, wom:active, wom:timer, wom:verso, wom:buffing] for wom:natural_sprinter
[01Oct2026 10:57:45.417] [main/INFO] [epicfight/]: Data keys [wom:timer] for wom:lunatic_vivacity
[01Oct2026 10:57:45.417] [main/INFO] [epicfight/]: Data keys [wom:holding_rmb, wom:registered_health, wom:consumprion_value, wom:timer] for wom:voodoo_magic
[01Oct2026 10:57:45.417] [main/INFO] [epicfight/]: Data keys [wom:target_id, wom:target_distance] for wom:back_and_forth
[01Oct2026 10:57:45.417] [main/INFO] [epicfight/]: Data keys [wom:cooldown, wom:combo] for wom:shooting_style
[01Oct2026 10:57:45.417] [main/INFO] [epicfight/]: Data keys [wom:active, wom:timer] for wom:proximity_exploiter
[01Oct2026 10:57:45.417] [main/INFO] [epicfight/]: Data keys [wom:timer, wom:stack] for wom:all_eyes_on_you
[01Oct2026 10:57:45.417] [main/INFO] [epicfight/]: Data keys [wom:timer, wom:stack] for wom:all_eyes_on_me
[01Oct2026 10:57:45.417] [main/INFO] [epicfight/]: Data keys [wom:timer, wom:cooldown] for wom:avatar_of_might
[01Oct2026 10:57:45.417] [main/INFO] [epicfight/]: Data keys [wom:active, wom:stack, wom:attacks] for wom:agony_plunge
[01Oct2026 10:57:45.417] [main/INFO] [epicfight/]: Data keys [wom:holding_rmb, wom:saved_charge, wom:charged_attack, wom:charging_time, wom:charged, wom:movespeed, wom:active, wom:timer, wom:timer_refresh, wom:charging] for wom:torment_passive
[01Oct2026 10:57:45.417] [main/INFO] [epicfight/]: Data keys [wom:active, wom:timer, wom:timer_refresh] for wom:true_berserk
[01Oct2026 10:57:45.417] [main/INFO] [epicfight/]: Data keys [wom:stack] for wom:herrscher_passive
[01Oct2026 10:57:45.417] [main/INFO] [epicfight/]: Data keys [wom:expiation, wom:redemptioon, wom:timer, wom:strenght, wom:verso, wom:timer_refresh, wom:buffing, wom:buffed] for wom:plunder_perdition
[01Oct2026 10:57:45.418] [main/INFO] [epicfight/]: Data keys [wom:sheath] for wom:satsujin_passive
[01Oct2026 10:57:45.418] [main/INFO] [epicfight/]: Data keys [wom:holding_rmb, wom:timedslash, wom:saved_charge, wom:frequency, wom:cooldown, wom:stack, wom:holding_stance, wom:attacks, wom:second_draw, wom:charge, wom:damage, wom:active, wom:timer, wom:timer_refresh, wom:charging] for wom:sakura_state
[01Oct2026 10:57:45.418] [main/INFO] [epicfight/]: Data keys [wom:holding_rmb, wom:nofalldamage, wom:shoot, wom:reload_cooldown, wom:using_item, wom:cooldown, wom:zoom_cooldown, wom:zoom, wom:combo] for wom:ender_blast
[01Oct2026 10:57:45.418] [main/INFO] [epicfight/]: Data keys [wom:holding_rmb, wom:nofalldamage, wom:shoot, wom:reload_cooldown, wom:using_item, wom:cooldown, wom:zoom_cooldown, wom:side, wom:zoom, wom:combo] for wom:ender_fusion
[01Oct2026 10:57:45.418] [main/INFO] [epicfight/]: Data keys [wom:holding_rmb, wom:gesetz_sprengkopf, wom:charging_time, wom:charged, wom:guard_point, wom:cooldown, wom:guard_point_result, wom:holding_stance, wom:combo, wom:parrying] for wom:regierung
[01Oct2026 10:57:45.418] [main/INFO] [epicfight/]: Data keys [wom:echo, wom:lunar_eclipse_stack, wom:timer, wom:crescent, wom:timer_refresh] for wom:lunar_eclipse
[01Oct2026 10:57:45.418] [main/INFO] [epicfight/]: Data keys [wom:idle, wom:verso] for wom:lunar_echo_passive
[01Oct2026 10:57:45.418] [main/INFO] [epicfight/]: Data keys [wom:holding_rmb, wom:witherccatharsis, wom:shoot, wom:blackhole, wom:darkness_portal_vec, wom:darkness_target, wom:darkness_target_hited, wom:blackhole_vec, wom:active, wom:witheraftereffect, wom:serius_focus, wom:serius_focus_cooldown, wom:zoom, wom:blackhole_active, wom:blackhole_timer, wom:darkness_portal_timer, wom:darkness_portal_angle, wom:zoom_cooldown, wom:shoot_cooldown, wom:darkness_target_reaped, wom:darkness_target_vec, wom:ascending, wom:darkness_activate_portal, wom:timer, wom:timer_refresh] for wom:demonic_ascension
[01Oct2026 10:57:45.418] [main/INFO] [epicfight/]: Data keys [wom:basic_attack, wom:idle, wom:lapse, wom:withercurse, wom:blink, wom:catharsis, wom:particle] for wom:demon_mark_passive
[01Oct2026 10:57:45.418] [main/INFO] [epicfight/]: Data keys [wom:holding_rmb, wom:solar_crematorio, wom:timed_attack, wom:solar_obscuridad_ta_timer, wom:solar_infernio, wom:particle, wom:cycle, wom:heat_level, wom:charge, wom:solar_obscuridad, wom:stored_heat_level, wom:timer, wom:timer_refresh, wom:charging, wom:heating_speed] for wom:solar_arcano
[01Oct2026 10:57:45.418] [main/INFO] [epicfight/]: Data keys [wom:solar_crematorio, wom:timed_attack, wom:solar_obscuridad_ta_timer, wom:solar_infernio, wom:particle, wom:cycle, wom:heat_level, wom:charge, wom:solar_obscuridad, wom:stored_heat_level, wom:timer, wom:timer_refresh, wom:charging, wom:heating_speed] for wom:solar_passive
[01Oct2026 10:57:45.418] [main/INFO] [epicfight/]: Data keys [wom:serius_focus, wom:serius_focus_cooldown] for wom:rechargement
[01Oct2026 10:57:45.418] [main/INFO] [epicfight/]: Data keys [wom:cycle, wom:bullet_loaded_old, wom:shell_anim, wom:charge, wom:charged, wom:bullet_loaded, wom:bullet_overloaded, wom:shell_number, wom:shell_delay, wom:active, wom:super_reload] for wom:napoleon_passive
[01Oct2026 10:57:45.418] [main/INFO] [epicfight/]: Data keys [wom:timer, wom:stack] for wom:unbreakable
[01Oct2026 10:57:45.441] [main/INFO] [com.mojang.authlib.yggdrasil.YggdrasilAuthenticationService/]: Environment: authHost='https://authserver.mojang.com', accountsHost='https://api.mojang.com', sessionHost='https://sessionserver.mojang.com', servicesHost='https://api.minecraftservices.com', name='PROD'
[01Oct2026 10:57:46.321] [main/INFO] [epicfight/]: Data keys [invincible:up, invincible:parry_timer, invincible:dodge_success_timer, invincible:down, invincible:right, invincible:left, invincible:cooldown] for invincible:combo_demo
[01Oct2026 10:57:46.321] [main/INFO] [epicfight/]: Data keys [invincible:up, invincible:parry_timer, invincible:dodge_success_timer, invincible:down, invincible:right, invincible:left, invincible:cooldown] for wo_traveloptics:infernal_volcano
[01Oct2026 10:57:46.321] [main/INFO] [epicfight/]: Data keys [invincible:up, invincible:parry_timer, invincible:dodge_success_timer, invincible:down, invincible:right, invincible:left, invincible:cooldown] for wo_traveloptics:sharpshooter
[01Oct2026 10:57:46.321] [main/INFO] [epicfight/]: Data keys [invincible:up, invincible:parry_timer, invincible:dodge_success_timer, invincible:down, invincible:right, invincible:left, invincible:cooldown] for wo_traveloptics:sandstorm_awaken
[01Oct2026 10:57:46.321] [main/INFO] [epicfight/]: Data keys [invincible:up, invincible:parry_timer, invincible:dodge_success_timer, invincible:down, invincible:right, invincible:left, invincible:cooldown] for wo_traveloptics:reaper_of_outer_realm
[01Oct2026 10:57:46.321] [main/INFO] [epicfight/]: Data keys [invincible:up, invincible:parry_timer, invincible:dodge_success_timer, invincible:down, invincible:right, invincible:left, invincible:cooldown] for wo_traveloptics:nightfall
[01Oct2026 10:57:46.321] [main/INFO] [epicfight/]: Data keys [invincible:up, invincible:parry_timer, invincible:dodge_success_timer, invincible:down, invincible:right, invincible:left, invincible:cooldown] for wo_traveloptics:natural_rising
[01Oct2026 10:57:46.321] [main/INFO] [epicfight/]: Data keys [invincible:up, invincible:parry_timer, invincible:dodge_success_timer, invincible:down, invincible:right, invincible:left, invincible:cooldown] for wo_traveloptics:magnetronix
[01Oct2026 10:57:46.321] [main/INFO] [epicfight/]: Data keys [invincible:up, invincible:parry_timer, invincible:dodge_success_timer, invincible:down, invincible:right, invincible:left, invincible:cooldown] for wo_traveloptics:extinction_showdown
[01Oct2026 10:57:46.321] [main/INFO] [epicfight/]: Data keys [invincible:up, invincible:parry_timer, invincible:dodge_success_timer, invincible:down, invincible:right, invincible:left, invincible:cooldown] for wo_traveloptics:electric_sands
[01Oct2026 10:57:46.322] [main/INFO] [epicfight/]: Data keys [invincible:up, invincible:parry_timer, invincible:dodge_success_timer, invincible:down, invincible:right, invincible:left, invincible:cooldown] for wo_traveloptics:core_of_infernal
[01Oct2026 10:57:46.322] [main/INFO] [epicfight/]: Data keys [invincible:up, invincible:parry_timer, invincible:dodge_success_timer, invincible:down, invincible:right, invincible:left, invincible:cooldown] for wo_traveloptics:aqua_the_eternal_lightning
[01Oct2026 10:57:46.322] [main/INFO] [epicfight/]: Data keys [cdmoveset:target_id] for cdmoveset:ex_yamato_step
[01Oct2026 10:57:46.322] [main/INFO] [epicfight/]: Data keys [cdmoveset:timer, cdmoveset:damage, cdmoveset:wolf_passive] for cdmoveset:bloodwolf
[01Oct2026 10:57:46.322] [main/INFO] [epicfight/]: Data keys [cdmoveset:yamato_attack, cdmoveset:damages, cdmoveset:yamato_power3_active, cdmoveset:yamato_attack_active, cdmoveset:counter_success] for cdmoveset:yamatoskill
[01Oct2026 10:57:46.322] [main/INFO] [epicfight/]: Data keys [cdmoveset:rush_combo] for cdmoveset:blade_rush
[01Oct2026 10:57:46.322] [main/INFO] [epicfight/]: Data keys [cdmoveset:yamato_power3_active] for cdmoveset:yamato_passive
[01Oct2026 10:57:46.322] [main/INFO] [epicfight/]: Data keys [cdmoveset:reset_timer, cdmoveset:dodge_played, cdmoveset:count, cdmoveset:direction] for cdmoveset:wolf_dodge
[01Oct2026 10:57:46.322] [main/INFO] [epicfight/]: Data keys [epicfight:combo_counter, epicfight:basic_attack_active] for epicfight:basic_attack
[01Oct2026 10:57:46.322] [main/INFO] [epicfight/]: Data keys [epicfight:penalty_restore_counter, epicfight:penalty] for epicfight:guard
[01Oct2026 10:57:46.322] [main/INFO] [epicfight/]: Data keys [epicfight:last_active, epicfight:parry_motion_counter, epicfight:penalty_restore_counter, epicfight:penalty] for epicfight:parrying
[01Oct2026 10:57:46.322] [main/INFO] [epicfight/]: Data keys [epicfight:penalty, epicfight:penalty_restore_counter] for epicfight:impact_guard
[01Oct2026 10:57:46.322] [main/INFO] [epicfight/]: Data keys [epicfight:stacks, epicfight:resisting_damage_type, epicfight:tick_record] for epicfight:adaptive_skin
[01Oct2026 10:57:46.322] [main/INFO] [epicfight/]: Data keys [epicfight:tick_record] for epicfight:adrenaline_fiend
[01Oct2026 10:57:46.322] [main/INFO] [epicfight/]: Data keys [epicfight:entity_id, epicfight:stacks] for epicfight:bonebreaker
[01Oct2026 10:57:46.322] [main/INFO] [epicfight/]: Data keys [epicfight:entity_id, epicfight:tick_record] for epicfight:vengeance
[01Oct2026 10:57:46.322] [main/INFO] [epicfight/]: Data keys [epicfight:fall_distance, epicfight:slam_protect_next_fall] for epicfight:meteor_slam
[01Oct2026 10:57:46.322] [main/INFO] [epicfight/]: Data keys [epicfight:stacks] for epicfight:revelation
[01Oct2026 10:57:46.322] [main/INFO] [epicfight/]: Data keys [epicfight:slam_protect_next_fall] for epicfight:demolition_leap
[01Oct2026 10:57:46.322] [main/INFO] [epicfight/]: Data keys [epicfight:jump_count, epicfight:jump_key_pressed_last_tick, epicfight:slam_protect_next_fall] for epicfight:phantom_ascent
[01Oct2026 10:57:46.322] [main/INFO] [epicfight/]: Data keys [cdmoveset:rush_end, epicfight:last_hit_count] for epicfight:grasping_spire
[01Oct2026 10:57:46.322] [main/INFO] [epicfight/]: Data keys [epicfight:sheath] for epicfight:battojutsu_passive
[01Oct2026 10:57:46.323] [main/INFO] [epicfight/]: Data keys [epicfight:sheath] for epicfight:battojutsu
[01Oct2026 10:57:46.323] [main/INFO] [epicfight/]: Data keys [epicfight:combo_counter] for epicfight:blade_rush
[01Oct2026 10:57:46.323] [main/INFO] [epicfight/]: Data keys [epicfight:thrown_trident_entity_id] for epicfight:everlasting_allegiance
[01Oct2026 10:57:46.323] [main/INFO] [epicfight/]: Data keys [wom:target_id] for wom:ender_obscuris
[01Oct2026 10:57:46.323] [main/INFO] [epicfight/]: Data keys [wom:dodge, wom:timer, wom:timer_refresh] for wom:dodge_master
[01Oct2026 10:57:46.323] [main/INFO] [epicfight/]: Data keys [wom:dodge, wom:registered_health, wom:active, wom:timer, wom:cooldown, wom:timer_refresh, wom:registered_position] for wom:time_travel
[01Oct2026 10:57:46.323] [main/INFO] [epicfight/]: Data keys [wom:cooldown] for wom:punishment_kick
[01Oct2026 10:57:46.323] [main/INFO] [epicfight/]: Data keys [wom:holding_rmb, wom:last_active, wom:consumprion_value, epicfight:penalty_restore_counter, epicfight:penalty, wom:parrying] for wom:counter_attack
[01Oct2026 10:57:46.323] [main/INFO] [epicfight/]: Data keys [wom:consumprion_value, wom:charge, wom:vengence_duration, wom:timer, wom:cooldown, epicfight:penalty_restore_counter, epicfight:penalty, wom:timer_refresh, wom:holding_stance] for wom:vengeful_parry
[01Oct2026 10:57:46.323] [main/INFO] [epicfight/]: Data keys [wom:holding_rmb, wom:charge, wom:cooldown, epicfight:penalty_restore_counter, epicfight:penalty, wom:parrying] for wom:perfect_bulwark
[01Oct2026 10:57:46.323] [main/INFO] [epicfight/]: Data keys [wom:cycle, wom:charge] for wom:soul_protection
[01Oct2026 10:57:46.323] [main/INFO] [epicfight/]: Data keys [wom:cycle, wom:charge] for wom:shulker_cloak
[01Oct2026 10:57:46.323] [main/INFO] [epicfight/]: Data keys [wom:holding_rmb, wom:active, wom:timer, epicfight:penalty_restore_counter, epicfight:penalty] for wom:buster_parade
[01Oct2026 10:57:46.323] [main/INFO] [epicfight/]: Data keys [wom:active, wom:duree, wom:timer, wom:timer_refresh] for wom:pain_anticipation
[01Oct2026 10:57:46.323] [main/INFO] [epicfight/]: Data keys [wom:active, wom:duree, wom:timer, wom:timer_refresh] for wom:latent_retribution
[01Oct2026 10:57:46.323] [main/INFO] [epicfight/]: Data keys [wom:power, wom:rate] for wom:critical_knowledge
[01Oct2026 10:57:46.323] [main/INFO] [epicfight/]: Data keys [wom:recovery_rate, wom:max_shield, wom:cooldown] for wom:heart_shield
[01Oct2026 10:57:46.323] [main/INFO] [epicfight/]: Data keys [wom:saved_elapsed_time, wom:melody_index, wom:step] for wom:dancing_blade
[01Oct2026 10:57:46.323] [main/INFO] [epicfight/]: Data keys [wom:cycle, wom:stage, wom:active, wom:duree, wom:timer, wom:timer_refresh] for wom:meditation
[01Oct2026 10:57:46.323] [main/INFO] [epicfight/]: Data keys [wom:cooldown] for wom:dopamine
[01Oct2026 10:57:46.323] [main/INFO] [epicfight/]: Data keys [wom:last_active] for wom:manipulator
[01Oct2026 10:57:46.323] [main/INFO] [epicfight/]: Data keys [wom:timer, wom:stack, wom:power, wom:rate] for wom:lethal_focus
[01Oct2026 10:57:46.324] [main/INFO] [epicfight/]: Data keys [wom:wall_glide, wom:wall_running, wom:angle, wom:jump_key_up, wom:timer, wom:timer_refresh] for wom:spider_techniques
[01Oct2026 10:57:46.324] [main/INFO] [epicfight/]: Data keys [wom:diving, wom:crawling, wom:water_dashing, wom:consumprion_value, wom:mermaid_movement, wom:jump_key_up, wom:cooldown] for wom:aqua_maneuvre
[01Oct2026 10:57:46.324] [main/INFO] [epicfight/]: Data keys [wom:consumprion_value, wom:stage, wom:wall_glide, wom:wall_running, wom:active, wom:timer, wom:verso, wom:buffing] for wom:natural_sprinter
[01Oct2026 10:57:46.324] [main/INFO] [epicfight/]: Data keys [wom:timer] for wom:lunatic_vivacity
[01Oct2026 10:57:46.324] [main/INFO] [epicfight/]: Data keys [wom:holding_rmb, wom:registered_health, wom:consumprion_value, wom:timer] for wom:voodoo_magic
[01Oct2026 10:57:46.324] [main/INFO] [epicfight/]: Data keys [wom:target_id, wom:target_distance] for wom:back_and_forth
[01Oct2026 10:57:46.324] [main/INFO] [epicfight/]: Data keys [wom:cooldown, wom:combo] for wom:shooting_style
[01Oct2026 10:57:46.324] [main/INFO] [epicfight/]: Data keys [wom:active, wom:timer] for wom:proximity_exploiter
[01Oct2026 10:57:46.324] [main/INFO] [epicfight/]: Data keys [wom:timer, wom:stack] for wom:all_eyes_on_you
[01Oct2026 10:57:46.324] [main/INFO] [epicfight/]: Data keys [wom:timer, wom:stack] for wom:all_eyes_on_me
[01Oct2026 10:57:46.324] [main/INFO] [epicfight/]: Data keys [wom:timer, wom:cooldown] for wom:avatar_of_might
[01Oct2026 10:57:46.324] [main/INFO] [epicfight/]: Data keys [wom:active, wom:stack, wom:attacks] for wom:agony_plunge
[01Oct2026 10:57:46.324] [main/INFO] [epicfight/]: Data keys [wom:holding_rmb, wom:saved_charge, wom:charged_attack, wom:charging_time, wom:charged, wom:movespeed, wom:active, wom:timer, wom:timer_refresh, wom:charging] for wom:torment_passive
[01Oct2026 10:57:46.324] [main/INFO] [epicfight/]: Data keys [wom:active, wom:timer, wom:timer_refresh] for wom:true_berserk
[01Oct2026 10:57:46.324] [main/INFO] [epicfight/]: Data keys [wom:stack] for wom:herrscher_passive
[01Oct2026 10:57:46.324] [main/INFO] [epicfight/]: Data keys [wom:expiation, wom:redemptioon, wom:timer, wom:strenght, wom:verso, wom:timer_refresh, wom:buffing, wom:buffed] for wom:plunder_perdition
[01Oct2026 10:57:46.324] [main/INFO] [epicfight/]: Data keys [wom:sheath] for wom:satsujin_passive
[01Oct2026 10:57:46.324] [main/INFO] [epicfight/]: Data keys [wom:holding_rmb, wom:timedslash, wom:saved_charge, wom:frequency, wom:cooldown, wom:stack, wom:holding_stance, wom:attacks, wom:second_draw, wom:charge, wom:damage, wom:active, wom:timer, wom:timer_refresh, wom:charging] for wom:sakura_state
[01Oct2026 10:57:46.324] [main/INFO] [epicfight/]: Data keys [wom:holding_rmb, wom:nofalldamage, wom:shoot, wom:reload_cooldown, wom:using_item, wom:cooldown, wom:zoom_cooldown, wom:zoom, wom:combo] for wom:ender_blast
[01Oct2026 10:57:46.324] [main/INFO] [epicfight/]: Data keys [wom:holding_rmb, wom:nofalldamage, wom:shoot, wom:reload_cooldown, wom:using_item, wom:cooldown, wom:zoom_cooldown, wom:side, wom:zoom, wom:combo] for wom:ender_fusion
[01Oct2026 10:57:46.324] [main/INFO] [epicfight/]: Data keys [wom:holding_rmb, wom:gesetz_sprengkopf, wom:charging_time, wom:charged, wom:guard_point, wom:cooldown, wom:guard_point_result, wom:holding_stance, wom:combo, wom:parrying] for wom:regierung
[01Oct2026 10:57:46.324] [main/INFO] [epicfight/]: Data keys [wom:echo, wom:lunar_eclipse_stack, wom:timer, wom:crescent, wom:timer_refresh] for wom:lunar_eclipse
[01Oct2026 10:57:46.324] [main/INFO] [epicfight/]: Data keys [wom:idle, wom:verso] for wom:lunar_echo_passive
[01Oct2026 10:57:46.324] [main/INFO] [epicfight/]: Data keys [wom:holding_rmb, wom:witherccatharsis, wom:shoot, wom:blackhole, wom:darkness_portal_vec, wom:darkness_target, wom:darkness_target_hited, wom:blackhole_vec, wom:active, wom:witheraftereffect, wom:serius_focus, wom:serius_focus_cooldown, wom:zoom, wom:blackhole_active, wom:blackhole_timer, wom:darkness_portal_timer, wom:darkness_portal_angle, wom:zoom_cooldown, wom:shoot_cooldown, wom:darkness_target_reaped, wom:darkness_target_vec, wom:ascending, wom:darkness_activate_portal, wom:timer, wom:timer_refresh] for wom:demonic_ascension
[01Oct2026 10:57:46.324] [main/INFO] [epicfight/]: Data keys [wom:basic_attack, wom:idle, wom:lapse, wom:withercurse, wom:blink, wom:catharsis, wom:particle] for wom:demon_mark_passive
[01Oct2026 10:57:46.324] [main/INFO] [epicfight/]: Data keys [wom:holding_rmb, wom:solar_crematorio, wom:timed_attack, wom:solar_obscuridad_ta_timer, wom:solar_infernio, wom:particle, wom:cycle, wom:heat_level, wom:charge, wom:solar_obscuridad, wom:stored_heat_level, wom:timer, wom:timer_refresh, wom:charging, wom:heating_speed] for wom:solar_arcano
[01Oct2026 10:57:46.324] [main/INFO] [epicfight/]: Data keys [wom:solar_crematorio, wom:timed_attack, wom:solar_obscuridad_ta_timer, wom:solar_infernio, wom:particle, wom:cycle, wom:heat_level, wom:charge, wom:solar_obscuridad, wom:stored_heat_level, wom:timer, wom:timer_refresh, wom:charging, wom:heating_speed] for wom:solar_passive
[01Oct2026 10:57:46.324] [main/INFO] [epicfight/]: Data keys [wom:serius_focus, wom:serius_focus_cooldown] for wom:rechargement
[01Oct2026 10:57:46.325] [main/INFO] [epicfight/]: Data keys [wom:cycle, wom:bullet_loaded_old, wom:shell_anim, wom:charge, wom:charged, wom:bullet_loaded, wom:bullet_overloaded, wom:shell_number, wom:shell_delay, wom:active, wom:super_reload] for wom:napoleon_passive
[01Oct2026 10:57:46.325] [main/INFO] [epicfight/]: Data keys [wom:timer, wom:stack] for wom:unbreakable
[01Oct2026 10:57:46.403] [main/WARN] [net.minecraft.server.packs.VanillaPackResourcesBuilder/]: Assets URL 'union:/opt/minecraft/sa/libraries/net/minecraft/server/1.20.1-20230612.114412/server-1.20.1-20230612.114412-srg.jar%23153!/assets/.mcassetsroot' uses unexpected schema
[01Oct2026 10:57:46.403] [main/WARN] [net.minecraft.server.packs.VanillaPackResourcesBuilder/]: Assets URL 'union:/opt/minecraft/sa/libraries/net/minecraft/server/1.20.1-20230612.114412/server-1.20.1-20230612.114412-srg.jar%23153!/data/.mcassetsroot' uses unexpected schema
[01Oct2026 10:57:47.313] [Worker-Main-2/ERROR] [net.minecraftforge.common.ForgeHooks/]: Couldn't parse element loot_tables:irons_spellbooks:chests/catacombs/crypt_loot
com.google.gson.JsonSyntaxException: Missing name, expected to find a string
	at net.minecraft.util.GsonHelper.m_13906_(GsonHelper.java:127) ~[server-1.20.1-20230612.114412-srg.jar%23153!/:?]
	at net.minecraft.world.level.storage.loot.entries.LootTableReference$Serializer.m_7267_(LootTableReference.java:67) ~[server-1.20.1-20230612.114412-srg.jar%23153!/:?]
	at net.minecraft.world.level.storage.loot.entries.LootTableReference$Serializer.m_7267_(LootTableReference.java:58) ~[server-1.20.1-20230612.114412-srg.jar%23153!/:?]
	at net.minecraft.world.level.storage.loot.entries.LootPoolSingletonContainer$Serializer.m_5921_(LootPoolSingletonContainer.java:151) ~[server-1.20.1-20230612.114412-srg.jar%23153!/:?]
	at net.minecraft.world.level.storage.loot.entries.LootPoolSingletonContainer$Serializer.m_5921_(LootPoolSingletonContainer.java:129) ~[server-1.20.1-20230612.114412-srg.jar%23153!/:?]
	at net.minecraft.world.level.storage.loot.entries.LootPoolEntryContainer$Serializer.m_7561_(LootPoolEntryContainer.java:86) ~[server-1.20.1-20230612.114412-srg.jar%23153!/:?]
	at net.minecraft.world.level.storage.loot.entries.LootPoolEntryContainer$Serializer.m_7561_(LootPoolEntryContainer.java:74) ~[server-1.20.1-20230612.114412-srg.jar%23153!/:?]
	at net.minecraft.world.level.storage.loot.GsonAdapterFactory$JsonAdapter.deserialize(GsonAdapterFactory.java:102) ~[server-1.20.1-20230612.114412-srg.jar%23153!/:?]
	at com.google.gson.internal.bind.TreeTypeAdapter.read(TreeTypeAdapter.java:76) ~[gson-2.10.jar%2372!/:?]
	at com.google.gson.internal.bind.TypeAdapterRuntimeTypeWrapper.read(TypeAdapterRuntimeTypeWrapper.java:40) ~[gson-2.10.jar%2372!/:?]
	at com.google.gson.internal.bind.ArrayTypeAdapter.read(ArrayTypeAdapter.java:72) ~[gson-2.10.jar%2372!/:?]
	at com.google.gson.Gson.fromJson(Gson.java:1214) ~[gson-2.10.jar%2372!/:?]
	at com.google.gson.Gson.fromJson(Gson.java:1319) ~[gson-2.10.jar%2372!/:?]
	at com.google.gson.Gson.fromJson(Gson.java:1290) ~[gson-2.10.jar%2372!/:?]
	at com.google.gson.internal.bind.TreeTypeAdapter$GsonContextImpl.deserialize(TreeTypeAdapter.java:179) ~[gson-2.10.jar%2372!/:?]
	at net.minecraft.util.GsonHelper.m_13808_(GsonHelper.java:463) ~[server-1.20.1-20230612.114412-srg.jar%23153!/:?]
	at net.minecraft.util.GsonHelper.m_13836_(GsonHelper.java:471) ~[server-1.20.1-20230612.114412-srg.jar%23153!/:?]
	at net.minecraft.world.level.storage.loot.LootPool$Serializer.deserialize(LootPool.java:192) ~[server-1.20.1-20230612.114412-srg.jar%23153!/:?]
	at net.minecraft.world.level.storage.loot.LootPool$Serializer.deserialize(LootPool.java:189) ~[server-1.20.1-20230612.114412-srg.jar%23153!/:?]
	at com.google.gson.internal.bind.TreeTypeAdapter.read(TreeTypeAdapter.java:76) ~[gson-2.10.jar%2372!/:?]
	at com.google.gson.internal.bind.TypeAdapterRuntimeTypeWrapper.read(TypeAdapterRuntimeTypeWrapper.java:40) ~[gson-2.10.jar%2372!/:?]
	at com.google.gson.internal.bind.ArrayTypeAdapter.read(ArrayTypeAdapter.java:72) ~[gson-2.10.jar%2372!/:?]
	at com.google.gson.Gson.fromJson(Gson.java:1214) ~[gson-2.10.jar%2372!/:?]
	at com.google.gson.Gson.fromJson(Gson.java:1319) ~[gson-2.10.jar%2372!/:?]
	at com.google.gson.Gson.fromJson(Gson.java:1290) ~[gson-2.10.jar%2372!/:?]
	at com.google.gson.internal.bind.TreeTypeAdapter$GsonContextImpl.deserialize(TreeTypeAdapter.java:179) ~[gson-2.10.jar%2372!/:?]
	at net.minecraft.util.GsonHelper.m_13808_(GsonHelper.java:463) ~[server-1.20.1-20230612.114412-srg.jar%23153!/:?]
	at net.minecraft.util.GsonHelper.m_13845_(GsonHelper.java:481) ~[server-1.20.1-20230612.114412-srg.jar%23153!/:?]
	at net.minecraft.world.level.storage.loot.LootTable$Serializer.deserialize(LootTable.java:294) ~[server-1.20.1-20230612.114412-srg.jar%23153!/:?]
	at net.minecraft.world.level.storage.loot.LootTable$Serializer.deserialize(LootTable.java:291) ~[server-1.20.1-20230612.114412-srg.jar%23153!/:?]
	at com.google.gson.internal.bind.TreeTypeAdapter.read(TreeTypeAdapter.java:76) ~[gson-2.10.jar%2372!/:?]
	at com.google.gson.Gson.fromJson(Gson.java:1214) ~[gson-2.10.jar%2372!/:?]
	at com.google.gson.Gson.fromJson(Gson.java:1319) ~[gson-2.10.jar%2372!/:?]
	at com.google.gson.Gson.fromJson(Gson.java:1261) ~[gson-2.10.jar%2372!/:?]
	at net.minecraftforge.common.ForgeHooks.loadLootTable(ForgeHooks.java:872) ~[forge-1.20.1-47.4.10-universal.jar%23158!/:?]
	at net.minecraftforge.common.ForgeHooks.lambda$getLootTableDeserializer$3(ForgeHooks.java:849) ~[forge-1.20.1-47.4.10-universal.jar%23158!/:?]
	at net.minecraft.world.level.storage.loot.LootDataType.deserialize(LootDataType.java:45) ~[server-1.20.1-20230612.114412-srg.jar%23153!/:?]
	at net.minecraft.world.level.storage.loot.LootDataManager.lambda$scheduleElementParse$4(LootDataManager.java:56) ~[server-1.20.1-20230612.114412-srg.jar%23153!/:?]
	at java.util.HashMap.forEach(HashMap.java:1429) ~[?:?]
	at net.minecraft.world.level.storage.loot.LootDataManager.m_278660_(LootDataManager.java:55) ~[server-1.20.1-20230612.114412-srg.jar%23153!/:?]
	at java.util.concurrent.CompletableFuture$AsyncRun.run(CompletableFuture.java:1804) ~[?:?]
	at java.util.concurrent.CompletableFuture$AsyncRun.exec(CompletableFuture.java:1796) ~[?:?]
	at java.util.concurrent.ForkJoinTask.doExec(ForkJoinTask.java:387) ~[?:?]
	at java.util.concurrent.ForkJoinPool$WorkQueue.topLevelExec(ForkJoinPool.java:1312) ~[?:?]
	at java.util.concurrent.ForkJoinPool.scan(ForkJoinPool.java:1843) ~[?:?]
	at java.util.concurrent.ForkJoinPool.runWorker(ForkJoinPool.java:1808) ~[?:?]
	at java.util.concurrent.ForkJoinWorkerThread.run(ForkJoinWorkerThread.java:188) ~[?:?]
[01Oct2026 10:57:47.532] [Worker-Main-2/ERROR] [net.minecraftforge.common.ForgeHooks/]: Couldn't parse element loot_tables:traveloptics:chests/abyssal_ruins_additions
com.google.gson.JsonSyntaxException: Expected name to be an item, was unknown string 'traveloptics:augment_chaos_epic'
	at net.minecraft.util.GsonHelper.m_13866_(GsonHelper.java:145) ~[server-1.20.1-20230612.114412-srg.jar%23153!/:?]
	at java.util.Optional.orElseThrow(Optional.java:403) ~[?:?]
	at net.minecraft.util.GsonHelper.m_13874_(GsonHelper.java:145) ~[server-1.20.1-20230612.114412-srg.jar%23153!/:?]
	at net.minecraft.util.GsonHelper.m_13909_(GsonHelper.java:153) ~[server-1.20.1-20230612.114412-srg.jar%23153!/:?]
	at net.minecraft.world.level.storage.loot.entries.LootItem$Serializer.m_7267_(LootItem.java:55) ~[server-1.20.1-20230612.114412-srg.jar%23153!/:?]
	at net.minecraft.world.level.storage.loot.entries.LootItem$Serializer.m_7267_(LootItem.java:40) ~[server-1.20.1-20230612.114412-srg.jar%23153!/:?]
	at net.minecraft.world.level.storage.loot.entries.LootPoolSingletonContainer$Serializer.m_5921_(LootPoolSingletonContainer.java:151) ~[server-1.20.1-20230612.114412-srg.jar%23153!/:?]
	at net.minecraft.world.level.storage.loot.entries.LootPoolSingletonContainer$Serializer.m_5921_(LootPoolSingletonContainer.java:129) ~[server-1.20.1-20230612.114412-srg.jar%23153!/:?]
	at net.minecraft.world.level.storage.loot.entries.LootPoolEntryContainer$Serializer.m_7561_(LootPoolEntryContainer.java:86) ~[server-1.20.1-20230612.114412-srg.jar%23153!/:?]
	at net.minecraft.world.level.storage.loot.entries.LootPoolEntryContainer$Serializer.m_7561_(LootPoolEntryContainer.java:74) ~[server-1.20.1-20230612.114412-srg.jar%23153!/:?]
	at net.minecraft.world.level.storage.loot.GsonAdapterFactory$JsonAdapter.deserialize(GsonAdapterFactory.java:102) ~[server-1.20.1-20230612.114412-srg.jar%23153!/:?]
	at com.google.gson.internal.bind.TreeTypeAdapter.read(TreeTypeAdapter.java:76) ~[gson-2.10.jar%2372!/:?]
	at com.google.gson.internal.bind.TypeAdapterRuntimeTypeWrapper.read(TypeAdapterRuntimeTypeWrapper.java:40) ~[gson-2.10.jar%2372!/:?]
	at com.google.gson.internal.bind.ArrayTypeAdapter.read(ArrayTypeAdapter.java:72) ~[gson-2.10.jar%2372!/:?]
	at com.google.gson.Gson.fromJson(Gson.java:1214) ~[gson-2.10.jar%2372!/:?]
	at com.google.gson.Gson.fromJson(Gson.java:1319) ~[gson-2.10.jar%2372!/:?]
	at com.google.gson.Gson.fromJson(Gson.java:1290) ~[gson-2.10.jar%2372!/:?]
	at com.google.gson.internal.bind.TreeTypeAdapter$GsonContextImpl.deserialize(TreeTypeAdapter.java:179) ~[gson-2.10.jar%2372!/:?]
	at net.minecraft.util.GsonHelper.m_13808_(GsonHelper.java:463) ~[server-1.20.1-20230612.114412-srg.jar%23153!/:?]
	at net.minecraft.util.GsonHelper.m_13836_(GsonHelper.java:471) ~[server-1.20.1-20230612.114412-srg.jar%23153!/:?]
	at net.minecraft.world.level.storage.loot.LootPool$Serializer.deserialize(LootPool.java:192) ~[server-1.20.1-20230612.114412-srg.jar%23153!/:?]
	at net.minecraft.world.level.storage.loot.LootPool$Serializer.deserialize(LootPool.java:189) ~[server-1.20.1-20230612.114412-srg.jar%23153!/:?]
	at com.google.gson.internal.bind.TreeTypeAdapter.read(TreeTypeAdapter.java:76) ~[gson-2.10.jar%2372!/:?]
	at com.google.gson.internal.bind.TypeAdapterRuntimeTypeWrapper.read(TypeAdapterRuntimeTypeWrapper.java:40) ~[gson-2.10.jar%2372!/:?]
	at com.google.gson.internal.bind.ArrayTypeAdapter.read(ArrayTypeAdapter.java:72) ~[gson-2.10.jar%2372!/:?]
	at com.google.gson.Gson.fromJson(Gson.java:1214) ~[gson-2.10.jar%2372!/:?]
	at com.google.gson.Gson.fromJson(Gson.java:1319) ~[gson-2.10.jar%2372!/:?]
	at com.google.gson.Gson.fromJson(Gson.java:1290) ~[gson-2.10.jar%2372!/:?]
	at com.google.gson.internal.bind.TreeTypeAdapter$GsonContextImpl.deserialize(TreeTypeAdapter.java:179) ~[gson-2.10.jar%2372!/:?]
	at net.minecraft.util.GsonHelper.m_13808_(GsonHelper.java:463) ~[server-1.20.1-20230612.114412-srg.jar%23153!/:?]
	at net.minecraft.util.GsonHelper.m_13845_(GsonHelper.java:481) ~[server-1.20.1-20230612.114412-srg.jar%23153!/:?]
	at net.minecraft.world.level.storage.loot.LootTable$Serializer.deserialize(LootTable.java:294) ~[server-1.20.1-20230612.114412-srg.jar%23153!/:?]
	at net.minecraft.world.level.storage.loot.LootTable$Serializer.deserialize(LootTable.java:291) ~[server-1.20.1-20230612.114412-srg.jar%23153!/:?]
	at com.google.gson.internal.bind.TreeTypeAdapter.read(TreeTypeAdapter.java:76) ~[gson-2.10.jar%2372!/:?]
	at com.google.gson.Gson.fromJson(Gson.java:1214) ~[gson-2.10.jar%2372!/:?]
	at com.google.gson.Gson.fromJson(Gson.java:1319) ~[gson-2.10.jar%2372!/:?]
	at com.google.gson.Gson.fromJson(Gson.java:1261) ~[gson-2.10.jar%2372!/:?]
	at net.minecraftforge.common.ForgeHooks.loadLootTable(ForgeHooks.java:872) ~[forge-1.20.1-47.4.10-universal.jar%23158!/:?]
	at net.minecraftforge.common.ForgeHooks.lambda$getLootTableDeserializer$3(ForgeHooks.java:849) ~[forge-1.20.1-47.4.10-universal.jar%23158!/:?]
	at net.minecraft.world.level.storage.loot.LootDataType.deserialize(LootDataType.java:45) ~[server-1.20.1-20230612.114412-srg.jar%23153!/:?]
	at net.minecraft.world.level.storage.loot.LootDataManager.lambda$scheduleElementParse$4(LootDataManager.java:56) ~[server-1.20.1-20230612.114412-srg.jar%23153!/:?]
	at java.util.HashMap.forEach(HashMap.java:1429) ~[?:?]
	at net.minecraft.world.level.storage.loot.LootDataManager.m_278660_(LootDataManager.java:55) ~[server-1.20.1-20230612.114412-srg.jar%23153!/:?]
	at java.util.concurrent.CompletableFuture$AsyncRun.run(CompletableFuture.java:1804) ~[?:?]
	at java.util.concurrent.CompletableFuture$AsyncRun.exec(CompletableFuture.java:1796) ~[?:?]
	at java.util.concurrent.ForkJoinTask.doExec(ForkJoinTask.java:387) ~[?:?]
	at java.util.concurrent.ForkJoinPool$WorkQueue.topLevelExec(ForkJoinPool.java:1312) ~[?:?]
	at java.util.concurrent.ForkJoinPool.scan(ForkJoinPool.java:1843) ~[?:?]
	at java.util.concurrent.ForkJoinPool.runWorker(ForkJoinPool.java:1808) ~[?:?]
	at java.util.concurrent.ForkJoinWorkerThread.run(ForkJoinWorkerThread.java:188) ~[?:?]
[01Oct2026 10:57:47.536] [Worker-Main-2/ERROR] [net.minecraftforge.common.ForgeHooks/]: Couldn't parse element loot_tables:irons_spellbooks:chests/citadel/citadel_tomes
com.google.gson.JsonSyntaxException: Unknown type 'minecraft:set_written_book_pages'
	at net.minecraft.world.level.storage.loot.GsonAdapterFactory$JsonAdapter.deserialize(GsonAdapterFactory.java:99) ~[server-1.20.1-20230612.114412-srg.jar%23153!/:?]
	at com.google.gson.internal.bind.TreeTypeAdapter.read(TreeTypeAdapter.java:76) ~[gson-2.10.jar%2372!/:?]
	at com.google.gson.internal.bind.TypeAdapterRuntimeTypeWrapper.read(TypeAdapterRuntimeTypeWrapper.java:40) ~[gson-2.10.jar%2372!/:?]
	at com.google.gson.internal.bind.ArrayTypeAdapter.read(ArrayTypeAdapter.java:72) ~[gson-2.10.jar%2372!/:?]
	at com.google.gson.Gson.fromJson(Gson.java:1214) ~[gson-2.10.jar%2372!/:?]
	at com.google.gson.Gson.fromJson(Gson.java:1319) ~[gson-2.10.jar%2372!/:?]
	at com.google.gson.Gson.fromJson(Gson.java:1290) ~[gson-2.10.jar%2372!/:?]
	at com.google.gson.internal.bind.TreeTypeAdapter$GsonContextImpl.deserialize(TreeTypeAdapter.java:179) ~[gson-2.10.jar%2372!/:?]
	at net.minecraft.util.GsonHelper.m_13808_(GsonHelper.java:463) ~[server-1.20.1-20230612.114412-srg.jar%23153!/:?]
	at net.minecraft.util.GsonHelper.m_13845_(GsonHelper.java:481) ~[server-1.20.1-20230612.114412-srg.jar%23153!/:?]
	at net.minecraft.world.level.storage.loot.entries.LootPoolSingletonContainer$Serializer.m_5921_(LootPoolSingletonContainer.java:149) ~[server-1.20.1-20230612.114412-srg.jar%23153!/:?]
	at net.minecraft.world.level.storage.loot.entries.LootPoolSingletonContainer$Serializer.m_5921_(LootPoolSingletonContainer.java:129) ~[server-1.20.1-20230612.114412-srg.jar%23153!/:?]
	at net.minecraft.world.level.storage.loot.entries.LootPoolEntryContainer$Serializer.m_7561_(LootPoolEntryContainer.java:86) ~[server-1.20.1-20230612.114412-srg.jar%23153!/:?]
	at net.minecraft.world.level.storage.loot.entries.LootPoolEntryContainer$Serializer.m_7561_(LootPoolEntryContainer.java:74) ~[server-1.20.1-20230612.114412-srg.jar%23153!/:?]
	at net.minecraft.world.level.storage.loot.GsonAdapterFactory$JsonAdapter.deserialize(GsonAdapterFactory.java:102) ~[server-1.20.1-20230612.114412-srg.jar%23153!/:?]
	at com.google.gson.internal.bind.TreeTypeAdapter.read(TreeTypeAdapter.java:76) ~[gson-2.10.jar%2372!/:?]
	at com.google.gson.internal.bind.TypeAdapterRuntimeTypeWrapper.read(TypeAdapterRuntimeTypeWrapper.java:40) ~[gson-2.10.jar%2372!/:?]
	at com.google.gson.internal.bind.ArrayTypeAdapter.read(ArrayTypeAdapter.java:72) ~[gson-2.10.jar%2372!/:?]
	at com.google.gson.Gson.fromJson(Gson.java:1214) ~[gson-2.10.jar%2372!/:?]
	at com.google.gson.Gson.fromJson(Gson.java:1319) ~[gson-2.10.jar%2372!/:?]
	at com.google.gson.Gson.fromJson(Gson.java:1290) ~[gson-2.10.jar%2372!/:?]
	at com.google.gson.internal.bind.TreeTypeAdapter$GsonContextImpl.deserialize(TreeTypeAdapter.java:179) ~[gson-2.10.jar%2372!/:?]
	at net.minecraft.util.GsonHelper.m_13808_(GsonHelper.java:463) ~[server-1.20.1-20230612.114412-srg.jar%23153!/:?]
	at net.minecraft.util.GsonHelper.m_13836_(GsonHelper.java:471) ~[server-1.20.1-20230612.114412-srg.jar%23153!/:?]
	at net.minecraft.world.level.storage.loot.LootPool$Serializer.deserialize(LootPool.java:192) ~[server-1.20.1-20230612.114412-srg.jar%23153!/:?]
	at net.minecraft.world.level.storage.loot.LootPool$Serializer.deserialize(LootPool.java:189) ~[server-1.20.1-20230612.114412-srg.jar%23153!/:?]
	at com.google.gson.internal.bind.TreeTypeAdapter.read(TreeTypeAdapter.java:76) ~[gson-2.10.jar%2372!/:?]
	at com.google.gson.internal.bind.TypeAdapterRuntimeTypeWrapper.read(TypeAdapterRuntimeTypeWrapper.java:40) ~[gson-2.10.jar%2372!/:?]
	at com.google.gson.internal.bind.ArrayTypeAdapter.read(ArrayTypeAdapter.java:72) ~[gson-2.10.jar%2372!/:?]
	at com.google.gson.Gson.fromJson(Gson.java:1214) ~[gson-2.10.jar%2372!/:?]
	at com.google.gson.Gson.fromJson(Gson.java:1319) ~[gson-2.10.jar%2372!/:?]
	at com.google.gson.Gson.fromJson(Gson.java:1290) ~[gson-2.10.jar%2372!/:?]
	at com.google.gson.internal.bind.TreeTypeAdapter$GsonContextImpl.deserialize(TreeTypeAdapter.java:179) ~[gson-2.10.jar%2372!/:?]
	at net.minecraft.util.GsonHelper.m_13808_(GsonHelper.java:463) ~[server-1.20.1-20230612.114412-srg.jar%23153!/:?]
	at net.minecraft.util.GsonHelper.m_13845_(GsonHelper.java:481) ~[server-1.20.1-20230612.114412-srg.jar%23153!/:?]
	at net.minecraft.world.level.storage.loot.LootTable$Serializer.deserialize(LootTable.java:294) ~[server-1.20.1-20230612.114412-srg.jar%23153!/:?]
	at net.minecraft.world.level.storage.loot.LootTable$Serializer.deserialize(LootTable.java:291) ~[server-1.20.1-20230612.114412-srg.jar%23153!/:?]
	at com.google.gson.internal.bind.TreeTypeAdapter.read(TreeTypeAdapter.java:76) ~[gson-2.10.jar%2372!/:?]
	at com.google.gson.Gson.fromJson(Gson.java:1214) ~[gson-2.10.jar%2372!/:?]
	at com.google.gson.Gson.fromJson(Gson.java:1319) ~[gson-2.10.jar%2372!/:?]
	at com.google.gson.Gson.fromJson(Gson.java:1261) ~[gson-2.10.jar%2372!/:?]
	at net.minecraftforge.common.ForgeHooks.loadLootTable(ForgeHooks.java:872) ~[forge-1.20.1-47.4.10-universal.jar%23158!/:?]
	at net.minecraftforge.common.ForgeHooks.lambda$getLootTableDeserializer$3(ForgeHooks.java:849) ~[forge-1.20.1-47.4.10-universal.jar%23158!/:?]
	at net.minecraft.world.level.storage.loot.LootDataType.deserialize(LootDataType.java:45) ~[server-1.20.1-20230612.114412-srg.jar%23153!/:?]
	at net.minecraft.world.level.storage.loot.LootDataManager.lambda$scheduleElementParse$4(LootDataManager.java:56) ~[server-1.20.1-20230612.114412-srg.jar%23153!/:?]
	at java.util.HashMap.forEach(HashMap.java:1429) ~[?:?]
	at net.minecraft.world.level.storage.loot.LootDataManager.m_278660_(LootDataManager.java:55) ~[server-1.20.1-20230612.114412-srg.jar%23153!/:?]
	at java.util.concurrent.CompletableFuture$AsyncRun.run(CompletableFuture.java:1804) ~[?:?]
	at java.util.concurrent.CompletableFuture$AsyncRun.exec(CompletableFuture.java:1796) ~[?:?]
	at java.util.concurrent.ForkJoinTask.doExec(ForkJoinTask.java:387) ~[?:?]
	at java.util.concurrent.ForkJoinPool$WorkQueue.topLevelExec(ForkJoinPool.java:1312) ~[?:?]
	at java.util.concurrent.ForkJoinPool.scan(ForkJoinPool.java:1843) ~[?:?]
	at java.util.concurrent.ForkJoinPool.runWorker(ForkJoinPool.java:1808) ~[?:?]
	at java.util.concurrent.ForkJoinWorkerThread.run(ForkJoinWorkerThread.java:188) ~[?:?]
[01Oct2026 10:57:47.629] [main/WARN] [net.minecraft.world.level.storage.loot.LootDataManager/]: Found loot table element validation problem in {loot_tables:irons_spellbooks:chests/citadel/citadel_bookshelf}.pools[8].entries[0]: Unknown loot table called irons_spellbooks:chests/citadel/citadel_tomes
[01Oct2026 10:57:47.709] [main/INFO] [net.minecraft.world.item.crafting.RecipeManager/]: Loaded 15 recipes
[01Oct2026 10:57:47.783] [main/INFO] [net.minecraft.advancements.AdvancementList/]: Loaded 1636 advancements
[01Oct2026 10:57:47.788] [main/INFO] [placebo/]: Registered 0 additional recipes.
[01Oct2026 10:57:50.552] [main/INFO] [top.theillusivec4.curios.Curios/]: Loaded 17 curio slots
[01Oct2026 10:57:50.556] [main/INFO] [top.theillusivec4.curios.Curios/]: Loaded 1 curio entities
[01Oct2026 10:57:50.558] [main/INFO] [saintsdragons/]: Loaded 9 dragon attribute configuration(s)
[01Oct2026 10:57:50.559] [main/INFO] [saintsdragons/]: Loaded 7 dragon variant definition(s)
[01Oct2026 10:57:50.576] [main/INFO] [saintsdragons/]: Loaded Draconic Crucible thermal data
[01Oct2026 10:57:50.582] [main/WARN] [epicfight/]: Skill cdmoveset:fatalslash doesn't exist in the registry.
[01Oct2026 10:57:50.583] [main/WARN] [epicfight/]: Skill cdmoveset:sstep doesn't exist in the registry.
[01Oct2026 10:57:50.592] [main/WARN] [epicfight/]: traveloptics:cursed_blast is not a hit particle type in epicfight:wraithblade_cursed_22
[01Oct2026 10:57:50.594] [main/WARN] [epicfight/]: Item Capability Exception: No item named wo_traveloptics:invincible_combos/extinction_gauntlet_combo
[01Oct2026 10:57:50.594] [main/WARN] [epicfight/]: traveloptics:cursed_blast is not a hit particle type in epicfight:wraithblade_cursed_22
[01Oct2026 10:57:50.594] [main/WARN] [epicfight/]: traveloptics:water_bubble is not a hit particle type in wo_traveloptics:trident_of_the_eternal_maelstrom
[01Oct2026 10:57:50.595] [main/WARN] [epicfight/]: Can't find an animation named wom:biped/skill/ruine_counterattack in wo_traveloptics:mechanized_wraithblade
[01Oct2026 10:57:50.598] [main/WARN] [epicfight/]: alexscaves:tremorzilla_explosion is not a hit particle type in wo_traveloptics:thorns_of_oblivion
[01Oct2026 10:57:50.598] [main/WARN] [epicfight/]: No animation named wom:biped/skill/ruine_block
[01Oct2026 10:57:50.599] [main/WARN] [epicfight/]: alexscaves:tremorzilla_explosion is not a hit particle type in wo_traveloptics:thorns_of_oblivion
[01Oct2026 10:57:50.599] [main/WARN] [epicfight/]: No animation named wom:biped/skill/ruine_block
[01Oct2026 10:57:50.601] [main/WARN] [epicfight/]: Item Capability Exception: No item named wo_traveloptics:invincible_combos/aqua_trident_combo
[01Oct2026 10:57:50.601] [main/WARN] [epicfight/]: Item Capability Exception: No item named wo_traveloptics:invincible_combos/voidstrike_scythe_combo
[01Oct2026 10:57:50.603] [main/WARN] [epicfight/]: traveloptics:cursed_blast is not a hit particle type in epicfight:wraithblade_cursed_22
[01Oct2026 10:57:50.603] [main/WARN] [epicfight/]: Can't find a particle type cataclysm:sandstorm in wo_traveloptics:scourge_of_the_sands
[01Oct2026 10:57:50.605] [main/WARN] [epicfight/]: Item Capability Exception: No item named cdmoveset:t_yamato
[01Oct2026 10:57:50.605] [main/WARN] [epicfight/]: Can't find an animation named wom:biped/skill/ruine_counterattack in wo_traveloptics:mechanized_wraithblade
[01Oct2026 10:57:50.606] [main/WARN] [epicfight/]: alexscaves:magnet_lightning is not a hit particle type in epicfight:harbinger_wrath
[01Oct2026 10:57:50.606] [main/WARN] [epicfight/]: traveloptics:cursed_blast is not a hit particle type in epicfight:wraithblade_cursed_22
[01Oct2026 10:57:50.606] [main/WARN] [epicfight/]: Can't find a particle type cataclysm:sandstorm in wo_traveloptics:scourge_of_the_sands
[01Oct2026 10:57:50.606] [main/WARN] [epicfight/]: Item Capability Exception: No item named wo_traveloptics:invincible_combos/natural_spear_combo
[01Oct2026 10:57:50.607] [main/WARN] [epicfight/]: Can't find a particle type epicfight:entity.hit.blunt in invincible:custom_combo_demo
[01Oct2026 10:57:50.611] [main/WARN] [epicfight/]: alexscaves:tremorzilla_explosion is not a hit particle type in wo_traveloptics:thorns_of_oblivion
[01Oct2026 10:57:50.611] [main/WARN] [epicfight/]: No animation named wom:biped/skill/ruine_block
[01Oct2026 10:57:50.613] [main/WARN] [epicfight/]: Can't find a particle type cataclysm:sandstorm in wo_traveloptics:scourge_of_the_sands
[01Oct2026 10:57:50.613] [main/WARN] [epicfight/]: alexscaves:magnet_lightning is not a hit particle type in epicfight:harbinger_wrath
[01Oct2026 10:57:50.613] [main/WARN] [epicfight/]: traveloptics:water_bubble is not a hit particle type in wo_traveloptics:trident_of_the_eternal_maelstrom
[01Oct2026 10:57:50.613] [main/WARN] [epicfight/]: alexscaves:magnet_lightning is not a hit particle type in epicfight:harbinger_wrath
[01Oct2026 10:57:50.613] [main/WARN] [epicfight/]: alexscaves:tremorzilla_explosion is not a hit particle type in wo_traveloptics:thorns_of_oblivion
[01Oct2026 10:57:50.614] [main/WARN] [epicfight/]: No animation named wom:biped/skill/ruine_block
[01Oct2026 10:57:50.615] [main/WARN] [epicfight/]: traveloptics:water_bubble is not a hit particle type in wo_traveloptics:trident_of_the_eternal_maelstrom
[01Oct2026 10:57:50.615] [main/WARN] [epicfight/]: alexscaves:magnet_lightning is not a hit particle type in epicfight:harbinger_wrath
[01Oct2026 10:57:50.615] [main/WARN] [epicfight/]: Can't find an animation named wom:biped/skill/ruine_counterattack in wo_traveloptics:mechanized_wraithblade
[01Oct2026 10:57:50.616] [main/WARN] [epicfight/]: Can't find an animation named wom:biped/skill/ruine_counterattack in wo_traveloptics:mechanized_wraithblade
[01Oct2026 10:57:50.616] [main/WARN] [epicfight/]: traveloptics:water_bubble is not a hit particle type in wo_traveloptics:trident_of_the_eternal_maelstrom
[01Oct2026 10:57:50.616] [main/WARN] [epicfight/]: Can't find a particle type cataclysm:sandstorm in wo_traveloptics:scourge_of_the_sands
[01Oct2026 10:57:50.639] [main/INFO] [placebo/]: Registered 0 gear_sets.
[01Oct2026 10:57:51.280] [Server thread/INFO] [net.minecraft.server.dedicated.DedicatedServer/]: Starting minecraft server version 1.20.1
[01Oct2026 10:57:51.280] [Server thread/INFO] [net.minecraft.server.dedicated.DedicatedServer/]: Loading properties
[01Oct2026 10:57:51.280] [Server thread/INFO] [net.minecraft.server.dedicated.DedicatedServer/]: Default game type: SURVIVAL
[01Oct2026 10:57:51.280] [Server thread/INFO] [net.minecraft.server.MinecraftServer/]: Generating keypair
[01Oct2026 10:57:51.383] [Server thread/INFO] [net.minecraft.server.dedicated.DedicatedServer/]: Starting Minecraft server on *:8880
[01Oct2026 10:57:51.402] [Server thread/INFO] [net.minecraft.server.network.ServerConnectionListener/]: Using epoll channel type
[01Oct2026 10:57:51.467] [Server thread/WARN] [net.minecraft.server.dedicated.DedicatedServer/]: **** SERVER IS RUNNING IN OFFLINE/INSECURE MODE!
[01Oct2026 10:57:51.468] [Server thread/WARN] [net.minecraft.server.dedicated.DedicatedServer/]: The server will make no attempt to authenticate usernames. Beware.
[01Oct2026 10:57:51.468] [Server thread/WARN] [net.minecraft.server.dedicated.DedicatedServer/]: While this makes the game possible to play without internet access, it also opens up the ability for hackers to connect with any username they choose.
[01Oct2026 10:57:51.468] [Server thread/WARN] [net.minecraft.server.dedicated.DedicatedServer/]: To change this, set "online-mode" to "true" in the server.properties file.
[01Oct2026 10:57:51.508] [Server thread/INFO] [net.minecraft.server.dedicated.DedicatedServer/]: Preparing level "world"
[01Oct2026 10:57:53.532] [Server thread/INFO] [net.minecraft.server.MinecraftServer/]: Preparing start region for dimension minecraft:overworld
[01Oct2026 10:57:56.513] [Worker-Main-3/INFO] [net.minecraft.server.level.progress.LoggerChunkProgressListener/]: Preparing spawn area: 0%
[01Oct2026 10:57:56.532] [Worker-Main-2/INFO] [net.minecraft.server.level.progress.LoggerChunkProgressListener/]: Preparing spawn area: 0%
[01Oct2026 10:57:56.536] [Worker-Main-3/INFO] [net.minecraft.server.level.progress.LoggerChunkProgressListener/]: Preparing spawn area: 0%
[01Oct2026 10:57:56.540] [Worker-Main-2/INFO] [net.minecraft.server.level.progress.LoggerChunkProgressListener/]: Preparing spawn area: 0%
[01Oct2026 10:57:56.544] [Worker-Main-1/INFO] [net.minecraft.server.level.progress.LoggerChunkProgressListener/]: Preparing spawn area: 0%
[01Oct2026 10:57:56.546] [Worker-Main-2/INFO] [net.minecraft.server.level.progress.LoggerChunkProgressListener/]: Preparing spawn area: 0%
[01Oct2026 10:57:56.552] [Worker-Main-3/INFO] [net.minecraft.server.level.progress.LoggerChunkProgressListener/]: Preparing spawn area: 0%
[01Oct2026 10:57:56.720] [Netty Epoll Server IO #1/INFO] [net.minecraftforge.server.ServerLifecycleHooks/SERVERHOOKS]: Disconnecting Player (server is still starting): literal{Server is still starting! Please wait before reconnecting.}
[01Oct2026 10:57:57.033] [Worker-Main-2/INFO] [net.minecraft.server.level.progress.LoggerChunkProgressListener/]: Preparing spawn area: 0%
[01Oct2026 10:57:57.560] [Worker-Main-2/INFO] [net.minecraft.server.level.progress.LoggerChunkProgressListener/]: Preparing spawn area: 92%
[01Oct2026 10:57:57.581] [Server thread/INFO] [net.minecraft.server.level.progress.LoggerChunkProgressListener/]: Time elapsed: 4048 ms
[01Oct2026 10:57:57.581] [Server thread/INFO] [net.minecraft.server.dedicated.DedicatedServer/]: Done (6.104s)! For help, type "help"
[01Oct2026 10:57:57.610] [Server thread/INFO] [net.minecraftforge.server.permission.PermissionAPI/]: Successfully initialized permission handler forge:default_handler
[01Oct2026 10:57:57.616] [Server thread/INFO] [org.ExtraTortik.ricks_stuff.RicksStuff/]: RicksStuff server starting
[01Oct2026 10:57:57.681] [Server thread/INFO] [net.minecraft.server.MinecraftServer/]: Unknown or incomplete command, see below for error
[01Oct2026 10:57:57.682] [Server thread/INFO] [net.minecraft.server.MinecraftServer/]: DD<--[HERE]
[01Oct2026 10:57:58.499] [ForkJoinPool.commonPool-worker-1/INFO] [io.redspace.ironslib.IronsLib/]: Loaded 236
[01Oct2026 10:58:30.319] [Server thread/INFO] [net.minecraft.server.network.ServerLoginPacketListenerImpl/]: com.mojang.authlib.GameProfile@41021603[id=<null>,name=JobjebI,properties={},legacy=false] (/27.130.213.172:61587) lost connection: Timed out
[01Oct2026 11:00:27.916] [Server thread/INFO] [net.minecraft.server.network.ServerLoginPacketListenerImpl/]: com.mojang.authlib.GameProfile@1554d9e0[id=<null>,name=JobjebI,properties={},legacy=false] (/27.130.213.172:27022) lost connection: Timed out
[01Oct2026 11:01:17.232] [Server thread/INFO] [net.minecraft.server.players.PlayerList/]: JobjebI[/27.130.213.172:49927] logged in with entity id 236 at (118.57202253189591, 213.66139999999976, 675.9668119076034)
[01Oct2026 11:01:17.276] [Server thread/INFO] [net.minecraft.server.MinecraftServer/]: JobjebI joined the game
[01Oct2026 11:01:18.121] [Server thread/INFO] [saintsdragons/]: Restoring mounted dragon Cindervane['Cindervane'/237, l='ServerLevel[world]', x=118.57, y=212.01, z=675.97] for player JobjebI
[01Oct2026 11:01:46.708] [Server thread/INFO] [net.minecraft.server.MinecraftServer/]: [JobjebI: Set the time to 1000]
[01Oct2026 11:02:00.877] [Server thread/INFO] [net.minecraft.server.MinecraftServer/]: [JobjebI: Set the weather to clear]
[01Oct2026 11:02:16.129] [Server thread/WARN] [net.minecraft.server.network.ServerGamePacketListenerImpl/]: Cindervane (vehicle of JobjebI) moved too quickly! 2.7744510846692094,2.207670428448921,10.326846915952046
[01Oct2026 11:02:16.130] [Server thread/WARN] [net.minecraft.server.network.ServerGamePacketListenerImpl/]: Cindervane (vehicle of JobjebI) moved too quickly! 3.1825005405193707,2.207670428448921,12.34550814159968
[01Oct2026 11:02:16.189] [Server thread/WARN] [net.minecraft.server.network.ServerGamePacketListenerImpl/]: Cindervane (vehicle of JobjebI) moved wrongly! 5.309814933483608
[01Oct2026 11:02:27.240] [Server thread/INFO] [net.minecraft.server.MinecraftServer/]: [JobjebI: Teleported JobjebI to 99.500000, 195.500000, 715.500000]
[01Oct2026 11:02:35.110] [Server thread/INFO] [net.minecraft.server.MinecraftServer/]: JobjebI fell from a high place
[01Oct2026 11:08:02.086] [Server thread/INFO] [net.minecraft.server.players.PlayerList/]: Jingeiei[/27.130.213.172:55688] logged in with entity id 1890 at (87.30115856449115, 160.0, 714.3000000119209)
[01Oct2026 11:08:02.102] [Server thread/INFO] [net.minecraft.server.MinecraftServer/]: Jingeiei joined the game
[01Oct2026 11:09:45.505] [Server thread/WARN] [net.minecraft.server.network.ServerGamePacketListenerImpl/]: Cindervane (vehicle of Jingeiei) moved wrongly! 1.486039201784493
[01Oct2026 11:09:45.557] [Server thread/WARN] [net.minecraft.server.network.ServerGamePacketListenerImpl/]: Cindervane (vehicle of Jingeiei) moved wrongly! 0.8009751297618379
[01Oct2026 11:09:45.601] [Server thread/WARN] [net.minecraft.server.network.ServerGamePacketListenerImpl/]: Cindervane (vehicle of Jingeiei) moved wrongly! 0.4317255949416392
[01Oct2026 11:11:19.907] [Server thread/WARN] [net.minecraft.server.network.ServerGamePacketListenerImpl/]: Cindervane (vehicle of Jingeiei) moved wrongly! 1.3573256088504309
[01Oct2026 11:11:19.955] [Server thread/WARN] [net.minecraft.server.network.ServerGamePacketListenerImpl/]: Cindervane (vehicle of Jingeiei) moved wrongly! 1.3252446036842116
[01Oct2026 11:11:19.999] [Server thread/WARN] [net.minecraft.server.network.ServerGamePacketListenerImpl/]: Cindervane (vehicle of Jingeiei) moved wrongly! 0.6040959284876521
[01Oct2026 11:11:20.055] [Server thread/WARN] [net.minecraft.server.network.ServerGamePacketListenerImpl/]: Cindervane (vehicle of Jingeiei) moved wrongly! 1.1916274669306404
[01Oct2026 11:11:20.099] [Server thread/WARN] [net.minecraft.server.network.ServerGamePacketListenerImpl/]: Cindervane (vehicle of Jingeiei) moved wrongly! 1.092010473131836
[01Oct2026 11:11:54.082] [Server thread/INFO] [net.minecraft.server.MinecraftServer/]: Jingeiei has made the advancement [Ghost Riders In The Sky]
[01Oct2026 11:11:54.224] [Server thread/INFO] [net.minecraft.server.MinecraftServer/]: JobjebI has made the advancement [Ghost Riders In The Sky]
[01Oct2026 11:11:56.379] [Worker-Main-14/INFO] [citadel/]: merged 6 surface rules with vanilla rule SequenceRuleSource
[01Oct2026 11:12:58.329] [Server thread/INFO] [net.minecraft.server.MinecraftServer/]: JobjebI was burnt to a crisp whilst fighting Wither Skeleton
[01Oct2026 11:13:02.594] [Server thread/INFO] [net.minecraft.server.MinecraftServer/]: [JobjebI: Teleported JobjebI to 19.500000, 226.500000, 1117.500000]
[01Oct2026 11:13:08.679] [Server thread/INFO] [net.minecraft.server.MinecraftServer/]: Jingeiei was slain by Hoglin
[01Oct2026 11:13:14.541] [Server thread/INFO] [net.minecraft.server.MinecraftServer/]: JobjebI was doomed to fall
[01Oct2026 11:13:17.829] [Server thread/INFO] [net.minecraft.server.MinecraftServer/]: [JobjebI: Teleported JobjebI to 28.500000, 217.500000, 1121.500000]
[01Oct2026 11:13:27.311] [Server thread/INFO] [net.minecraft.server.MinecraftServer/]: [Jingeiei: Teleported Jingeiei to 0.500000, 234.500000, 1117.500000]
[01Oct2026 11:13:50.460] [Server thread/INFO] [net.minecraft.server.MinecraftServer/]: Jingeiei has made the advancement [Cover Me with Diamonds]
[01Oct2026 11:13:55.825] [Server thread/INFO] [net.minecraft.server.MinecraftServer/]: JobjebI withered away
[01Oct2026 11:13:58.740] [Server thread/INFO] [net.minecraft.server.MinecraftServer/]: [JobjebI: Teleported JobjebI to -6.500000, 218.500000, 1116.500000]
[01Oct2026 11:14:26.527] [Server thread/INFO] [net.minecraft.server.MinecraftServer/]: JobjebI was slain by Wither Skeleton
[01Oct2026 11:14:51.807] [Server thread/WARN] [net.minecraft.server.network.ServerGamePacketListenerImpl/]: Cindervane (vehicle of Jingeiei) moved wrongly! 0.5483631760484968
[01Oct2026 11:14:51.855] [Server thread/WARN] [net.minecraft.server.network.ServerGamePacketListenerImpl/]: Cindervane (vehicle of Jingeiei) moved wrongly! 0.5595497925376094
[01Oct2026 11:14:51.903] [Server thread/WARN] [net.minecraft.server.network.ServerGamePacketListenerImpl/]: Cindervane (vehicle of Jingeiei) moved wrongly! 0.570474535246376
[01Oct2026 11:14:52.015] [Server thread/WARN] [net.minecraft.server.network.ServerGamePacketListenerImpl/]: Cindervane (vehicle of Jingeiei) moved wrongly! 0.34256396823544577
[01Oct2026 11:14:52.103] [Server thread/WARN] [net.minecraft.server.network.ServerGamePacketListenerImpl/]: Cindervane (vehicle of Jingeiei) moved wrongly! 0.37251535355222387
[01Oct2026 11:15:44.556] [Server thread/WARN] [net.minecraft.server.network.ServerGamePacketListenerImpl/]: Cindervane (vehicle of Jingeiei) moved wrongly! 0.5
[01Oct2026 11:15:44.604] [Server thread/WARN] [net.minecraft.server.network.ServerGamePacketListenerImpl/]: Cindervane (vehicle of Jingeiei) moved wrongly! 0.5
[01Oct2026 11:15:44.660] [Server thread/WARN] [net.minecraft.server.network.ServerGamePacketListenerImpl/]: Cindervane (vehicle of Jingeiei) moved wrongly! 0.5
[01Oct2026 11:15:44.708] [Server thread/WARN] [net.minecraft.server.network.ServerGamePacketListenerImpl/]: Cindervane (vehicle of Jingeiei) moved wrongly! 0.38835002220866954
[01Oct2026 11:15:48.454] [Server thread/WARN] [net.minecraft.server.network.ServerGamePacketListenerImpl/]: Cindervane (vehicle of Jingeiei) moved wrongly! 0.48530305142128327
[01Oct2026 11:15:48.573] [Server thread/WARN] [net.minecraft.server.network.ServerGamePacketListenerImpl/]: Cindervane (vehicle of Jingeiei) moved wrongly! 1.270677875035176
[01Oct2026 11:16:21.777] [Server thread/INFO] [net.minecraft.server.MinecraftServer/]: [JobjebI: Teleported JobjebI to 8.500000, 217.500000, 1119.500000]
[01Oct2026 11:18:23.974] [Server thread/INFO] [net.minecraft.server.MinecraftServer/]: JobjebI was slain by Skeleton
[01Oct2026 11:18:36.878] [Server thread/WARN] [net.minecraft.server.network.ServerGamePacketListenerImpl/]: Cindervane (vehicle of Jingeiei) moved too quickly! -4.217289468921116,5.019529399346595,-8.962861995330968
[01Oct2026 11:18:36.913] [Server thread/WARN] [net.minecraft.server.network.ServerGamePacketListenerImpl/]: Cindervane (vehicle of Jingeiei) moved too quickly! -5.736238119427732,6.670265516205006,-11.907781872853434
[01Oct2026 11:18:37.031] [Server thread/WARN] [net.minecraft.server.network.ServerGamePacketListenerImpl/]: Cindervane (vehicle of Jingeiei) moved too quickly! -4.519843468280897,4.512639504379649,-8.781520151662448
[01Oct2026 11:18:37.031] [Server thread/WARN] [net.minecraft.server.network.ServerGamePacketListenerImpl/]: Cindervane (vehicle of Jingeiei) moved too quickly! -6.061417618749857,5.712639504379638,-11.586705042926837
[01Oct2026 11:18:54.063] [Server thread/WARN] [net.minecraft.server.network.ServerGamePacketListenerImpl/]: Cindervane (vehicle of Jingeiei) moved too quickly! -9.978664736187568,-4.531021896447385,-2.6751346769024167
[01Oct2026 11:19:58.210] [Server thread/INFO] [net.minecraft.server.MinecraftServer/]: [JobjebI: Teleported JobjebI to Jingeiei]
[01Oct2026 11:20:12.829] [Server thread/WARN] [net.minecraft.server.network.ServerGamePacketListenerImpl/]: Cindervane (vehicle of Jingeiei) moved wrongly! 1.0
[01Oct2026 11:20:12.864] [Server thread/WARN] [net.minecraft.server.network.ServerGamePacketListenerImpl/]: Cindervane (vehicle of Jingeiei) moved wrongly! 1.4637432491035725
[01Oct2026 11:20:12.908] [Server thread/WARN] [net.minecraft.server.network.ServerGamePacketListenerImpl/]: Cindervane (vehicle of Jingeiei) moved wrongly! 0.7889576112668237
[01Oct2026 11:20:12.964] [Server thread/WARN] [net.minecraft.server.network.ServerGamePacketListenerImpl/]: Cindervane (vehicle of Jingeiei) moved wrongly! 0.42524815247270453
[01Oct2026 11:20:20.159] [Server thread/WARN] [net.minecraft.server.network.ServerGamePacketListenerImpl/]: Cindervane (vehicle of Jingeiei) moved wrongly! 0.4995805607456987
[01Oct2026 11:20:20.175] [Server thread/WARN] [net.minecraft.server.network.ServerGamePacketListenerImpl/]: Cindervane (vehicle of Jingeiei) moved wrongly! 1.0612750375546511
[01Oct2026 11:20:20.226] [Server thread/WARN] [net.minecraft.server.network.ServerGamePacketListenerImpl/]: Cindervane (vehicle of Jingeiei) moved wrongly! 0.6014113838907633
[01Oct2026 11:20:20.263] [Server thread/WARN] [net.minecraft.server.network.ServerGamePacketListenerImpl/]: Cindervane (vehicle of Jingeiei) moved wrongly! 1.228277530478863
[01Oct2026 11:20:20.310] [Server thread/WARN] [net.minecraft.server.network.ServerGamePacketListenerImpl/]: Cindervane (vehicle of Jingeiei) moved wrongly! 0.6432233444670601
[01Oct2026 11:20:20.378] [Server thread/WARN] [net.minecraft.server.network.ServerGamePacketListenerImpl/]: Cindervane (vehicle of Jingeiei) moved wrongly! 0.3466973826677986
[01Oct2026 11:24:37.397] [Server thread/INFO] [net.minecraft.server.MinecraftServer/]: Jingeiei has made the advancement [You Are A Pirate]
[01Oct2026 11:25:10.335] [Server thread/WARN] [net.minecraft.server.network.ServerGamePacketListenerImpl/]: Cindervane (vehicle of Jingeiei) moved wrongly! 0.562720765221556
[01Oct2026 11:25:10.360] [Server thread/WARN] [net.minecraft.server.network.ServerGamePacketListenerImpl/]: Cindervane (vehicle of Jingeiei) moved wrongly! 1.1748579607727199
[01Oct2026 11:25:10.386] [Server thread/INFO] [net.minecraft.server.MinecraftServer/]: Jingeiei has made the advancement [The Lighthouse]
[01Oct2026 11:25:10.412] [Server thread/WARN] [net.minecraft.server.network.ServerGamePacketListenerImpl/]: Cindervane (vehicle of Jingeiei) moved wrongly! 0.5658115544380706
[01Oct2026 11:25:10.483] [Server thread/WARN] [net.minecraft.server.network.ServerGamePacketListenerImpl/]: Cindervane (vehicle of Jingeiei) moved wrongly! 0.5642533068541269
[01Oct2026 11:25:10.508] [Server thread/WARN] [net.minecraft.server.network.ServerGamePacketListenerImpl/]: Cindervane (vehicle of Jingeiei) moved wrongly! 1.2002802164916178
[01Oct2026 11:25:10.634] [Server thread/WARN] [net.minecraft.server.network.ServerGamePacketListenerImpl/]: Cindervane (vehicle of Jingeiei) moved wrongly! 0.5608899572921899
[01Oct2026 11:25:10.635] [Server thread/WARN] [net.minecraft.server.network.ServerGamePacketListenerImpl/]: Cindervane (vehicle of Jingeiei) moved wrongly! 1.2034766786334765
[01Oct2026 11:25:10.686] [Server thread/WARN] [net.minecraft.server.network.ServerGamePacketListenerImpl/]: Cindervane (vehicle of Jingeiei) moved wrongly! 0.5582997310574029
[01Oct2026 11:25:10.737] [Server thread/WARN] [net.minecraft.server.network.ServerGamePacketListenerImpl/]: Cindervane (vehicle of Jingeiei) moved wrongly! 0.5542494856857729
[01Oct2026 11:25:10.797] [Server thread/WARN] [net.minecraft.server.network.ServerGamePacketListenerImpl/]: Cindervane (vehicle of Jingeiei) moved wrongly! 0.5466476128534481
[01Oct2026 11:25:10.836] [Server thread/WARN] [net.minecraft.server.network.ServerGamePacketListenerImpl/]: Cindervane (vehicle of Jingeiei) moved wrongly! 0.381121262632405
[01Oct2026 11:26:24.602] [Server thread/WARN] [net.minecraft.server.network.ServerGamePacketListenerImpl/]: Cindervane (vehicle of Jingeiei) moved too quickly! -10.275209579274588,-1.5695728294308537,-4.3433868911279205
[01Oct2026 11:27:08.089] [Server thread/WARN] [net.minecraft.server.network.ServerGamePacketListenerImpl/]: Cindervane (vehicle of Jingeiei) moved too quickly! -3.855107348286026,-1.043721263869159,-9.544519908851044
[01Oct2026 11:27:08.090] [Server thread/WARN] [net.minecraft.server.network.ServerGamePacketListenerImpl/]: Cindervane (vehicle of Jingeiei) moved too quickly! -4.613520256762342,-1.5852423346753994,-11.035699276603737
[01Oct2026 11:27:08.090] [Server thread/WARN] [net.minecraft.server.network.ServerGamePacketListenerImpl/]: Cindervane (vehicle of Jingeiei) moved too quickly! -5.391640372034999,-2.1534671245300103,-12.513269451791416
[01Oct2026 11:27:08.090] [Server thread/WARN] [net.minecraft.server.network.ServerGamePacketListenerImpl/]: Cindervane (vehicle of Jingeiei) moved too quickly! -6.184896592403675,-2.7387021834184537,-13.980718410403483
[01Oct2026 11:27:08.095] [Server thread/WARN] [net.minecraft.server.network.ServerGamePacketListenerImpl/]: Cindervane (vehicle of Jingeiei) moved too quickly! -6.989598067396912,-3.33477278368143,-15.440696132969492
[01Oct2026 11:27:08.115] [Server thread/WARN] [net.minecraft.server.network.ServerGamePacketListenerImpl/]: Cindervane (vehicle of Jingeiei) moved too quickly! -7.802850650803521,-3.937745623799998,-16.895194134672238
[01Oct2026 11:27:24.340] [Server thread/WARN] [net.minecraft.server.network.ServerGamePacketListenerImpl/]: Cindervane (vehicle of Jingeiei) moved too quickly! -7.38681187082598,-8.32104896464233,-3.1096681955241365
[01Oct2026 11:27:24.344] [Server thread/WARN] [net.minecraft.server.network.ServerGamePacketListenerImpl/]: Cindervane (vehicle of Jingeiei) moved too quickly! -8.483859940908033,-9.760619065741821,-3.3069159474138132
[01Oct2026 11:27:24.348] [Server thread/WARN] [net.minecraft.server.network.ServerGamePacketListenerImpl/]: Cindervane (vehicle of Jingeiei) moved too quickly! -9.602050353806789,-11.232428542744202,-3.464692032713515
[01Oct2026 11:27:51.195] [Server thread/INFO] [net.minecraft.server.MinecraftServer/]: [JobjebI: Created team [party1]]
[01Oct2026 11:28:17.692] [Server thread/INFO] [net.minecraft.server.MinecraftServer/]: [JobjebI: Teleported JobjebI to 95.500000, 152.500000, 518.500000]
[01Oct2026 11:28:55.708] [Server thread/INFO] [net.minecraft.server.MinecraftServer/]: [JobjebI: Teleported JobjebI to 261.500000, -51.500000, 1095.500000]
[01Oct2026 11:29:06.336] [Server thread/INFO] [net.minecraft.server.MinecraftServer/]: [JobjebI: Applied effect Night Vision to 2 targets]
[01Oct2026 11:30:16.595] [Server thread/INFO] [net.minecraft.server.MinecraftServer/]: [JobjebI: Teleported JobjebI to 275.500000, -52.500000, 1242.500000]
[01Oct2026 11:30:33.300] [Server thread/INFO] [net.minecraft.server.MinecraftServer/]: [JobjebI: Teleported JobjebI to 286.500000, -50.500000, 1049.500000]
[01Oct2026 11:31:42.743] [Server thread/INFO] [net.minecraft.server.MinecraftServer/]: [JobjebI: Teleported JobjebI to 202.500000, -10.500000, 1076.500000]
[01Oct2026 11:35:42.594] [Server thread/INFO] [net.minecraft.server.MinecraftServer/]: JobjebI fell from a high place
[01Oct2026 11:36:04.677] [Server thread/INFO] [net.minecraft.server.MinecraftServer/]: Unknown or incomplete command, see below for error
[01Oct2026 11:36:04.694] [Server thread/INFO] [net.minecraft.server.MinecraftServer/]: save-on
save-all flush<--[HERE]
[01Oct2026 11:36:13.026] [Server thread/INFO] [net.minecraft.server.MinecraftServer/]: Saving is already turned on
[01Oct2026 11:36:16.226] [Server thread/INFO] [net.minecraft.server.MinecraftServer/]: Saving the game (this may take a moment!)
[01Oct2026 11:36:16.382] [Server thread/INFO] [net.minecraft.server.MinecraftServer/]: ThreadedAnvilChunkStorage (world): All chunks are saved
[01Oct2026 11:36:16.382] [Server thread/INFO] [net.minecraft.server.MinecraftServer/]: ThreadedAnvilChunkStorage (DIM1): All chunks are saved
[01Oct2026 11:36:16.382] [Server thread/INFO] [net.minecraft.server.MinecraftServer/]: ThreadedAnvilChunkStorage (pocket_dimension): All chunks are saved
[01Oct2026 11:36:16.382] [Server thread/INFO] [net.minecraft.server.MinecraftServer/]: ThreadedAnvilChunkStorage (DIM-1): All chunks are saved
[01Oct2026 11:36:16.383] [Server thread/INFO] [net.minecraft.server.MinecraftServer/]: ThreadedAnvilChunkStorage: All dimensions are saved
[01Oct2026 11:36:16.383] [Server thread/INFO] [net.minecraft.server.MinecraftServer/]: Saved the game
[01Oct2026 11:39:15.126] [Server thread/INFO] [net.minecraft.server.MinecraftServer/]: JobjebI has made the advancement [A Lingering Presence]
[01Oct2026 11:39:45.175] [Server thread/INFO] [net.minecraft.server.MinecraftServer/]: Jingeiei has made the advancement [A Lingering Presence]
[01Oct2026 11:40:13.422] [Worker-Main-14/ERROR] [net.minecraft.world.entity.decoration.HangingEntity/]: Hanging entity at invalid position: BlockPos{x=-10, y=-56, z=36}
[01Oct2026 11:40:13.423] [Worker-Main-14/ERROR] [net.minecraft.world.entity.decoration.HangingEntity/]: Hanging entity at invalid position: BlockPos{x=-8, y=-56, z=35}
[01Oct2026 11:40:13.424] [Worker-Main-14/ERROR] [net.minecraft.world.entity.decoration.HangingEntity/]: Hanging entity at invalid position: BlockPos{x=-6, y=-56, z=35}
[01Oct2026 11:40:13.424] [Worker-Main-14/ERROR] [net.minecraft.world.entity.decoration.HangingEntity/]: Hanging entity at invalid position: BlockPos{x=-10, y=-55, z=38}
[01Oct2026 11:40:13.424] [Worker-Main-14/ERROR] [net.minecraft.world.entity.decoration.HangingEntity/]: Hanging entity at invalid position: BlockPos{x=-8, y=-56, z=39}
[01Oct2026 11:40:13.424] [Worker-Main-14/ERROR] [net.minecraft.world.entity.decoration.HangingEntity/]: Hanging entity at invalid position: BlockPos{x=-13, y=-59, z=41}
[01Oct2026 11:40:37.129] [Server thread/WARN] [net.minecraft.server.network.ServerGamePacketListenerImpl/]: Cindervane (vehicle of Jingeiei) moved wrongly! 0.5984803208559697
[01Oct2026 11:40:48.835] [Server thread/WARN] [net.minecraft.server.network.ServerGamePacketListenerImpl/]: Cindervane (vehicle of Jingeiei) moved wrongly! 1.1956247187002007
[01Oct2026 11:40:48.883] [Server thread/WARN] [net.minecraft.server.network.ServerGamePacketListenerImpl/]: Cindervane (vehicle of Jingeiei) moved wrongly! 2.4365389053099324
[01Oct2026 11:40:48.948] [Server thread/WARN] [net.minecraft.server.network.ServerGamePacketListenerImpl/]: Cindervane (vehicle of Jingeiei) moved wrongly! 1.2728657454751313
[01Oct2026 11:40:48.981] [Server thread/WARN] [net.minecraft.server.network.ServerGamePacketListenerImpl/]: Cindervane (vehicle of Jingeiei) moved wrongly! 2.5683907115859586
[01Oct2026 11:40:49.050] [Server thread/WARN] [net.minecraft.server.network.ServerGamePacketListenerImpl/]: Cindervane (vehicle of Jingeiei) moved wrongly! 1.3118963420962917
[01Oct2026 11:40:49.086] [Server thread/WARN] [net.minecraft.server.network.ServerGamePacketListenerImpl/]: Cindervane (vehicle of Jingeiei) moved wrongly! 1.323767057239232
[01Oct2026 11:40:49.185] [Server thread/WARN] [net.minecraft.server.network.ServerGamePacketListenerImpl/]: Cindervane (vehicle of Jingeiei) moved wrongly! 1.332529142031471
[01Oct2026 11:40:49.186] [Server thread/WARN] [net.minecraft.server.network.ServerGamePacketListenerImpl/]: Cindervane (vehicle of Jingeiei) moved wrongly! 2.67224322845645
[01Oct2026 11:40:49.252] [Server thread/WARN] [net.minecraft.server.network.ServerGamePacketListenerImpl/]: Cindervane (vehicle of Jingeiei) moved wrongly! 1.3459479098416465
[01Oct2026 11:40:49.286] [Server thread/WARN] [net.minecraft.server.network.ServerGamePacketListenerImpl/]: Cindervane (vehicle of Jingeiei) moved wrongly! 1.3500855485767584
[01Oct2026 11:40:49.341] [Server thread/WARN] [net.minecraft.server.network.ServerGamePacketListenerImpl/]: Cindervane (vehicle of Jingeiei) moved wrongly! 1.3549622762179523
[01Oct2026 11:40:49.381] [Server thread/WARN] [net.minecraft.server.network.ServerGamePacketListenerImpl/]: Cindervane (vehicle of Jingeiei) moved wrongly! 1.3585436487126799
[01Oct2026 11:40:49.432] [Server thread/WARN] [net.minecraft.server.network.ServerGamePacketListenerImpl/]: Cindervane (vehicle of Jingeiei) moved wrongly! 1.3629526308737159
[01Oct2026 11:40:49.480] [Server thread/WARN] [net.minecraft.server.network.ServerGamePacketListenerImpl/]: Cindervane (vehicle of Jingeiei) moved wrongly! 1.3663666142450923
[01Oct2026 11:40:49.537] [Server thread/WARN] [net.minecraft.server.network.ServerGamePacketListenerImpl/]: Cindervane (vehicle of Jingeiei) moved wrongly! 1.3692249960836722
[01Oct2026 11:40:49.583] [Server thread/WARN] [net.minecraft.server.network.ServerGamePacketListenerImpl/]: Cindervane (vehicle of Jingeiei) moved wrongly! 2.107237268972777
[01Oct2026 11:40:49.709] [Server thread/WARN] [net.minecraft.server.network.ServerGamePacketListenerImpl/]: Cindervane (vehicle of Jingeiei) moved wrongly! 0.39778861508720864
[01Oct2026 11:40:49.709] [Server thread/WARN] [net.minecraft.server.network.ServerGamePacketListenerImpl/]: Cindervane (vehicle of Jingeiei) moved wrongly! 0.6121966786192278
[01Oct2026 11:40:57.826] [Worker-Main-14/WARN] [net.minecraft.world.level.levelgen.structure.pools.JigsawPlacement/]: Empty or non-existent pool: minecraft:
[01Oct2026 11:41:58.574] [Worker-Main-14/WARN] [net.minecraft.world.level.levelgen.structure.pools.JigsawPlacement/]: Empty or non-existent pool: minecraft:
[01Oct2026 11:41:58.577] [Worker-Main-14/WARN] [net.minecraft.world.level.levelgen.structure.pools.JigsawPlacement/]: Empty or non-existent pool: minecraft:
[01Oct2026 11:42:48.703] [Server thread/WARN] [net.minecraft.server.network.ServerGamePacketListenerImpl/]: Cindervane (vehicle of JobjebI) moved wrongly! 0.45219226884478303
[01Oct2026 11:46:44.438] [Server thread/INFO] [net.minecraft.server.MinecraftServer/]: [Jingeiei: Teleported Jingeiei to 1505.500000, 116.500000, 712.500000]
[01Oct2026 11:48:04.606] [Server thread/INFO] [net.minecraft.server.MinecraftServer/]: [JobjebI: Applied effect Night Vision to 2 targets]
[01Oct2026 11:53:15.185] [Server thread/INFO] [net.minecraft.server.MinecraftServer/]: [Jingeiei: Set the time to 1000]
[01Oct2026 11:53:33.930] [Server thread/WARN] [net.minecraft.server.network.ServerGamePacketListenerImpl/]: Cindervane (vehicle of Jingeiei) moved wrongly! 1.0
[01Oct2026 11:53:33.931] [Server thread/WARN] [net.minecraft.server.network.ServerGamePacketListenerImpl/]: Cindervane (vehicle of Jingeiei) moved wrongly! 0.6880959860773146
[01Oct2026 11:53:33.987] [Server thread/WARN] [net.minecraft.server.network.ServerGamePacketListenerImpl/]: Cindervane (vehicle of Jingeiei) moved wrongly! 0.37088373649567075
[01Oct2026 11:53:54.801] [Worker-Main-14/ERROR] [net.minecraft.world.entity.decoration.HangingEntity/]: Hanging entity at invalid position: BlockPos{x=-10, y=-56, z=36}
[01Oct2026 11:53:54.801] [Worker-Main-14/ERROR] [net.minecraft.world.entity.decoration.HangingEntity/]: Hanging entity at invalid position: BlockPos{x=-8, y=-56, z=35}
[01Oct2026 11:53:54.802] [Worker-Main-14/ERROR] [net.minecraft.world.entity.decoration.HangingEntity/]: Hanging entity at invalid position: BlockPos{x=-6, y=-56, z=35}
[01Oct2026 11:53:54.802] [Worker-Main-14/ERROR] [net.minecraft.world.entity.decoration.HangingEntity/]: Hanging entity at invalid position: BlockPos{x=-10, y=-55, z=38}
[01Oct2026 11:53:54.802] [Worker-Main-14/ERROR] [net.minecraft.world.entity.decoration.HangingEntity/]: Hanging entity at invalid position: BlockPos{x=-8, y=-56, z=39}
[01Oct2026 11:53:54.802] [Worker-Main-14/ERROR] [net.minecraft.world.entity.decoration.HangingEntity/]: Hanging entity at invalid position: BlockPos{x=-13, y=-59, z=41}
[01Oct2026 11:54:27.993] [Server thread/INFO] [net.minecraft.server.MinecraftServer/]: Jingeiei has made the advancement [Fishy Business]
[01Oct2026 11:56:18.873] [Worker-Main-13/WARN] [net.minecraft.world.level.levelgen.structure.pools.JigsawPlacement/]: Empty or non-existent pool: minecraft:
[01Oct2026 11:56:38.307] [Server thread/WARN] [net.minecraft.server.network.ServerGamePacketListenerImpl/]: Cindervane (vehicle of JobjebI) moved wrongly! 0.49090908620792106
[01Oct2026 11:56:45.494] [Worker-Main-14/ERROR] [net.minecraft.world.entity.decoration.HangingEntity/]: Hanging entity at invalid position: BlockPos{x=-10, y=-56, z=36}
[01Oct2026 11:56:45.494] [Worker-Main-14/ERROR] [net.minecraft.world.entity.decoration.HangingEntity/]: Hanging entity at invalid position: BlockPos{x=-8, y=-56, z=35}
[01Oct2026 11:56:45.495] [Worker-Main-14/ERROR] [net.minecraft.world.entity.decoration.HangingEntity/]: Hanging entity at invalid position: BlockPos{x=-6, y=-56, z=35}
[01Oct2026 11:56:45.495] [Worker-Main-14/ERROR] [net.minecraft.world.entity.decoration.HangingEntity/]: Hanging entity at invalid position: BlockPos{x=-10, y=-55, z=38}
[01Oct2026 11:56:45.495] [Worker-Main-14/ERROR] [net.minecraft.world.entity.decoration.HangingEntity/]: Hanging entity at invalid position: BlockPos{x=-8, y=-56, z=39}
[01Oct2026 11:56:45.495] [Worker-Main-14/ERROR] [net.minecraft.world.entity.decoration.HangingEntity/]: Hanging entity at invalid position: BlockPos{x=-13, y=-59, z=41}
[01Oct2026 11:57:30.457] [Server thread/WARN] [net.minecraft.server.network.ServerGamePacketListenerImpl/]: Cindervane (vehicle of Jingeiei) moved wrongly! 0.2737031110757471
[01Oct2026 11:57:30.560] [Server thread/WARN] [net.minecraft.server.network.ServerGamePacketListenerImpl/]: Cindervane (vehicle of Jingeiei) moved wrongly! 1.606891047820909
[01Oct2026 11:57:30.564] [Server thread/WARN] [net.minecraft.server.network.ServerGamePacketListenerImpl/]: Cindervane (vehicle of Jingeiei) moved wrongly! 0.3727702971798408
[01Oct2026 11:57:30.598] [Server thread/WARN] [net.minecraft.server.network.ServerGamePacketListenerImpl/]: Cindervane (vehicle of Jingeiei) moved wrongly! 1.7867326996724842
[01Oct2026 11:57:30.648] [Server thread/WARN] [net.minecraft.server.network.ServerGamePacketListenerImpl/]: Cindervane (vehicle of Jingeiei) moved wrongly! 0.4437348578123874
[01Oct2026 11:57:30.714] [Server thread/WARN] [net.minecraft.server.network.ServerGamePacketListenerImpl/]: Cindervane (vehicle of Jingeiei) moved wrongly! 0.47273170990615654
[01Oct2026 11:57:30.992] [Server thread/WARN] [net.minecraft.server.network.ServerGamePacketListenerImpl/]: Cindervane (vehicle of Jingeiei) moved wrongly! 0.5672298308058998
[01Oct2026 11:57:30.993] [Server thread/WARN] [net.minecraft.server.network.ServerGamePacketListenerImpl/]: Cindervane (vehicle of Jingeiei) moved wrongly! 1.413767325095023
[01Oct2026 11:57:30.993] [Server thread/WARN] [net.minecraft.server.network.ServerGamePacketListenerImpl/]: Cindervane (vehicle of Jingeiei) moved wrongly! 1.8700510345167913
[01Oct2026 11:57:30.993] [Server thread/WARN] [net.minecraft.server.network.ServerGamePacketListenerImpl/]: Cindervane (vehicle of Jingeiei) moved wrongly! 2.115987953895228
[01Oct2026 11:57:30.993] [Server thread/WARN] [net.minecraft.server.network.ServerGamePacketListenerImpl/]: Cindervane (vehicle of Jingeiei) moved wrongly! 2.2485479534402657
[01Oct2026 11:57:31.006] [Server thread/WARN] [net.minecraft.server.network.ServerGamePacketListenerImpl/]: Cindervane (vehicle of Jingeiei) moved wrongly! 2.3199977931949434
[01Oct2026 11:57:31.097] [Server thread/WARN] [net.minecraft.server.network.ServerGamePacketListenerImpl/]: Cindervane (vehicle of Jingeiei) moved wrongly! 2.358509256822799
[01Oct2026 11:57:56.096] [Server thread/WARN] [net.minecraft.server.network.ServerGamePacketListenerImpl/]: Cindervane (vehicle of Jingeiei) moved wrongly! 0.30622396566286625
[01Oct2026 11:59:36.160] [Server thread/INFO] [net.minecraft.server.MinecraftServer/]: [Not Secure] <JobjebI> xaero-waypoint:Shared Location:S:-344:90:1379:2:false:0:Internal-overworld-waypoints
[01Oct2026 12:01:11.093] [Server thread/WARN] [net.minecraft.server.network.ServerGamePacketListenerImpl/]: Cindervane (vehicle of Jingeiei) moved too quickly! -7.491696439756282,0.7811659315483723,-8.778754913577359
[01Oct2026 12:01:15.303] [Server thread/WARN] [net.minecraft.server.network.ServerGamePacketListenerImpl/]: Cindervane (vehicle of Jingeiei) moved too quickly! -7.027781947289857,1.2394271527214187,-9.10700666805269
[01Oct2026 12:01:24.749] [Server thread/WARN] [net.minecraft.server.network.ServerGamePacketListenerImpl/]: Cindervane (vehicle of Jingeiei) moved too quickly! -6.726790852877599,-0.12257256866462285,-9.413070590497227
[01Oct2026 12:02:43.372] [Server thread/WARN] [net.minecraft.server.network.ServerGamePacketListenerImpl/]: Cindervane (vehicle of JobjebI) moved too quickly! 3.0896516560901546,0.19265279679710545,10.917607170645056
[01Oct2026 12:02:48.750] [Server thread/WARN] [net.minecraft.server.network.ServerGamePacketListenerImpl/]: Cindervane (vehicle of JobjebI) moved too quickly! -1.5039335231863333,0.27029258669873,11.07873453381194
[01Oct2026 12:02:48.754] [Server thread/WARN] [net.minecraft.server.network.ServerGamePacketListenerImpl/]: Cindervane (vehicle of Jingeiei) moved too quickly! 9.448873702046455,-5.409465238888231,2.948505548027015
[01Oct2026 12:02:48.760] [Server thread/WARN] [net.minecraft.server.network.ServerGamePacketListenerImpl/]: Cindervane (vehicle of JobjebI) moved too quickly! -1.8218561105773006,0.3150879009783836,12.655926266590086
[01Oct2026 12:02:50.187] [Server thread/WARN] [net.minecraft.server.network.ServerGamePacketListenerImpl/]: Cindervane (vehicle of JobjebI) moved too quickly! -8.381916501362412,-0.35855586274526274,7.954828146184923
[01Oct2026 12:02:50.191] [Server thread/WARN] [net.minecraft.server.network.ServerGamePacketListenerImpl/]: Cindervane (vehicle of JobjebI) moved too quickly! -10.040333995917308,-0.4091909143159853,9.567019540906472
[01Oct2026 12:02:58.091] [Server thread/WARN] [net.minecraft.server.network.ServerGamePacketListenerImpl/]: Cindervane (vehicle of JobjebI) moved too quickly! -2.8168718594265556,2.6034369189934665,10.722447427452039
[01Oct2026 12:02:58.092] [Server thread/WARN] [net.minecraft.server.network.ServerGamePacketListenerImpl/]: Cindervane (vehicle of JobjebI) moved too quickly! -2.8904334867215766,3.05585577099923,12.960875562231195
[01Oct2026 12:02:58.092] [Server thread/WARN] [net.minecraft.server.network.ServerGamePacketListenerImpl/]: Cindervane (vehicle of JobjebI) moved too quickly! -2.7981564240196803,3.4201953710400943,15.21164372235728
[01Oct2026 12:02:58.092] [Server thread/WARN] [net.minecraft.server.network.ServerGamePacketListenerImpl/]: Cindervane (vehicle of JobjebI) moved too quickly! -2.5696481588092865,3.649358146123518,17.468051835503957
[01Oct2026 12:02:58.092] [Server thread/WARN] [net.minecraft.server.network.ServerGamePacketListenerImpl/]: Cindervane (vehicle of JobjebI) moved too quickly! -2.2645590800711943,3.7250438427335837,19.727095172981535
[01Oct2026 12:02:58.093] [Server thread/WARN] [net.minecraft.server.network.ServerGamePacketListenerImpl/]: Cindervane (vehicle of JobjebI) moved too quickly! -2.0724738867500037,3.6610954499681867,21.998581004812763
[01Oct2026 12:02:58.121] [Server thread/WARN] [net.minecraft.server.network.ServerGamePacketListenerImpl/]: Cindervane (vehicle of JobjebI) moved too quickly! 0.5935443548494277,1.3898718222060324,15.77384339007233
[01Oct2026 12:02:59.654] [Server thread/WARN] [net.minecraft.server.network.ServerGamePacketListenerImpl/]: Cindervane (vehicle of Jingeiei) moved wrongly! 1.4218354133309812
[01Oct2026 12:02:59.697] [Server thread/WARN] [net.minecraft.server.network.ServerGamePacketListenerImpl/]: Cindervane (vehicle of Jingeiei) moved wrongly! 0.8362994364934622
[01Oct2026 12:02:59.738] [Server thread/WARN] [net.minecraft.server.network.ServerGamePacketListenerImpl/]: Cindervane (vehicle of Jingeiei) moved wrongly! 1.8050118734020029
[01Oct2026 12:03:08.326] [Worker-Main-12/ERROR] [net.minecraft.world.entity.decoration.HangingEntity/]: Hanging entity at invalid position: BlockPos{x=-418, y=-50, z=-208}
[01Oct2026 12:03:08.344] [Worker-Main-12/ERROR] [net.minecraft.world.level.block.entity.SculkShriekerBlockEntity/]: No key selector in MapLike[{event_delay:0,event_distance:0.0f,range:8,source:{pos:[I;-425,-56,-205],type:"minecraft:block"}}]
[01Oct2026 12:03:08.350] [Worker-Main-12/ERROR] [net.minecraft.world.entity.decoration.HangingEntity/]: Hanging entity at invalid position: BlockPos{x=-183, y=-57, z=-201}
[01Oct2026 12:03:08.397] [Worker-Main-12/ERROR] [net.minecraft.world.entity.decoration.HangingEntity/]: Hanging entity at invalid position: BlockPos{x=-183, y=-58, z=-205}
[01Oct2026 12:03:09.855] [Worker-Main-14/ERROR] [net.minecraft.world.entity.decoration.HangingEntity/]: Hanging entity at invalid position: BlockPos{x=-423, y=-50, z=-211}
[01Oct2026 12:03:09.859] [Worker-Main-14/ERROR] [net.minecraft.world.entity.decoration.HangingEntity/]: Hanging entity at invalid position: BlockPos{x=-193, y=-45, z=-211}
[01Oct2026 12:03:09.859] [Worker-Main-14/ERROR] [net.minecraft.world.entity.decoration.HangingEntity/]: Hanging entity at invalid position: BlockPos{x=-183, y=-57, z=-210}
[01Oct2026 12:03:09.860] [Worker-Main-14/ERROR] [net.minecraft.world.entity.decoration.HangingEntity/]: Hanging entity at invalid position: BlockPos{x=-187, y=-49, z=-219}
[01Oct2026 12:03:09.860] [Worker-Main-14/ERROR] [net.minecraft.world.entity.decoration.HangingEntity/]: Hanging entity at invalid position: BlockPos{x=-189, y=-45, z=-211}
[01Oct2026 12:03:09.860] [Worker-Main-14/ERROR] [net.minecraft.world.entity.decoration.HangingEntity/]: Hanging entity at invalid position: BlockPos{x=-191, y=-45, z=-211}
[01Oct2026 12:03:09.918] [Worker-Main-13/ERROR] [net.minecraft.world.entity.decoration.HangingEntity/]: Hanging entity at invalid position: BlockPos{x=-420, y=-50, z=-211}
[01Oct2026 12:03:09.918] [Worker-Main-13/ERROR] [net.minecraft.world.entity.decoration.HangingEntity/]: Hanging entity at invalid position: BlockPos{x=-413, y=-49, z=-217}
[01Oct2026 12:03:42.962] [Worker-Main-14/ERROR] [net.minecraft.world.entity.decoration.HangingEntity/]: Hanging entity at invalid position: BlockPos{x=-178, y=-45, z=-85}
[01Oct2026 12:03:42.963] [Worker-Main-14/ERROR] [net.minecraft.world.entity.decoration.HangingEntity/]: Hanging entity at invalid position: BlockPos{x=-178, y=-41, z=-89}
[01Oct2026 12:03:42.963] [Worker-Main-14/ERROR] [net.minecraft.world.entity.decoration.HangingEntity/]: Hanging entity at invalid position: BlockPos{x=-172, y=-54, z=-92}
[01Oct2026 12:03:42.963] [Worker-Main-14/ERROR] [net.minecraft.world.entity.decoration.HangingEntity/]: Hanging entity at invalid position: BlockPos{x=-172, y=-54, z=-93}
[01Oct2026 12:03:42.963] [Worker-Main-14/ERROR] [net.minecraft.world.entity.decoration.HangingEntity/]: Hanging entity at invalid position: BlockPos{x=-175, y=-41, z=-90}
[01Oct2026 12:03:43.028] [Worker-Main-14/ERROR] [net.minecraft.world.entity.decoration.HangingEntity/]: Hanging entity at invalid position: BlockPos{x=-177, y=-55, z=-77}
[01Oct2026 12:03:43.028] [Worker-Main-14/ERROR] [net.minecraft.world.entity.decoration.HangingEntity/]: Hanging entity at invalid position: BlockPos{x=-181, y=-50, z=-73}
[01Oct2026 12:03:43.028] [Worker-Main-14/ERROR] [net.minecraft.world.entity.decoration.HangingEntity/]: Hanging entity at invalid position: BlockPos{x=-182, y=-45, z=-75}
[01Oct2026 12:03:43.028] [Worker-Main-14/ERROR] [net.minecraft.world.entity.decoration.HangingEntity/]: Hanging entity at invalid position: BlockPos{x=-172, y=-54, z=-70}
[01Oct2026 12:03:45.825] [Worker-Main-13/ERROR] [net.minecraft.world.entity.decoration.HangingEntity/]: Hanging entity at invalid position: BlockPos{x=-195, y=-54, z=-92}
[01Oct2026 12:03:45.825] [Worker-Main-13/ERROR] [net.minecraft.world.entity.decoration.HangingEntity/]: Hanging entity at invalid position: BlockPos{x=-192, y=-54, z=-88}
[01Oct2026 12:03:45.825] [Worker-Main-13/ERROR] [net.minecraft.world.entity.decoration.HangingEntity/]: Hanging entity at invalid position: BlockPos{x=-192, y=-50, z=-85}
[01Oct2026 12:03:45.825] [Worker-Main-13/ERROR] [net.minecraft.world.entity.decoration.HangingEntity/]: Hanging entity at invalid position: BlockPos{x=-183, y=-51, z=-89}
[01Oct2026 12:03:45.825] [Worker-Main-13/ERROR] [net.minecraft.world.entity.decoration.HangingEntity/]: Hanging entity at invalid position: BlockPos{x=-186, y=-50, z=-90}
[01Oct2026 12:03:45.826] [Worker-Main-13/ERROR] [net.minecraft.world.entity.decoration.HangingEntity/]: Hanging entity at invalid position: BlockPos{x=-186, y=-45, z=-87}
[01Oct2026 12:03:45.826] [Worker-Main-13/ERROR] [net.minecraft.world.entity.decoration.HangingEntity/]: Hanging entity at invalid position: BlockPos{x=-189, y=-45, z=-84}
[01Oct2026 12:03:45.874] [Worker-Main-14/ERROR] [net.minecraft.world.entity.decoration.HangingEntity/]: Hanging entity at invalid position: BlockPos{x=-192, y=-54, z=-74}
[01Oct2026 12:03:45.875] [Worker-Main-14/ERROR] [net.minecraft.world.entity.decoration.HangingEntity/]: Hanging entity at invalid position: BlockPos{x=-192, y=-50, z=-77}
[01Oct2026 12:03:45.875] [Worker-Main-14/ERROR] [net.minecraft.world.entity.decoration.HangingEntity/]: Hanging entity at invalid position: BlockPos{x=-187, y=-50, z=-72}
[01Oct2026 12:03:45.875] [Worker-Main-14/ERROR] [net.minecraft.world.entity.decoration.HangingEntity/]: Hanging entity at invalid position: BlockPos{x=-184, y=-45, z=-75}
[01Oct2026 12:04:13.272] [Worker-Main-12/ERROR] [net.minecraft.world.entity.decoration.HangingEntity/]: Hanging entity at invalid position: BlockPos{x=-413, y=-49, z=-217}
[01Oct2026 12:04:13.273] [Worker-Main-12/ERROR] [net.minecraft.world.entity.decoration.HangingEntity/]: Hanging entity at invalid position: BlockPos{x=-418, y=-50, z=-208}
[01Oct2026 12:04:13.366] [Worker-Main-14/ERROR] [net.minecraft.world.entity.decoration.HangingEntity/]: Hanging entity at invalid position: BlockPos{x=-423, y=-50, z=-211}
[01Oct2026 12:04:13.366] [Worker-Main-14/ERROR] [net.minecraft.world.entity.decoration.HangingEntity/]: Hanging entity at invalid position: BlockPos{x=-420, y=-50, z=-211}
[01Oct2026 12:04:13.370] [Worker-Main-14/ERROR] [net.minecraft.world.entity.decoration.HangingEntity/]: Hanging entity at invalid position: BlockPos{x=-187, y=-46, z=-151}
[01Oct2026 12:04:13.371] [Worker-Main-14/ERROR] [net.minecraft.world.entity.decoration.HangingEntity/]: Hanging entity at invalid position: BlockPos{x=-187, y=-46, z=-143}
[01Oct2026 12:04:13.371] [Worker-Main-14/ERROR] [net.minecraft.world.entity.decoration.HangingEntity/]: Hanging entity at invalid position: BlockPos{x=-185, y=-46, z=-142}
[01Oct2026 12:04:13.374] [Worker-Main-14/ERROR] [net.minecraft.world.entity.decoration.HangingEntity/]: Hanging entity at invalid position: BlockPos{x=-291, y=-57, z=-315}
[01Oct2026 12:04:13.374] [Worker-Main-14/ERROR] [net.minecraft.world.entity.decoration.HangingEntity/]: Hanging entity at invalid position: BlockPos{x=-292, y=-57, z=-313}
[01Oct2026 12:04:13.374] [Worker-Main-14/ERROR] [net.minecraft.world.entity.decoration.HangingEntity/]: Hanging entity at invalid position: BlockPos{x=-294, y=-57, z=-313}
[01Oct2026 12:04:13.374] [Worker-Main-14/ERROR] [net.minecraft.world.entity.decoration.HangingEntity/]: Hanging entity at invalid position: BlockPos{x=-296, y=-57, z=-313}
[01Oct2026 12:04:13.374] [Worker-Main-14/ERROR] [net.minecraft.world.entity.decoration.HangingEntity/]: Hanging entity at invalid position: BlockPos{x=-295, y=-57, z=-315}
[01Oct2026 12:04:13.374] [Worker-Main-14/ERROR] [net.minecraft.world.entity.decoration.HangingEntity/]: Hanging entity at invalid position: BlockPos{x=-293, y=-57, z=-315}
[01Oct2026 12:04:13.795] [Worker-Main-14/ERROR] [net.minecraft.world.entity.decoration.HangingEntity/]: Hanging entity at invalid position: BlockPos{x=-176, y=-50, z=-133}
[01Oct2026 12:04:13.796] [Worker-Main-14/ERROR] [net.minecraft.world.entity.decoration.HangingEntity/]: Hanging entity at invalid position: BlockPos{x=-172, y=-50, z=-135}
[01Oct2026 12:04:13.833] [Worker-Main-13/ERROR] [net.minecraft.world.level.block.entity.SculkShriekerBlockEntity/]: No key selector in MapLike[{event_delay:0,event_distance:0.0f,range:8,source:{pos:[I;-425,-56,-205],type:"minecraft:block"}}]
[01Oct2026 12:04:25.903] [Worker-Main-12/WARN] [net.minecraft.world.level.levelgen.structure.pools.JigsawPlacement/]: Empty or non-existent pool: minecraft:
[01Oct2026 12:04:25.903] [Worker-Main-12/WARN] [net.minecraft.world.level.levelgen.structure.pools.JigsawPlacement/]: Empty or non-existent pool: minecraft:
[01Oct2026 12:04:57.413] [Server thread/WARN] [net.minecraft.server.network.ServerGamePacketListenerImpl/]: Cindervane (vehicle of Jingeiei) moved too quickly! 4.370221436924567,0.52266092885624,10.664686152263698
[01Oct2026 12:06:02.147] [Server thread/INFO] [net.minecraft.server.MinecraftServer/]: [Not Secure] <JobjebI> xaero-waypoint:Shared Location:S:-2783:70:-847:6:false:0:Internal-overworld-waypoints
[01Oct2026 12:06:53.715] [Server thread/INFO] [net.minecraft.server.MinecraftServer/]: [Jingeiei: Set the time to 1000]
[01Oct2026 12:09:10.225] [Server thread/INFO] [net.minecraft.server.MinecraftServer/]: JobjebI was slain by Ignivorus
[01Oct2026 12:09:16.040] [Server thread/INFO] [net.minecraft.server.MinecraftServer/]: [JobjebI: Teleported JobjebI to -2805.500000, 72.500000, -836.500000]
[01Oct2026 12:12:01.848] [Worker-Main-14/ERROR] [net.minecraft.world.entity.decoration.HangingEntity/]: Hanging entity at invalid position: BlockPos{x=-318, y=-45, z=-204}
[01Oct2026 12:12:01.849] [Worker-Main-14/ERROR] [net.minecraft.world.entity.decoration.HangingEntity/]: Hanging entity at invalid position: BlockPos{x=-320, y=-45, z=-203}
[01Oct2026 12:12:01.849] [Worker-Main-14/ERROR] [net.minecraft.world.entity.decoration.HangingEntity/]: Hanging entity at invalid position: BlockPos{x=-318, y=-45, z=-202}
[01Oct2026 12:12:03.168] [Worker-Main-12/ERROR] [net.minecraft.world.entity.decoration.HangingEntity/]: Hanging entity at invalid position: BlockPos{x=-10, y=-56, z=36}
[01Oct2026 12:12:03.168] [Worker-Main-12/ERROR] [net.minecraft.world.entity.decoration.HangingEntity/]: Hanging entity at invalid position: BlockPos{x=-8, y=-56, z=35}
[01Oct2026 12:12:03.168] [Worker-Main-12/ERROR] [net.minecraft.world.entity.decoration.HangingEntity/]: Hanging entity at invalid position: BlockPos{x=-6, y=-56, z=35}
[01Oct2026 12:12:03.169] [Worker-Main-12/ERROR] [net.minecraft.world.entity.decoration.HangingEntity/]: Hanging entity at invalid position: BlockPos{x=-10, y=-55, z=38}
[01Oct2026 12:12:03.169] [Worker-Main-12/ERROR] [net.minecraft.world.entity.decoration.HangingEntity/]: Hanging entity at invalid position: BlockPos{x=-8, y=-56, z=39}
[01Oct2026 12:12:03.169] [Worker-Main-12/ERROR] [net.minecraft.world.entity.decoration.HangingEntity/]: Hanging entity at invalid position: BlockPos{x=-13, y=-59, z=41}
[01Oct2026 12:12:09.113] [Worker-Main-12/WARN] [net.minecraft.world.level.levelgen.structure.pools.JigsawPlacement/]: Empty or non-existent pool: minecraft:
[01Oct2026 12:12:09.114] [Worker-Main-12/WARN] [net.minecraft.world.level.levelgen.structure.pools.JigsawPlacement/]: Empty or non-existent pool: minecraft:
[01Oct2026 12:13:07.779] [Worker-Main-13/WARN] [net.minecraft.world.level.levelgen.structure.pools.JigsawPlacement/]: Empty or non-existent pool: dungeons_arise:underworld/foundry/foundry_corridor_gears
[01Oct2026 12:13:07.780] [Worker-Main-13/WARN] [net.minecraft.world.level.levelgen.structure.pools.JigsawPlacement/]: Empty or non-existent pool: dungeons_arise:underworld/foundry/foundry_corridor_gears
[01Oct2026 12:14:20.266] [Worker-Main-14/WARN] [net.minecraft.world.level.levelgen.structure.pools.JigsawPlacement/]: Empty or non-existent pool: minecraft:
[01Oct2026 12:14:20.582] [Server thread/INFO] [net.minecraft.server.MinecraftServer/]: JobjebI has made the advancement [The Lighthouse]
[01Oct2026 12:15:21.539] [Server thread/INFO] [net.minecraft.server.MinecraftServer/]: [Not Secure] <JobjebI> xaero-waypoint:Shared Location:S:-3612:75:841:13:false:0:Internal-overworld-waypoints
[01Oct2026 12:15:53.090] [Server thread/WARN] [net.minecraft.server.network.ServerGamePacketListenerImpl/]: Cindervane (vehicle of JobjebI) moved wrongly! 1.1277676193335537
[01Oct2026 12:15:53.139] [Server thread/WARN] [net.minecraft.server.network.ServerGamePacketListenerImpl/]: Cindervane (vehicle of JobjebI) moved wrongly! 1.1312141334460648
[01Oct2026 12:15:53.190] [Server thread/WARN] [net.minecraft.server.network.ServerGamePacketListenerImpl/]: Cindervane (vehicle of JobjebI) moved wrongly! 0.2568227590340939
[01Oct2026 12:15:53.238] [Server thread/WARN] [net.minecraft.server.network.ServerGamePacketListenerImpl/]: Cindervane (vehicle of JobjebI) moved wrongly! 1.1246314635345698
[01Oct2026 12:15:53.285] [Server thread/WARN] [net.minecraft.server.network.ServerGamePacketListenerImpl/]: Cindervane (vehicle of JobjebI) moved wrongly! 1.12868599406238
[01Oct2026 12:15:53.334] [Server thread/WARN] [net.minecraft.server.network.ServerGamePacketListenerImpl/]: Cindervane (vehicle of JobjebI) moved wrongly! 1.144140827679621
[01Oct2026 12:15:53.389] [Server thread/WARN] [net.minecraft.server.network.ServerGamePacketListenerImpl/]: Cindervane (vehicle of JobjebI) moved wrongly! 1.1846552077154229
[01Oct2026 12:15:53.436] [Server thread/WARN] [net.minecraft.server.network.ServerGamePacketListenerImpl/]: Cindervane (vehicle of JobjebI) moved wrongly! 1.2448326808735146
[01Oct2026 12:15:53.489] [Server thread/WARN] [net.minecraft.server.network.ServerGamePacketListenerImpl/]: Cindervane (vehicle of JobjebI) moved wrongly! 1.3177891531909154
[01Oct2026 12:15:53.535] [Server thread/WARN] [net.minecraft.server.network.ServerGamePacketListenerImpl/]: Cindervane (vehicle of JobjebI) moved wrongly! 1.387124125610626
[01Oct2026 12:15:53.583] [Server thread/WARN] [net.minecraft.server.network.ServerGamePacketListenerImpl/]: Cindervane (vehicle of JobjebI) moved wrongly! 1.416578816566016
[01Oct2026 12:15:53.638] [Server thread/WARN] [net.minecraft.server.network.ServerGamePacketListenerImpl/]: Cindervane (vehicle of JobjebI) moved wrongly! 1.4458116133346266
[01Oct2026 12:15:53.685] [Server thread/WARN] [net.minecraft.server.network.ServerGamePacketListenerImpl/]: Cindervane (vehicle of JobjebI) moved wrongly! 1.4709682802508723
[01Oct2026 12:15:53.737] [Server thread/WARN] [net.minecraft.server.network.ServerGamePacketListenerImpl/]: Cindervane (vehicle of JobjebI) moved wrongly! 1.4911739145832144
[01Oct2026 12:15:53.786] [Server thread/WARN] [net.minecraft.server.network.ServerGamePacketListenerImpl/]: Cindervane (vehicle of JobjebI) moved wrongly! 1.506776930954402
[01Oct2026 12:15:53.834] [Server thread/WARN] [net.minecraft.server.network.ServerGamePacketListenerImpl/]: Cindervane (vehicle of JobjebI) moved wrongly! 1.518532637329372
[01Oct2026 12:15:53.885] [Server thread/WARN] [net.minecraft.server.network.ServerGamePacketListenerImpl/]: Cindervane (vehicle of JobjebI) moved wrongly! 1.5272455006102064
[01Oct2026 12:15:53.936] [Server thread/WARN] [net.minecraft.server.network.ServerGamePacketListenerImpl/]: Cindervane (vehicle of JobjebI) moved wrongly! 1.5398914266202155
[01Oct2026 12:15:53.985] [Server thread/WARN] [net.minecraft.server.network.ServerGamePacketListenerImpl/]: Cindervane (vehicle of JobjebI) moved wrongly! 1.5623007925837555
[01Oct2026 12:15:54.036] [Server thread/WARN] [net.minecraft.server.network.ServerGamePacketListenerImpl/]: Cindervane (vehicle of JobjebI) moved wrongly! 1.5748287738856561
[01Oct2026 12:15:54.090] [Server thread/WARN] [net.minecraft.server.network.ServerGamePacketListenerImpl/]: Cindervane (vehicle of JobjebI) moved wrongly! 1.5664294413745665
[01Oct2026 12:15:54.135] [Server thread/WARN] [net.minecraft.server.network.ServerGamePacketListenerImpl/]: Cindervane (vehicle of JobjebI) moved wrongly! 1.1090644417868134
[01Oct2026 12:15:54.187] [Server thread/WARN] [net.minecraft.server.network.ServerGamePacketListenerImpl/]: Cindervane (vehicle of JobjebI) moved wrongly! 1.5113479159535927
[01Oct2026 12:15:54.235] [Server thread/WARN] [net.minecraft.server.network.ServerGamePacketListenerImpl/]: Cindervane (vehicle of JobjebI) moved wrongly! 1.478596739940258
[01Oct2026 12:15:54.287] [Server thread/WARN] [net.minecraft.server.network.ServerGamePacketListenerImpl/]: Cindervane (vehicle of JobjebI) moved wrongly! 1.4480280645357197
[01Oct2026 12:15:54.333] [Server thread/WARN] [net.minecraft.server.network.ServerGamePacketListenerImpl/]: Cindervane (vehicle of JobjebI) moved wrongly! 1.4214101114521327
[01Oct2026 12:15:54.390] [Server thread/WARN] [net.minecraft.server.network.ServerGamePacketListenerImpl/]: Cindervane (vehicle of JobjebI) moved wrongly! 1.347322016468297
[01Oct2026 12:15:54.444] [Server thread/WARN] [net.minecraft.server.network.ServerGamePacketListenerImpl/]: Cindervane (vehicle of JobjebI) moved wrongly! 2.6429341652660696
[01Oct2026 12:15:54.488] [Server thread/WARN] [net.minecraft.server.network.ServerGamePacketListenerImpl/]: Cindervane (vehicle of JobjebI) moved wrongly! 1.2594761350005683
[01Oct2026 12:15:54.535] [Server thread/WARN] [net.minecraft.server.network.ServerGamePacketListenerImpl/]: Cindervane (vehicle of JobjebI) moved wrongly! 1.2342024427434808
[01Oct2026 12:16:05.501] [Server thread/WARN] [net.minecraft.server.network.ServerGamePacketListenerImpl/]: Cindervane (vehicle of Jingeiei) moved too quickly! -11.505270734303735,-1.1374565979880913,-0.40011426115756876
[01Oct2026 12:16:05.504] [Server thread/WARN] [net.minecraft.server.network.ServerGamePacketListenerImpl/]: Cindervane (vehicle of Jingeiei) moved too quickly! -13.809005240417605,-1.3336114743776761,-0.4920578913188365
[01Oct2026 12:17:24.555] [Worker-Main-13/ERROR] [net.minecraft.world.entity.decoration.HangingEntity/]: Hanging entity at invalid position: BlockPos{x=-318, y=-45, z=-204}
[01Oct2026 12:17:24.555] [Worker-Main-13/ERROR] [net.minecraft.world.entity.decoration.HangingEntity/]: Hanging entity at invalid position: BlockPos{x=-320, y=-45, z=-203}
[01Oct2026 12:17:24.555] [Worker-Main-13/ERROR] [net.minecraft.world.entity.decoration.HangingEntity/]: Hanging entity at invalid position: BlockPos{x=-318, y=-45, z=-202}
[01Oct2026 12:17:32.882] [Worker-Main-14/WARN] [net.minecraft.world.level.levelgen.structure.pools.JigsawPlacement/]: Empty or non-existent pool: minecraft:
[01Oct2026 12:17:33.164] [Worker-Main-14/ERROR] [net.minecraft.world.entity.decoration.HangingEntity/]: Hanging entity at invalid position: BlockPos{x=-10, y=-56, z=36}
[01Oct2026 12:17:33.165] [Worker-Main-14/ERROR] [net.minecraft.world.entity.decoration.HangingEntity/]: Hanging entity at invalid position: BlockPos{x=-8, y=-56, z=35}
[01Oct2026 12:17:33.165] [Worker-Main-14/ERROR] [net.minecraft.world.entity.decoration.HangingEntity/]: Hanging entity at invalid position: BlockPos{x=-6, y=-56, z=35}
[01Oct2026 12:17:33.165] [Worker-Main-14/ERROR] [net.minecraft.world.entity.decoration.HangingEntity/]: Hanging entity at invalid position: BlockPos{x=-10, y=-55, z=38}
[01Oct2026 12:17:33.165] [Worker-Main-14/ERROR] [net.minecraft.world.entity.decoration.HangingEntity/]: Hanging entity at invalid position: BlockPos{x=-8, y=-56, z=39}
[01Oct2026 12:17:33.165] [Worker-Main-14/ERROR] [net.minecraft.world.entity.decoration.HangingEntity/]: Hanging entity at invalid position: BlockPos{x=-13, y=-59, z=41}
[01Oct2026 12:18:00.953] [Server thread/WARN] [net.minecraft.server.network.ServerGamePacketListenerImpl/]: Cindervane (vehicle of Jingeiei) moved too quickly! -11.21266097905891,-0.2789312522820637,-1.2079758534121083
[01Oct2026 12:18:00.954] [Server thread/WARN] [net.minecraft.server.network.ServerGamePacketListenerImpl/]: Cindervane (vehicle of Jingeiei) moved too quickly! -12.81446969034505,-0.3187785740339564,-1.3805438325478008
[01Oct2026 12:18:00.954] [Server thread/WARN] [net.minecraft.server.network.ServerGamePacketListenerImpl/]: Cindervane (vehicle of Jingeiei) moved too quickly! -14.416278401630734,-0.35862589578573534,-1.5531118116871312
[01Oct2026 12:18:01.045] [Server thread/WARN] [net.minecraft.server.network.ServerGamePacketListenerImpl/]: Cindervane (vehicle of Jingeiei) moved too quickly! -11.212660978999338,-0.27893125226231064,-1.2079758539779277
[01Oct2026 12:18:04.195] [Server thread/WARN] [net.minecraft.server.network.ServerGamePacketListenerImpl/]: Cindervane (vehicle of Jingeiei) moved too quickly! -10.683518048384485,-3.104214541252702,-1.5238643899313047
[01Oct2026 12:20:12.639] [Server thread/INFO] [net.minecraft.server.MinecraftServer/]: [JobjebI: Teleported JobjebI to -3505.500000, 119.500000, 691.500000]
[01Oct2026 12:20:16.127] [Server thread/INFO] [net.minecraft.server.MinecraftServer/]: [Jingeiei: Set the time to 1000]
[01Oct2026 12:20:27.094] [Server thread/INFO] [net.minecraft.server.MinecraftServer/]: [JobjebI: Teleported JobjebI to -3376.500000, 65.500000, 779.500000]
[01Oct2026 12:20:44.807] [Server thread/INFO] [net.minecraft.server.MinecraftServer/]: [JobjebI: Teleported JobjebI to -3718.500000, 82.500000, 889.500000]
[01Oct2026 12:20:52.842] [Server thread/INFO] [net.minecraft.server.MinecraftServer/]: [JobjebI: Teleported JobjebI to -3743.500000, 72.500000, 955.500000]
[01Oct2026 12:21:03.901] [Server thread/INFO] [net.minecraft.server.MinecraftServer/]: [JobjebI: Teleported JobjebI to -4028.500000, 96.500000, 875.500000]
[01Oct2026 12:21:09.295] [Worker-Main-14/ERROR] [net.minecraft.world.entity.decoration.HangingEntity/]: Hanging entity at invalid position: BlockPos{x=-10, y=-56, z=36}
[01Oct2026 12:21:09.295] [Worker-Main-14/ERROR] [net.minecraft.world.entity.decoration.HangingEntity/]: Hanging entity at invalid position: BlockPos{x=-8, y=-56, z=35}
[01Oct2026 12:21:09.295] [Worker-Main-14/ERROR] [net.minecraft.world.entity.decoration.HangingEntity/]: Hanging entity at invalid position: BlockPos{x=-6, y=-56, z=35}
[01Oct2026 12:21:09.295] [Worker-Main-14/ERROR] [net.minecraft.world.entity.decoration.HangingEntity/]: Hanging entity at invalid position: BlockPos{x=-10, y=-55, z=38}
[01Oct2026 12:21:09.295] [Worker-Main-14/ERROR] [net.minecraft.world.entity.decoration.HangingEntity/]: Hanging entity at invalid position: BlockPos{x=-8, y=-56, z=39}
[01Oct2026 12:21:09.295] [Worker-Main-14/ERROR] [net.minecraft.world.entity.decoration.HangingEntity/]: Hanging entity at invalid position: BlockPos{x=-13, y=-59, z=41}
[01Oct2026 12:21:26.214] [Server thread/INFO] [net.minecraft.server.MinecraftServer/]: [JobjebI: Teleported JobjebI to -3488.500000, 126.500000, 675.500000]
[01Oct2026 12:21:29.789] [Server thread/INFO] [net.minecraft.server.MinecraftServer/]: [JobjebI: Teleported JobjebI to -3533.500000, 131.500000, 545.500000]
[01Oct2026 12:23:12.818] [Server thread/INFO] [net.minecraft.server.MinecraftServer/]: [JobjebI: Teleported JobjebI to 103.500000, 203.500000, 712.500000]
[01Oct2026 12:23:15.431] [Server thread/INFO] [net.minecraft.server.MinecraftServer/]: [Not Secure] <Jingeiei> xaero-waypoint:home:X:106:175:715:20:false:0:Internal-overworld-waypoints
[01Oct2026 12:23:23.035] [Server thread/INFO] [net.minecraft.server.MinecraftServer/]: JobjebI fell from a high place
[01Oct2026 12:29:32.535] [Server thread/INFO] [net.minecraft.server.network.ServerGamePacketListenerImpl/]: Jingeiei lost connection: Disconnected
[01Oct2026 12:29:32.535] [Server thread/INFO] [net.minecraft.server.MinecraftServer/]: Jingeiei left the game
[01Oct2026 12:36:28.943] [Server thread/INFO] [net.minecraft.server.MinecraftServer/]: [JobjebI: Saved the game]
[01Oct2026 12:36:33.624] [Server thread/INFO] [net.minecraft.server.network.ServerGamePacketListenerImpl/]: JobjebI lost connection: Disconnected
[01Oct2026 12:36:33.625] [Server thread/INFO] [net.minecraft.server.MinecraftServer/]: JobjebI left the game
[01Oct2026 12:36:41.667] [Server thread/INFO] [net.minecraft.server.MinecraftServer/]: Unknown or incomplete command, see below for error
[01Oct2026 12:36:41.681] [Server thread/INFO] [net.minecraft.server.MinecraftServer/]: save on<--[HERE]
[01Oct2026 12:36:46.817] [Server thread/INFO] [net.minecraft.server.MinecraftServer/]: Saving is already turned on
[01Oct2026 12:39:57.866] [Server thread/INFO] [net.minecraft.server.MinecraftServer/]: Stopping the server
[01Oct2026 12:39:57.916] [Server thread/INFO] [net.minecraft.server.MinecraftServer/]: Stopping server
[01Oct2026 12:39:57.917] [Server thread/INFO] [net.minecraft.server.MinecraftServer/]: Saving players
[01Oct2026 12:39:57.917] [Server thread/INFO] [net.minecraft.server.MinecraftServer/]: Saving worlds
[01Oct2026 12:39:57.992] [Server thread/INFO] [net.minecraft.server.MinecraftServer/]: Saving chunks for level 'ServerLevel[world]'/minecraft:overworld
[01Oct2026 12:39:58.327] [Server thread/INFO] [net.minecraft.server.MinecraftServer/]: Saving chunks for level 'ServerLevel[world]'/minecraft:the_end
[01Oct2026 12:39:58.328] [Server thread/INFO] [net.minecraft.server.MinecraftServer/]: Saving chunks for level 'ServerLevel[world]'/irons_spellbooks:pocket_dimension
[01Oct2026 12:39:58.328] [Server thread/INFO] [net.minecraft.server.MinecraftServer/]: Saving chunks for level 'ServerLevel[world]'/minecraft:the_nether
[01Oct2026 12:39:58.346] [Server thread/INFO] [net.minecraft.server.MinecraftServer/]: ThreadedAnvilChunkStorage (world): All chunks are saved
[01Oct2026 12:39:58.346] [Server thread/INFO] [net.minecraft.server.MinecraftServer/]: ThreadedAnvilChunkStorage (DIM1): All chunks are saved
[01Oct2026 12:39:58.346] [Server thread/INFO] [net.minecraft.server.MinecraftServer/]: ThreadedAnvilChunkStorage (pocket_dimension): All chunks are saved
[01Oct2026 12:39:58.346] [Server thread/INFO] [net.minecraft.server.MinecraftServer/]: ThreadedAnvilChunkStorage (DIM-1): All chunks are saved
[01Oct2026 12:39:58.346] [Server thread/INFO] [net.minecraft.server.MinecraftServer/]: ThreadedAnvilChunkStorage: All dimensions are saved
